"Brand","PPG_Item","Category","Market","Retailer","Feature_Spend","Display_Spend"
"A/O Brand","DC C&P ORGANIX 03-4LB","Dry Cat","ROM","Family Dollar",0,0
"A/O Brand","DC C&P PRISTINE 03LB","Dry Cat","ROM","Family Dollar",0,0
"A/O Brand","CW C&P PRISTINE 05.5OZ CAN","Wet Cat","ROM","Family Dollar",0,0
"A/O Brand","DW C&P PRISTINE 03.5OZ","Wet Dog","ROM","Family Dollar",0,0
"A/O Brand","DW C&P PRISTINE 12.7OZ","Wet Dog","ROM","Family Dollar",0,0
"A/O Brand","DD C&P ORGANIX 10LB","Dry Dog","ROM","Family Dollar",0,0
"A/O Brand","DD C&P ORGANIX 04LB","Dry Dog","ROM","Family Dollar",0,0
"A/O Brand","DD C&P ORGANIX 18LB","Dry Dog","ROM","Family Dollar",0,0
"A/O Brand","DD C&P PRISTINE 10LB","Dry Dog","ROM","Family Dollar",0,0
"A/O Brand","DD C&P PRISTINE 04LB","Dry Dog","ROM","Family Dollar",0,0
"A/O Brand","DW C&P ORGANIX 03.5OZ","Wet Dog","ROM","Family Dollar",0,0
"A/O Brand","DW C&P ORGANIX 12.7OZ","Wet Dog","ROM","Family Dollar",0,0
"A/O Brand","DT ZUKE'S PET SUPPLEMENT 05OZ","Dog Treats","ROM","Family Dollar",0,0
"A/O Brand","DT ZUKES LIL LINK MT 06OZ","Dog Treats","ROM","Family Dollar",0,0
"A/O Brand","DT ZUKES PPY NTR MT 05OZ","Dog Treats","ROM","Family Dollar",0,0
"A/O Brand","CW C&P PRISTINE 03OZ CAN","Wet Cat","ROM","Family Dollar",0,0
"A/O Brand","DT ZUKES CRNCHY NTRLS 09-12OZ","Dog Treats","ROM","Family Dollar",0,0
"A/O Brand","DW C&P PRISTINE BONE BROTH 8.4OZ","Wet Dog","ROM","Family Dollar",0,0
"A/O Brand","DT C&P GOOD BUDDY MT 04.5-5OZ","Dog Treats","ROM","Family Dollar",0,0
"A/O Brand","DT ZUKES Z-BONES DR 08-15OZ","Dog Treats","ROM","Family Dollar",0,0
"A/O Brand","CW C&P ORGANIX 03OZ","Wet Cat","ROM","Family Dollar",0,0
"A/O Brand","CW C&P ORGANIX 05.5OZ","Wet Cat","ROM","Family Dollar",0,0
"A/O Brand","DD C&P PRISTINE 18LB","Dry Dog","ROM","Family Dollar",0,0
"A/O Brand","DT C&P GOOD BUDDY CR 16OZ","Dog Treats","ROM","Family Dollar",0,0
"A/O Brand","DT C&P PRISTINE MT 04.5-5OZ","Dog Treats","ROM","Family Dollar",0,0
"A/O Brand","DT C&P ORGANIX CR 12OZ","Dog Treats","ROM","Family Dollar",0,0
"Alpo","DD ALPO 37-41LB","Dry Dog","ROM","Family Dollar",1533.35,2500
"Alpo","DT ALPO VARIETY SNAPS CR 32OZ","Dog Treats","Retailer","Family Dollar",1533.35,2500
"Alpo","DD ALPO 04LB","Dry Dog","Retailer","Family Dollar",1533.35,2500
"Alpo","DD ALPO 17.6LB","Dry Dog","Retailer","Family Dollar",1533.35,2500
"Alpo","DD ALPO 04LB","Dry Dog","ROM","Family Dollar",1533.35,2500
"Alpo","DT ALPO VARIETY SNAPS CR 16OZ","Dog Treats","ROM","Family Dollar",1533.35,2500
"Alpo","DT ALPO DT 08.8OZ","Dog Treats","ROM","Family Dollar",1533.35,2500
"Alpo","DT ALPO VARIETY SNAPS CR 128OZ","Dog Treats","ROM","Family Dollar",1533.35,2500
"Alpo","DD ALPO 28-31LB","Dry Dog","Retailer","Family Dollar",1533.35,2500
"Alpo","DT T BONZ MT 04.5OZ","Dog Treats","ROM","Family Dollar",1533.35,2500
"Alpo","DD ALPO 14LB","Dry Dog","Retailer","Family Dollar",1533.35,2500
"Alpo","DT ALPO DT 01.6OZ","Dog Treats","ROM","Family Dollar",1533.35,2500
"Alpo","DW ALPO 13.2OZ 12CT","Wet Dog","Retailer","Family Dollar",1533.35,2500
"Alpo","DT ALPO VARIETY SNAPS CR 60OZ","Dog Treats","ROM","Family Dollar",1533.35,2500
"Alpo","DT ALPO TWIST-ABLES MT 05.5OZ","Dog Treats","ROM","Family Dollar",1533.35,2500
"Alpo","DW ALPO 13.2OZ 12CT","Wet Dog","ROM","Family Dollar",1533.35,2500
"Alpo","DT T BONZ MT 40OZ","Dog Treats","ROM","Family Dollar",1533.35,2500
"Alpo","DD ALPO 01LB","Dry Dog","ROM","Family Dollar",1533.35,2500
"Alpo","DT T BONZ MT 04.5OZ","Dog Treats","Retailer","Family Dollar",1533.35,2500
"Alpo","DD ALPO 28-31LB","Dry Dog","ROM","Family Dollar",1533.35,2500
"Alpo","DD ALPO 15LB","Dry Dog","Retailer","Family Dollar",1533.35,2500
"Alpo","DT T BONZ MT 45OZ","Dog Treats","ROM","Family Dollar",1533.35,2500
"Alpo","DT T BONZ MT 10OZ","Dog Treats","ROM","Family Dollar",1533.35,2500
"Alpo","DD ALPO 14LB","Dry Dog","ROM","Family Dollar",1533.35,2500
"Alpo","DW ALPO 13.2OZ 24CT","Wet Dog","ROM","Family Dollar",1533.35,2500
"Alpo","DT ALPO DT 21OZ","Dog Treats","ROM","Family Dollar",1533.35,2500
"Alpo","DW ALPO 13.2OZ 06CT","Wet Dog","Retailer","Family Dollar",1533.35,2500
"Alpo","DD ALPO 47-50LB","Dry Dog","ROM","Family Dollar",1533.35,2500
"Alpo","DD ALPO 01LB","Dry Dog","Retailer","Family Dollar",1533.35,2500
"Alpo","DD ALPO 16LB","Dry Dog","ROM","Family Dollar",1533.35,2500
"Alpo","DW ALPO 13.0-13.2OZ","Wet Dog","ROM","Family Dollar",1533.35,2500
"Alpo","DW ALPO 13.0-13.2OZ","Wet Dog","Retailer","Family Dollar",1533.35,2500
"Alpo","DT ALPO DT 04.3OZ","Dog Treats","Retailer","Family Dollar",1533.35,2500
"Alpo","DT ALPO VARIETY SNAPS CR 32OZ","Dog Treats","ROM","Family Dollar",1533.35,2500
"Beggin'","DT BEGGIN MT 06OZ","Dog Treats","Retailer","Family Dollar",1396.02142045455,2500
"Beggin'","DT BEGGIN MT LIMITED ED 5OZ","Dog Treats","ROM","Family Dollar",1396.02142045455,2500
"Beggin'","DT BEGGIN MT 32OZ 2CT","Dog Treats","ROM","Family Dollar",1396.02142045455,2500
"Beggin'","DT BEGGIN MT 48OZ","Dog Treats","ROM","Family Dollar",1396.02142045455,2500
"Beggin'","DT BEGGIN MT 25OZ","Dog Treats","ROM","Family Dollar",1396.02142045455,2500
"Beggin'","DT BEGGIN MT 06OZ","Dog Treats","ROM","Family Dollar",1396.02142045455,2500
"Beggin'","DT BEGGIN FUN SIZE MT 01.3OZ","Dog Treats","ROM","Family Dollar",1396.02142045455,2500
"Beggin'","DT BEGGIN MT 03OZ","Dog Treats","ROM","Family Dollar",1396.02142045455,2500
"Beggin'","DT BEGGIN FUN SIZE MT 15OZ","Dog Treats","ROM","Family Dollar",1396.02142045455,2500
"Beggin'","DT BEGGIN MT 08.5-9OZ","Dog Treats","ROM","Family Dollar",1396.02142045455,2500
"Beggin'","DT BEGGIN MT 40OZ","Dog Treats","ROM","Family Dollar",1396.02142045455,2500
"Beggin'","DT BEGGIN MT 32OZ","Dog Treats","ROM","Family Dollar",1396.02142045455,2500
"Beggin'","DT BEGGIN FUN SIZE MT 01.3OZ","Dog Treats","Retailer","Family Dollar",1396.02142045455,2500
"Bella","DD BELLA 03LB","Dry Dog","Retailer","Family Dollar",0,0
"Bella","DD BELLA 03LB","Dry Dog","ROM","Family Dollar",0,0
"Bella","DD BELLA 12LB","Dry Dog","ROM","Family Dollar",0,0
"Bella","DW BELLA 03.5OZ","Wet Dog","Retailer","Family Dollar",0,0
"Bella","DW BELLA 03.5OZ","Wet Dog","ROM","Family Dollar",0,0
"Bella","DW BELLA 03.5OZ 12CT","Wet Dog","Retailer","Family Dollar",0,0
"Bella","DW BELLA 03.5OZ 12CT","Wet Dog","ROM","Family Dollar",0,0
"Beneful","DT BENEFUL BAKED CR 08.5-9.5OZ","Dog Treats","ROM","Family Dollar",2500,1020.89666666667
"Beneful","DW BENEFUL 10OZ 06CT","Wet Dog","ROM","Family Dollar",2500,1020.89666666667
"Beneful","DT BENEFUL BAKED CR 32-36OZ","Dog Treats","ROM","Family Dollar",2500,1020.89666666667
"Beneful","DT BENEFUL BAKED CR 19.5-22OZ","Dog Treats","ROM","Family Dollar",2500,1020.89666666667
"Beneful","DW BENEFUL 10OZ","Wet Dog","ROM","Family Dollar",2500,1020.89666666667
"Beneful","DD BENEFUL 40LB","Dry Dog","ROM","Family Dollar",2500,1020.89666666667
"Beneful","DD BENEFUL PREMIUM 09.4-12.5LB","Dry Dog","ROM","Family Dollar",2500,1020.89666666667
"Beneful","DW BENEFUL 03OZ 12CT","Wet Dog","ROM","Family Dollar",2500,1020.89666666667
"Beneful","DD BENEFUL 06.3LB","Dry Dog","ROM","Family Dollar",2500,1020.89666666667
"Beneful","DD BENEFUL 06OZ","Dry Dog","Retailer","Family Dollar",2500,1020.89666666667
"Beneful","DD BENEFUL 14LB","Dry Dog","ROM","Family Dollar",2500,1020.89666666667
"Beneful","DW BENEFUL 10OZ 12CT","Wet Dog","ROM","Family Dollar",2500,1020.89666666667
"Beneful","DD BENEFUL 48LB","Dry Dog","ROM","Family Dollar",2500,1020.89666666667
"Beneful","DD BENEFUL PREMIUM 03LB","Dry Dog","ROM","Family Dollar",2500,1020.89666666667
"Beneful","DD BENEFUL 28LB","Dry Dog","ROM","Family Dollar",2500,1020.89666666667
"Beneful","DW BENEFUL SPRFOOD 09OZ","Wet Dog","ROM","Family Dollar",2500,1020.89666666667
"Beneful","DW BENEFUL 03OZ 12CT","Wet Dog","Retailer","Family Dollar",2500,1020.89666666667
"Beneful","DD BENEFUL 03.5LB","Dry Dog","ROM","Family Dollar",2500,1020.89666666667
"Beneful","DD BENEFUL SMP GDNSS 09.4-12.5LB","Dry Dog","ROM","Family Dollar",2500,1020.89666666667
"Beneful","DW BENEFUL SPRFOOD 09OZ 06CT","Wet Dog","ROM","Family Dollar",2500,1020.89666666667
"Beneful","DW BENEFUL 03OZ 03CT","Wet Dog","ROM","Family Dollar",2500,1020.89666666667
"Beneful","DD BENEFUL 12LB","Dry Dog","Retailer","Family Dollar",2500,1020.89666666667
"Beneful","DD BENEFUL PREMIUM 03LB","Dry Dog","Retailer","Family Dollar",2500,1020.89666666667
"Beneful","DD BENEFUL 12LB","Dry Dog","ROM","Family Dollar",2500,1020.89666666667
"Beneful","DD BENEFUL PREMIUM 03.3-4.5LB","Dry Dog","ROM","Family Dollar",2500,1020.89666666667
"Beneful","DW BENEFUL 03OZ 03CT","Wet Dog","Retailer","Family Dollar",2500,1020.89666666667
"Beneful","DW BENEFUL INCR N MED 03OZ 30CT","Wet Dog","ROM","Family Dollar",2500,1020.89666666667
"Beneful","DD BENEFUL 03.5LB","Dry Dog","Retailer","Family Dollar",2500,1020.89666666667
"Beyond","DD BEYOND GR FR 23LB","Dry Dog","ROM","Family Dollar",0,0
"Beyond","DC BEYOND REGIONAL 03LB","Dry Cat","ROM","Family Dollar",0,0
"Beyond","DD BEYOND GR FR 13LB","Dry Dog","ROM","Family Dollar",0,0
"Beyond","DD BEYOND SMP9 14.5-15.5LB","Dry Dog","ROM","Family Dollar",0,0
"Beyond","CW BEYOND 03OZ 6CT","Wet Cat","ROM","Family Dollar",0,0
"Beyond","DD BEYOND PUPPY 03LB","Dry Dog","ROM","Family Dollar",0,0
"Beyond","DW BEYOND GR FR 13OZ 12CT","Wet Dog","ROM","Family Dollar",0,0
"Beyond","DW BEYOND BEEF JERKY BOOST 05OZ","Dry Dog","ROM","Family Dollar",0,0
"Beyond","DW BEYOND GR FR 13OZ 6CT","Wet Dog","ROM","Family Dollar",0,0
"Beyond","DD BEYOND ORGANIC 13LB","Dry Dog","ROM","Family Dollar",0,0
"Beyond","DW BEYOND MIXERS SUPPORT 03OZ 6CT","Wet Dog","ROM","Family Dollar",0,0
"Beyond","CW BEYOND 03OZ","Wet Cat","ROM","Family Dollar",0,0
"Beyond","DW BEYOND BROTH 01.6OZ 8CT","Wet Dog","ROM","Family Dollar",0,0
"Beyond","DD BEYOND ORGANIC 06LB","Dry Dog","ROM","Family Dollar",0,0
"Beyond","CT BEYOND CR 02.1OZ","Cat Treats","ROM","Family Dollar",0,0
"Beyond","CW BEYOND SIMP ORGS 03OZ","Wet Cat","ROM","Family Dollar",0,0
"Beyond","DC BEYOND GR FR 11LB","Dry Cat","ROM","Family Dollar",0,0
"Beyond","DC BEYOND GR FR 03LB","Dry Cat","ROM","Family Dollar",0,0
"Beyond","DC BEYOND KITTEN 03LB","Dry Cat","ROM","Family Dollar",0,0
"Beyond","DC BEYOND KITTEN 05LB","Dry Cat","ROM","Family Dollar",0,0
"Beyond","DC BEYOND SIMPLY 03LB","Dry Cat","ROM","Family Dollar",0,0
"Beyond","DC BEYOND SIMPLY 13LB","Dry Cat","ROM","Family Dollar",0,0
"Beyond","DC BEYOND ORGANIC 03LB","Dry Cat","ROM","Family Dollar",0,0
"Beyond","DC BEYOND ORGANIC 05LB","Dry Cat","ROM","Family Dollar",0,0
"Beyond","CW BEYOND MIXER PROTEIN 01.4OZ","Wet Cat","ROM","Family Dollar",0,0
"Beyond","DD BEYOND GR FR 03LB","Dry Dog","ROM","Family Dollar",0,0
"Beyond","CW BEYOND 03OZ 12CT","Wet Cat","ROM","Family Dollar",0,0
"Beyond","DW BEYOND GR FR 13OZ","Wet Dog","ROM","Family Dollar",0,0
"Beyond","DD BEYOND ORGANIC 03LB","Dry Dog","ROM","Family Dollar",0,0
"Beyond","DD BEYOND SMP9 24LB","Dry Dog","ROM","Family Dollar",0,0
"Beyond","DW BEYOND BROTH 01.6OZ","Wet Dog","ROM","Family Dollar",0,0
"Beyond","DD BEYOND SM-BRD/SPR FOOD 14.5LB","Dry Dog","ROM","Family Dollar",0,0
"Beyond","DW BEYOND ORGANIC 13OZ 6CT","Wet Dog","ROM","Family Dollar",0,0
"Beyond","CT BEYOND CR 06OZ","Cat Treats","ROM","Family Dollar",0,0
"Beyond","DC BEYOND GR FR 05LB","Dry Cat","ROM","Family Dollar",0,0
"Beyond","DW BEYOND MIXERS SUPPORT 03OZ","Wet Dog","ROM","Family Dollar",0,0
"Beyond","CW BEYOND ORGANIC 03OZ","Wet Cat","ROM","Family Dollar",0,0
"Beyond","DC BEYOND SIMPLY 06LB","Dry Cat","ROM","Family Dollar",0,0
"Beyond","CW BEYOND MIXER BROTH 01OZ 8CT","Wet Cat","ROM","Family Dollar",0,0
"Beyond","DD BEYOND SMP9 03-4LB","Dry Dog","ROM","Family Dollar",0,0
"Beyond","DW BEYOND ORGANIC 13OZ","Wet Dog","ROM","Family Dollar",0,0
"Beyond","CW BEYOND MIXER BROTH 01OZ","Wet Cat","ROM","Family Dollar",0,0
"Beyond","CW BEYOND MIXER DIGEST SUPPORT 01OZ 8CT","Wet Cat","ROM","Family Dollar",0,0
"Beyond","DD BEYOND SM-BRD/SPR FOOD 03-4LB","Dry Dog","ROM","Family Dollar",0,0
"Beyond","CW BEYOND MIXER DIGEST SUPPORT 01OZ","Wet Cat","ROM","Family Dollar",0,0
"Beyond","DW BEYOND MIXERS DIGT PUMP 08OZ","Wet Dog","ROM","Family Dollar",0,0
"Beyond","CW BEYOND ORGANIC 03OZ 6CT","Wet Cat","ROM","Family Dollar",0,0
"Beyond","DW BEYOND COMPLIMENTS 02OZ","Wet Dog","ROM","Family Dollar",0,0
"Beyond","DW BEYOND PREMIUM 13OZ","Wet Dog","ROM","Family Dollar",0,0
"Beyond","DW BEYOND WILD 13OZ","Wet Dog","ROM","Family Dollar",0,0
"Busy","DT BUSY CW 01.2-1.7OZ","Dog Treats","ROM","Family Dollar",0,0
"Busy","DT BUSY CHEWNOLA CW 04OZ","Dog Treats","ROM","Family Dollar",0,0
"Busy","DT BUSY TWISTED CW 66OZ","Dog Treats","ROM","Family Dollar",0,0
"Busy","DT BUSY TWISTED CW 20.2-21OZ","Dog Treats","ROM","Family Dollar",0,0
"Busy","DT BUSY TWISTED CW 05.3-7OZ","Dog Treats","Retailer","Family Dollar",0,0
"Busy","DT BUSY TWISTED CW 05.3-7OZ","Dog Treats","ROM","Family Dollar",0,0
"Busy","DT BUSY CW 01.2-1.7OZ","Dog Treats","Retailer","Family Dollar",0,0
"Busy","DT BUSY TWISTS CW 06.5OZ","Dog Treats","ROM","Family Dollar",0,0
"Busy","DT BUSY WRAPS CW 07.8OZ","Dog Treats","ROM","Family Dollar",0,0
"Busy","DT BUSY ROLLHIDE CW 20OZ","Dog Treats","ROM","Family Dollar",0,0
"Busy","DT BUSY TWISTED CW 50.5OZ","Dog Treats","ROM","Family Dollar",0,0
"Busy","DT BUSY RIB HIDE CW 17.5OZ","Dog Treats","ROM","Family Dollar",0,0
"Busy","DT BUSY ROLLHIDE CW 04-6OZ","Dog Treats","ROM","Family Dollar",0,0
"Busy","DT BUSY TWISTED CW 36OZ","Dog Treats","ROM","Family Dollar",0,0
"Busy","DT BUSY CWNOLA CW 20OZ","Dog Treats","ROM","Family Dollar",0,0
"Busy","DT BUSY CW 06.5-7OZ","Dog Treats","ROM","Family Dollar",0,0
"Busy","DT BUSY ROLLHIDE CW 12OZ","Dog Treats","ROM","Family Dollar",0,0
"Busy","DT BUSY CW 35OZ","Dog Treats","ROM","Family Dollar",0,0
"Busy","DT BUSY RIB HIDE CW 08.8OZ","Dog Treats","ROM","Family Dollar",0,0
"Busy","DT BUSY CW 17-21OZ","Dog Treats","ROM","Family Dollar",0,0
"Cat Chow Line","DC CAT/KITTEN CHOW 06.3LB","Dry Cat","ROM","Family Dollar",2428.74291666667,0
"Cat Chow Line","DC CAT/KITTEN CHOW 20LB","Dry Cat","ROM","Family Dollar",2428.74291666667,0
"Cat Chow Line","DC CAT/KITTEN CHOW NATURALS 01LB","Dry Cat","ROM","Family Dollar",2428.74291666667,0
"Cat Chow Line","DC CAT CHOW NATURALS GF 03.2LB","Dry Cat","ROM","Family Dollar",2428.74291666667,0
"Cat Chow Line","DC CAT/KITTEN CHOW 12LB","Dry Cat","Retailer","Family Dollar",2428.74291666667,0
"Cat Chow Line","DC CAT CHOW NATURALS GF 06.3LB","Dry Cat","ROM","Family Dollar",2428.74291666667,0
"Cat Chow Line","DC CAT/KITTEN CHOW NATURALS 18LB","Dry Cat","ROM","Family Dollar",2428.74291666667,0
"Cat Chow Line","DC CAT CHOW NATURALS GF 13LB","Dry Cat","ROM","Family Dollar",2428.74291666667,0
"Cat Chow Line","DC CAT/KITTEN CHOW 13-15LB","Dry Cat","ROM","Family Dollar",2428.74291666667,0
"Cat Chow Line","DC CAT/KITTEN CHOW 03.2LB","Dry Cat","ROM","Family Dollar",2428.74291666667,0
"Cat Chow Line","DC CAT/KITTEN CHOW 16-8LB","Dry Cat","Retailer","Family Dollar",2428.74291666667,0
"Cat Chow Line","DC CAT/KITTEN CHOW NATURALS 13LB","Dry Cat","ROM","Family Dollar",2428.74291666667,0
"Cat Chow Line","DC CAT/KITTEN CHOW 03.2LB","Dry Cat","Retailer","Family Dollar",2428.74291666667,0
"Cat Chow Line","DC CAT/KITTEN CHOW 01.1LB","Dry Cat","ROM","Family Dollar",2428.74291666667,0
"Cat Chow Line","DC CAT/KITTEN CHOW 25LB","Dry Cat","ROM","Family Dollar",2428.74291666667,0
"Cat Chow Line","DC CAT/KITTEN CHOW NATURALS 03.2LB","Dry Cat","ROM","Family Dollar",2428.74291666667,0
"Cat Chow Line","DC CAT/KITTEN CHOW 12LB","Dry Cat","ROM","Family Dollar",2428.74291666667,0
"Cat Chow Line","DC CAT/KITTEN CHOW NATURALS 03.2LB","Dry Cat","Retailer","Family Dollar",2428.74291666667,0
"Cat Chow Line","DC CAT/KITTEN CHOW NATURALS 06.3LB","Dry Cat","ROM","Family Dollar",2428.74291666667,0
"Dentalife","CT DENTALIFE DNT 01.8OZ","Cat Treats","ROM","Family Dollar",1041.75,0
"Dentalife","DT DENTALIFE DT 02.1OZ","Dog Treats","ROM","Family Dollar",1041.75,0
"Dentalife","CT DENTALIFE DNT 19OZ","Cat Treats","ROM","Family Dollar",1041.75,0
"Dentalife","DT DENTALIFE ACTIVEFRESH DT 16.9OZ","Dog Treats","ROM","Family Dollar",1041.75,0
"Dentalife","DT DENTALIFE ACTIVEFRESH DT 24.1OZ","Dog Treats","ROM","Family Dollar",1041.75,0
"Dentalife","DT DENTALIFE DT 02.1OZ","Dog Treats","Retailer","Family Dollar",1041.75,0
"Dentalife","DT DENTALIFE ACTIVEFRESH DT 01.1OZ","Dog Treats","Retailer","Family Dollar",1041.75,0
"Dentalife","DT DENTALIFE ACTIVEFRESH DT 01.1OZ","Dog Treats","ROM","Family Dollar",1041.75,0
"Dentalife","DT DENTALIFE ACTIVEFRESH DT 15.5OZ","Dog Treats","ROM","Family Dollar",1041.75,0
"Dentalife","DT DENTALIFE ACTIVEFRESH DT 06.1-7.2OZ","Dog Treats","ROM","Family Dollar",1041.75,0
"Dentalife","DT DENTALIFE DT 17.1-20.7OZ","Dog Treats","ROM","Family Dollar",1041.75,0
"Dentalife","DT DENTALIFE DT 06.8-7.8OZ","Dog Treats","ROM","Family Dollar",1041.75,0
"Dentalife","DT DENTALIFE DT 28.5OZ","Dog Treats","ROM","Family Dollar",1041.75,0
"Dog Chow Line","DW DOG CHOW ML 13 OZ 06CT","Wet Dog","Retailer","Family Dollar",2500,0
"Dog Chow Line","DD PUPPY CHOW 01LB","Dry Dog","Retailer","Family Dollar",2500,0
"Dog Chow Line","DD DOG CHOW LX 04LB","Dry Dog","ROM","Family Dollar",2500,0
"Dog Chow Line","DD PUPPY CHOW 32-36LB","Dry Dog","ROM","Family Dollar",2500,0
"Dog Chow Line","DD PUPPY CHOW 04LB","Dry Dog","Retailer","Family Dollar",2500,0
"Dog Chow Line","DW DOG CHOW ML 13 OZ 06CT","Wet Dog","ROM","Family Dollar",2500,0
"Dog Chow Line","DW DOG CHOW ML 13 OZ 24CT","Wet Dog","ROM","Family Dollar",2500,0
"Dog Chow Line","DD DOG CHOW GREEN BG 46-48LB","Dry Dog","ROM","Family Dollar",2500,0
"Dog Chow Line","DD DOG CHOW GREEN BG 14LB","Dry Dog","ROM","Family Dollar",2500,0
"Dog Chow Line","DD DOG CHOW HI PROTEIN 20LB","Dry Dog","ROM","Family Dollar",2500,0
"Dog Chow Line","DD DOG CHOW GREEN BG 01LB","Dry Dog","ROM","Family Dollar",2500,0
"Dog Chow Line","DD PUPPY CHOW 40LB","Dry Dog","ROM","Family Dollar",2500,0
"Dog Chow Line","DD PUPPY CHOW 16.5LB","Dry Dog","Retailer","Family Dollar",2500,0
"Dog Chow Line","DD DOG CHOW GREEN BG 18.5-20LB","Dry Dog","ROM","Family Dollar",2500,0
"Dog Chow Line","DD DOG CHOW GREEN BG 30-33.5LB","Dry Dog","Retailer","Family Dollar",2500,0
"Dog Chow Line","DD DOG CHOW HI PROTEIN 13LB","Dry Dog","ROM","Family Dollar",2500,0
"Dog Chow Line","DD DOG CHOW GREEN BG 18.5-20LB","Dry Dog","Retailer","Family Dollar",2500,0
"Dog Chow Line","DD DOG CHOW GREEN BG 48-55LB","Dry Dog","ROM","Family Dollar",2500,0
"Dog Chow Line","DD DOG CHOW GREEN BG 42-46LB","Dry Dog","ROM","Family Dollar",2500,0
"Dog Chow Line","DD DOG CHOW GREEN BG 01LB","Dry Dog","Retailer","Family Dollar",2500,0
"Dog Chow Line","DW DOG CHOW ML 13 OZ 12CT","Wet Dog","ROM","Family Dollar",2500,0
"Dog Chow Line","DD DOG CHOW HI PROTEIN 13LB","Dry Dog","Retailer","Family Dollar",2500,0
"Dog Chow Line","DD PUPPY CHOW 16.5LB","Dry Dog","ROM","Family Dollar",2500,0
"Dog Chow Line","DD DOG CHOW LX 03.5LB","Dry Dog","ROM","Family Dollar",2500,0
"Dog Chow Line","DD PUPPY CHOW 04.4LB","Dry Dog","ROM","Family Dollar",2500,0
"Dog Chow Line","DD PUPPY CHOW 01LB","Dry Dog","ROM","Family Dollar",2500,0
"Dog Chow Line","DD DOG CHOW GREEN BG 04.4LB","Dry Dog","Retailer","Family Dollar",2500,0
"Dog Chow Line","DD DOG CHOW LX 32-36LB","Dry Dog","ROM","Family Dollar",2500,0
"Dog Chow Line","DD DOG CHOW GREEN BG 33.6-36LB","Dry Dog","ROM","Family Dollar",2500,0
"Dog Chow Line","DW PUPPY CHOW 05.5OZ","Wet Dog","ROM","Family Dollar",2500,0
"Dog Chow Line","DT PUPPY CHOW MT 07OZ","Dog Treats","ROM","Family Dollar",2500,0
"Dog Chow Line","DD DOG CHOW GREEN BG 30-33.5LB","Dry Dog","ROM","Family Dollar",2500,0
"Dog Chow Line","DD DOG CHOW GREEN BG 57LB","Dry Dog","ROM","Family Dollar",2500,0
"Dog Chow Line","DD DOG CHOW LX 40LB","Dry Dog","ROM","Family Dollar",2500,0
"Dog Chow Line","DT PUPPY CHOW MT 24OZ","Dog Treats","ROM","Family Dollar",2500,0
"Dog Chow Line","DD DOG CHOW GREEN BG 04.4LB","Dry Dog","ROM","Family Dollar",2500,0
"Dog Chow Line","DD PUPPY CHOW 08.8LB","Dry Dog","ROM","Family Dollar",2500,0
"Dog Chow Line","DW PUPPY CHOW 05.5OZ 8 CT","Wet Dog","Retailer","Family Dollar",2500,0
"Dog Chow Line","DW DOG CHOW ML 13 OZ","Wet Dog","ROM","Family Dollar",2500,0
"Dog Chow Line","DW DOG CHOW ML 13 OZ 12CT","Wet Dog","Retailer","Family Dollar",2500,0
"Dog Chow Line","DD DOG CHOW LX 16.5-18LB","Dry Dog","ROM","Family Dollar",2500,0
"Dog Chow Line","DD DOG CHOW LX 13.5LB","Dry Dog","Retailer","Family Dollar",2500,0
"Dog Chow Line","DD PUPPY CHOW 04.4LB","Dry Dog","Retailer","Family Dollar",2500,0
"Dog Chow Line","DD DOG CHOW GREEN BG 04LB","Dry Dog","ROM","Family Dollar",2500,0
"Dog Chow Line","DW DOG CHOW ML 13 OZ","Wet Dog","Retailer","Family Dollar",2500,0
"Dog Chow Line","DD PUPPY CHOW 04LB","Dry Dog","ROM","Family Dollar",2500,0
"Dog Chow Line","DD DOG CHOW GREEN BG 33.6-36LB","Dry Dog","Retailer","Family Dollar",2500,0
"Dog Chow Line","DD DOG CHOW LX 13.5LB","Dry Dog","ROM","Family Dollar",2500,0
"Dog Chow Line","DW PUPPY CHOW 05.5OZ 8 CT","Wet Dog","ROM","Family Dollar",2500,0
"Dog Chow Line","DD DOG CHOW GREEN BG 04LB","Dry Dog","Retailer","Family Dollar",2500,0
"Dog Chow Line","DD DOG CHOW HI PROTEIN 48LB","Dry Dog","ROM","Family Dollar",2500,0
"Dog Chow Line","DD DOG CHOW HI PROTEIN 03.5LB","Dry Dog","ROM","Family Dollar",2500,0
"Fancy Feast","CW FANCY FEAST NATURALS ML 03OZ","Wet Cat","ROM","Family Dollar",2500,101.76
"Fancy Feast","CW FANCY FEAST MEDLEYS 03OZ 24CT","Wet Cat","ROM","Family Dollar",2500,101.76
"Fancy Feast","CW FANCY FEAST APPTZRS 01.1OZ","Wet Cat","ROM","Family Dollar",2500,101.76
"Fancy Feast","DC FANCY FEAST NAT 03.4LB","Dry Cat","ROM","Family Dollar",2500,101.76
"Fancy Feast","CW FANCY FEAST ML 03OZ","Wet Cat","ROM","Family Dollar",2500,101.76
"Fancy Feast","CW FANCY FEAST PETITES 02.8OZ 24CT","Wet Cat","ROM","Family Dollar",2500,101.76
"Fancy Feast","CT FANCY FEAST PURE FLAKED 01.06OZ","Cat Treats","ROM","Family Dollar",2500,101.76
"Fancy Feast","CW FANCY FEAST ML 03OZ 12CT","Wet Cat","ROM","Family Dollar",2500,101.76
"Fancy Feast","CW FANCY FEAST PURELY FILETS 01OZ","Wet Cat","ROM","Family Dollar",2500,101.76
"Fancy Feast","CW FANCY FEAST SAVRY CNTR 03OZ","Wet Cat","ROM","Family Dollar",2500,101.76
"Fancy Feast","CW FANCY FEAST BROTHS 01.4OZ","Wet Cat","ROM","Family Dollar",2500,101.76
"Fancy Feast","CW FANCY FEAST BROTHS 01.4OZ 12CT","Wet Cat","ROM","Family Dollar",2500,101.76
"Fancy Feast","CW FANCY FEAST MEDLEYS 03OZ 18CT","Wet Cat","ROM","Family Dollar",2500,101.76
"Fancy Feast","CW FANCY FEAST PETITES 02.8OZ 12CT","Wet Cat","ROM","Family Dollar",2500,101.76
"Fancy Feast","DC FANCY FEAST 03LB","Dry Cat","ROM","Family Dollar",2500,101.76
"Fancy Feast","CW FANCY FEAST ML 03OZ","Wet Cat","Retailer","Family Dollar",2500,101.76
"Fancy Feast","CT FANCY FEAST SAVORY CRAVINGS 3OZ","Cat Treats","ROM","Family Dollar",2500,101.76
"Fancy Feast","CW FANCY FEAST PURELY 02OZ","Wet Cat","ROM","Family Dollar",2500,101.76
"Fancy Feast","CW FANCY FEAST MEDLEYS 03OZ","Wet Cat","ROM","Family Dollar",2500,101.76
"Fancy Feast","CW FANCY FEAST ML 03OZ 24CT","Wet Cat","ROM","Family Dollar",2500,101.76
"Fancy Feast","CW FANCY FEAST ML 03OZ 48CT","Wet Cat","ROM","Family Dollar",2500,101.76
"Fancy Feast","CW FANCY FEAST APPTZRS 01.1OZ 12CT","Wet Cat","ROM","Family Dollar",2500,101.76
"Fancy Feast","CW FANCY FEAST ML 03OZ 30CT","Wet Cat","ROM","Family Dollar",2500,101.76
"Fancy Feast","CW FANCY FEAST NATURALS ML 03OZ 12CT","Wet Cat","ROM","Family Dollar",2500,101.76
"Fancy Feast","CT FANCY FEAST DUOS CR 02.1OZ","Cat Treats","ROM","Family Dollar",2500,101.76
"Fancy Feast","CW FANCY FEAST PETITES 02.8OZ","Wet Cat","ROM","Family Dollar",2500,101.76
"Fancy Feast","CT FANCY FEAST SAVORY CRAVINGS 01OZ","Cat Treats","ROM","Family Dollar",2500,101.76
"Fancy Feast","CW FANCY FEAST ML 03OZ 36CT","Wet Cat","ROM","Family Dollar",2500,101.76
"Fancy Feast","DC FANCY FEAST 01LB","Dry Cat","ROM","Family Dollar",2500,101.76
"Fancy Feast","CW FANCY FEAST ML 03OZ  12CT","Wet Cat","ROM","Family Dollar",2500,101.76
"Fancy Feast","CW FANCY FEAST PETITES 02.8OZ","Wet Cat","Retailer","Family Dollar",2500,101.76
"Fancy Feast","DC FANCY FEAST 07LB","Dry Cat","ROM","Family Dollar",2500,101.76
"Fancy Feast","CW FANCY FEAST ML 03OZ 12CT","Wet Cat","Retailer","Family Dollar",2500,101.76
"Fancy Feast","DC FANCY FEAST 12LB","Dry Cat","ROM","Family Dollar",2500,101.76
"Fancy Feast","CW FANCY FEAST MEDLEYS 03OZ 12CT","Wet Cat","ROM","Family Dollar",2500,101.76
"Fancy Feast","CW FANCY FEAST SAVRY CNTR 03OZ 12CT","Wet Cat","ROM","Family Dollar",2500,101.76
"Friskies","DC FRISKIES FRM FAV 03.2LB","Dry Cat","ROM","Family Dollar",2500,2500
"Friskies","CW FRISKIES 05.5OZ 40CT","Wet Cat","ROM","Family Dollar",2500,2500
"Friskies","CT FRISKIES PARTY MIX/NAT YUM CR 06OZ","Cat Treats","ROM","Family Dollar",2500,2500
"Friskies","CW FRISKIES 05.5OZ 32CT","Wet Cat","ROM","Family Dollar",2500,2500
"Friskies","DC FRISKIES FRM FAV 16LB","Dry Cat","ROM","Family Dollar",2500,2500
"Friskies","CW FRISKIES 05.5OZ 12CT","Wet Cat","ROM","Family Dollar",2500,2500
"Friskies","CW FRISKIES 05.5OZ","Wet Cat","ROM","Family Dollar",2500,2500
"Friskies","CW FRISKIES 05.5OZ 48CT","Wet Cat","ROM","Family Dollar",2500,2500
"Friskies","DC FRISKIES ML 03.2LB","Dry Cat","ROM","Family Dollar",2500,2500
"Friskies","CW FRISKIES 05.5OZ 12CT","Wet Cat","Retailer","Family Dollar",2500,2500
"Friskies","CW FRISKIES PREMIUM 05.5OZ 24CT","Wet Cat","ROM","Family Dollar",2500,2500
"Friskies","CW FRISKIES LIL SOUPS 01.2OZ","Wet Cat","Retailer","Family Dollar",2500,2500
"Friskies","DC FRISKIES ML 03.2LB","Dry Cat","Retailer","Family Dollar",2500,2500
"Friskies","CT FRISKIES PARTY MIX/NAT YUM CR 20OZ","Cat Treats","ROM","Family Dollar",2500,2500
"Friskies","DC FRISKIES FRM FAV 22LB","Dry Cat","ROM","Family Dollar",2500,2500
"Friskies","CW FRISKIES FAV 05.5OZ 24CT","Wet Cat","ROM","Family Dollar",2500,2500
"Friskies","DC FRISKIES ML 12LB","Dry Cat","ROM","Family Dollar",2500,2500
"Friskies","CW FRISKIES PREMIUM 03.5OZ 24CT","Wet Cat","ROM","Family Dollar",2500,2500
"Friskies","CW FRISKIES LIL GRIL/SLUR/PUR 01.6OZ 18CT","Wet Cat","ROM","Family Dollar",2500,2500
"Friskies","CW FRISKIES FAV 05.5OZ","Wet Cat","ROM","Family Dollar",2500,2500
"Friskies","DC FRISKIES ML 30LB","Dry Cat","ROM","Family Dollar",2500,2500
"Friskies","DC FRISKIES ML 16LB","Dry Cat","ROM","Family Dollar",2500,2500
"Friskies","CW FRISKIES LIL SOUPS 01.2OZ","Wet Cat","ROM","Family Dollar",2500,2500
"Friskies","CW AO PREMIUM","Wet Cat","ROM","Family Dollar",2500,2500
"Friskies","CW AO PREMIUM","Wet Cat","Retailer","Family Dollar",2500,2500
"Friskies","DC AO PREMIUM","Dry Cat","ROM","Family Dollar",2500,2500
"Friskies","CT FRISKIES PARTY MIX/NAT YUM CR 30OZ","Cat Treats","ROM","Family Dollar",2500,2500
"Friskies","CT FRISKIES PARTY MIX/NAT YUM CR 20OZ","Cat Treats","Retailer","Family Dollar",2500,2500
"Friskies","CW FRISKIES 05.5OZ 60CT","Wet Cat","ROM","Family Dollar",2500,2500
"Friskies","CW FRISKIES PREMIUM 03.5OZ","Wet Cat","Retailer","Family Dollar",2500,2500
"Friskies","CW FRISKIES 03OZ 24CT","Wet Cat","ROM","Family Dollar",2500,2500
"Friskies","CW FRISKIES 05.5OZ","Wet Cat","Retailer","Family Dollar",2500,2500
"Friskies","CT FRISKIES PARTY MIX CR 20OZ 2CT","Cat Treats","ROM","Family Dollar",2500,2500
"Friskies","DC FRISKIES ML 01LB","Dry Cat","ROM","Family Dollar",2500,2500
"Friskies","CW FRISKIES PREMIUM 03.5OZ","Wet Cat","ROM","Family Dollar",2500,2500
"Friskies","CW FRISKIES PREMIUM 05.5OZ","Wet Cat","ROM","Family Dollar",2500,2500
"Friskies","CW FRISKIES LIL SOUPS 01.2OZ 18CT","Wet Cat","ROM","Family Dollar",2500,2500
"Friskies","DC FRISKIES ML 22LB","Dry Cat","ROM","Family Dollar",2500,2500
"Friskies","DC FRISKIES ML 18.5LB","Dry Cat","ROM","Family Dollar",2500,2500
"Friskies","CW FRISKIES LIL GRIL/SLUR/PUR 01.6OZ","Wet Cat","ROM","Family Dollar",2500,2500
"Friskies","CW FRISKIES 05.5OZ 24CT","Wet Cat","ROM","Family Dollar",2500,2500
"Friskies","CW FRISKIES 03OZ 12CT","Wet Cat","ROM","Family Dollar",2500,2500
"Friskies","CT FRISKIES PARTY MIX/NAT YUM CR 02.1OZ","Cat Treats","ROM","Family Dollar",2500,2500
"Friskies","DC FRISKIES ML 12LB","Dry Cat","Retailer","Family Dollar",2500,2500
"Honest To Dog","DT HONEST TO DOG AOF","Dog Treats","Retailer","Family Dollar",0,0
"Honest To Dog","DT HONEST TO DOG AOF","Dog Treats","ROM","Family Dollar",0,0
"Kit & Kaboodle","DC KIT KABOODLE 11LB","Dry Cat","Retailer","Family Dollar",2500,1589.912
"Kit & Kaboodle","DC KIT KABOODLE 24LB","Dry Cat","ROM","Family Dollar",2500,1589.912
"Kit & Kaboodle","DC KIT KABOODLE 03.2LB","Dry Cat","ROM","Family Dollar",2500,1589.912
"Kit & Kaboodle","DC KIT KABOODLE 38LB","Dry Cat","ROM","Family Dollar",2500,1589.912
"Kit & Kaboodle","DC KIT KABOODLE 0.75-1.1LB","Dry Cat","ROM","Family Dollar",2500,1589.912
"Kit & Kaboodle","DC KIT KABOODLE 03.2LB","Dry Cat","Retailer","Family Dollar",2500,1589.912
"Kit & Kaboodle","DC KIT KABOODLE 30LB","Dry Cat","ROM","Family Dollar",2500,1589.912
"Kit & Kaboodle","DC KIT KABOODLE 16LB","Dry Cat","ROM","Family Dollar",2500,1589.912
"Kit & Kaboodle","CW KIT KABOODLE 05.35OZ","Wet Cat","ROM","Family Dollar",2500,1589.912
"Kit & Kaboodle","DC KIT KABOODLE 22LB","Dry Cat","Retailer","Family Dollar",2500,1589.912
"Kit & Kaboodle","DC KIT KABOODLE 11LB","Dry Cat","ROM","Family Dollar",2500,1589.912
"Kit & Kaboodle","DC KIT KABOODLE 35LB","Dry Cat","ROM","Family Dollar",2500,1589.912
"Kit & Kaboodle","DC KIT KABOODLE 22LB","Dry Cat","ROM","Family Dollar",2500,1589.912
"Kit & Kaboodle","DC KIT KABOODLE 13LB","Dry Cat","Retailer","Family Dollar",2500,1589.912
"Kit & Kaboodle","CT KIT KABOODLE CR 02.4OZ","Cat Treats","ROM","Family Dollar",2500,1589.912
"Kit & Kaboodle","CT KIT KABOODLE CR 09OZ","Cat Treats","Retailer","Family Dollar",2500,1589.912
"Kit & Kaboodle","DC KIT KABOODLE 0.75-1.1LB","Dry Cat","Retailer","Family Dollar",2500,1589.912
"Kit & Kaboodle","DC KIT KABOODLE 13LB","Dry Cat","ROM","Family Dollar",2500,1589.912
"Kit & Kaboodle","CT KIT KABOODLE CR 04OZ","Cat Treats","ROM","Family Dollar",2500,1589.912
"Merrick","DT MERRICK BACKCOUNTRY CR 10OZ+","Dog Treats","ROM","Family Dollar",0,0
"Merrick","DT MERRICK FRS KSS DT 09.5-11.5OZ","Dog Treats","ROM","Family Dollar",0,0
"Merrick","DT MERRICK FRS KSS DT 05.5-6.5OZ","Dog Treats","ROM","Family Dollar",0,0
"Merrick","DT MERRICK FRS KSS DT 23.0-27OZ","Dog Treats","ROM","Family Dollar",0,0
"Merrick","DT MERRICK POWER BITES MT 06OZ","Dog Treats","ROM","Family Dollar",0,0
"Merrick","CW MERRICK PURRFECT BISTRO 03.0OZ","Wet Cat","ROM","Family Dollar",0,0
"Merrick","DD MERRICK GR FR 04LB","Dry Dog","ROM","Family Dollar",0,0
"Merrick","DD MERRICK LIL PLTS 12LB","Dry Dog","ROM","Family Dollar",0,0
"Merrick","DD MERRICK BACKCOUNTRY 10LB","Dry Dog","ROM","Family Dollar",0,0
"Merrick","CW MERRICK PURRFECT BISTRO 05.5OZ","Wet Cat","ROM","Family Dollar",0,0
"Merrick","DD MERRICK HLTY GRNS 04LB","Dry Dog","ROM","Family Dollar",0,0
"Merrick","DD MERRICK HLTY GRNS 25LB","Dry Dog","ROM","Family Dollar",0,0
"Merrick","DW MERRICK BBQ 12.7OZ","Wet Dog","ROM","Family Dollar",0,0
"Merrick","DW MERRICK LIL PLATES 03-3.5OZ","Wet Dog","ROM","Family Dollar",0,0
"Merrick","DW MERRICK SEASONAL 12.7OZ","Wet Dog","ROM","Family Dollar",0,0
"Merrick","DD MERRICK BACKCOUNTRY 20LB","Dry Dog","ROM","Family Dollar",0,0
"Merrick","DD MERRICK GR FR 22LB","Dry Dog","ROM","Family Dollar",0,0
"Merrick","DD MERRICK GR FR 10LB","Dry Dog","ROM","Family Dollar",0,0
"Merrick","DD MERRICK LIL PLTS 04LB","Dry Dog","ROM","Family Dollar",0,0
"Merrick","DD MERRICK BACKCOUNTRY 04LB","Dry Dog","ROM","Family Dollar",0,0
"Merrick","DW MERRICK GR FR 12.7OZ","Wet Dog","ROM","Family Dollar",0,0
"Merrick","DW MERRICK FLAVOR ENHANCER 07OZ","Wet Dog","ROM","Family Dollar",0,0
"Merrick","DC MERRICK PURR BIST 04LB","Dry Cat","ROM","Family Dollar",0,0
"Merrick","DW MERRICK BACKCOUNTRY 12.7OZ","Wet Dog","ROM","Family Dollar",0,0
"Mighty Dog","DW MTY DG 05.5OZ 08CT","Wet Dog","Retailer","Family Dollar",0,0
"Mighty Dog","DW MTY DG 05.5OZ 12CT","Wet Dog","ROM","Family Dollar",0,0
"Moist & Meaty","DD MOIST AND MEATY 216OZ","Dry Dog","ROM","Family Dollar",0,0
"Moist & Meaty","DD MOIST AND MEATY 036OZ","Dry Dog","Retailer","Family Dollar",0,0
"Moist & Meaty","DD MOIST AND MEATY 012OZ","Dry Dog","Retailer","Family Dollar",0,0
"Moist & Meaty","DD MOIST AND MEATY 012OZ","Dry Dog","ROM","Family Dollar",0,0
"Moist & Meaty","DD MOIST AND MEATY HI PROTEIN 72OZ","Dry Dog","ROM","Family Dollar",0,0
"Moist & Meaty","DD MOIST AND MEATY 360OZ","Dry Dog","ROM","Family Dollar",0,0
"Moist & Meaty","DD MOIST AND MEATY 036OZ","Dry Dog","ROM","Family Dollar",0,0
"Moist & Meaty","DD MOIST AND MEATY 072OZ","Dry Dog","ROM","Family Dollar",0,0
"Nppc Brand Group Rem","CL SCAMP NON-CLUMP 25LB","Litter","ROM","Family Dollar",0,0
"Nppc Brand Group Rem","DW MTY DG 05.5OZ","Wet Dog","Retailer","Family Dollar",0,0
"Nppc Brand Group Rem","DW MTY DG 05.5OZ","Wet Dog","ROM","Family Dollar",0,0
"Pioneer Woman","DT PIONEER WOMAN CR 09OZ","Dog Treats","ROM","Family Dollar",0,0
"Pioneer Woman","DT PIONEER WOMAN MT 16OZ","Dog Treats","ROM","Family Dollar",0,0
"Pioneer Woman","DT PIONEER WOMAN MT 30OZ","Dog Treats","ROM","Family Dollar",0,0
"Pioneer Woman","DT PIONEER WOMAN MT 05OZ","Dog Treats","ROM","Family Dollar",0,0
"Prime","DT PRIME BONES CW 02.4OZ","Dog Treats","ROM","Family Dollar",0,0
"Prime","DT PRIME BONES CW 09.7-11.5OZ","Dog Treats","ROM","Family Dollar",0,0
"Prime","DT PRIME BONES CW 21-22.8OZ","Dog Treats","ROM","Family Dollar",0,0
"Prime","DT PRIME BONES CW 39.7OZ","Dog Treats","ROM","Family Dollar",0,0
"Prime","DT PRIME BARS CR 16OZ","Dog Treats","ROM","Family Dollar",0,0
"Prime","DT PRIME JERKY  MT 05OZ","Dog Treats","ROM","Family Dollar",0,0
"Prime","DT PRIME JERKY MT 15OZ","Dog Treats","ROM","Family Dollar",0,0
"Pro Plan","DD PRO PLAN BRIGHT MINDS 04-5LB","Dry Dog","ROM","Family Dollar",0,0
"Pro Plan","DD PRO PLAN SPORT PERFORM 37.5LB","Dry Dog","ROM","Family Dollar",0,0
"Pro Plan","DD PRO PLAN ESSENTIAL 17-18LB","Dry Dog","ROM","Family Dollar",0,0
"Pro Plan","DD PRO PLAN SPECIALIZED 16-18LB","Dry Dog","ROM","Family Dollar",0,0
"Pro Plan","DD PRO PLAN SPECIALIZED 24-34LB","Dry Dog","ROM","Family Dollar",0,0
"Pro Plan","CW PRO PLAN TRU NATURE 03OZ","Wet Cat","ROM","Family Dollar",0,0
"Pro Plan","DD PRO PLAN DEV PUPPY 16-18LB","Dry Dog","ROM","Family Dollar",0,0
"Pro Plan","DD PRO PLAN SPECIALIZED 35-47LB","Dry Dog","ROM","Family Dollar",0,0
"Pro Plan","DD PRO PLAN SPECIALIZED 04-6LB","Dry Dog","ROM","Family Dollar",0,0
"Pro Plan","DD PRO PLAN SPORT 50LB","Dry Dog","ROM","Family Dollar",0,0
"Pro Plan","DD PRO PLAN SPORT CHIK/SAL 06LB","Dry Dog","ROM","Family Dollar",0,0
"Pro Plan","DD PRO PLAN SPORT BREEDER 37.5LB","Dry Dog","ROM","Family Dollar",0,0
"Pro Plan","DC PRO PLAN SPECIALIZED 05LB","Dry Cat","ROM","Family Dollar",0,0
"Pro Plan","CW PRO PLAN SPECIALIZED 03OZ","Wet Cat","ROM","Family Dollar",0,0
"Pro Plan","CW PRO PLAN ESSENTIAL 03OZ 12CT","Wet Cat","ROM","Family Dollar",0,0
"Pro Plan","DW PRO PLAN ESSENTIAL 13OZ 12CT","Wet Dog","ROM","Family Dollar",0,0
"Pro Plan","DW PRO PLAN SPECIALIZED GF PUPPY 13OZ","Wet Dog","ROM","Family Dollar",0,0
"Pro Plan","DC PRO PLAN SPECIALIZED 03.5LB","Dry Cat","ROM","Family Dollar",0,0
"Pro Plan","DD PRO PLAN DEV PUPPY 04-6LB","Dry Dog","ROM","Family Dollar",0,0
"Pro Plan","DD PRO PLAN DEV PUPPY 24-34LB","Dry Dog","ROM","Family Dollar",0,0
"Pro Plan","DC PRO PLAN SPECIALIZED 05.5-7LB","Dry Cat","ROM","Family Dollar",0,0
"Pro Plan","DC PRO PLAN SPECIALIZED 22LB","Dry Cat","ROM","Family Dollar",0,0
"Pro Plan","CW PRO PLAN SPECIALIZED 03OZ 24CT","Wet Cat","ROM","Family Dollar",0,0
"Pro Plan","DD PRO PLAN SPORT 18LB","Dry Dog","ROM","Family Dollar",0,0
"Pro Plan","CW PRO PLAN ESSENTIAL 03OZ","Wet Cat","ROM","Family Dollar",0,0
"Pro Plan","DC PRO PLAN ESSENTIALS 06-7LB","Dry Cat","ROM","Family Dollar",0,0
"Pro Plan","DW PRO PLAN GR FR SM-BRD 03.5OZ","Wet Dog","ROM","Family Dollar",0,0
"Pro Plan","DC PRO PLAN KITTEN 03.2-3.5LB","Dry Cat","ROM","Family Dollar",0,0
"Pro Plan","DC PRO PLAN ESSENTIALS 14-16LB","Dry Cat","ROM","Family Dollar",0,0
"Pro Plan","DW PRO PLAN SPECIALIZED SEN-S/S 13OZ","Wet Dog","ROM","Family Dollar",0,0
"Pro Plan","DW PRO PLAN SPECIALIZED 13OZ","Wet Dog","ROM","Family Dollar",0,0
"Pro Plan","DD PRO PLAN ESSENTIAL 33-35LB","Dry Dog","ROM","Family Dollar",0,0
"Pro Plan","DW PRO PLAN ESSENTIAL 13OZ","Wet Dog","ROM","Family Dollar",0,0
"Pro Plan","DW PRO PLAN SAVORY MEALS 10OZ","Wet Dog","ROM","Family Dollar",0,0
"Pro Plan","DW PRO PLAN ESSENTIAL GR FR 13OZ","Wet Dog","ROM","Family Dollar",0,0
"Pro Plan","DD PRO PLAN ESSENTIAL 05-6LB","Dry Dog","ROM","Family Dollar",0,0
"Purina One","DW PURINA ONE TRU INST 13OZ","Wet Dog","Retailer","Family Dollar",571.428571428571,0
"Purina One","DD PURINA ONE TRU INST 36LB","Dry Dog","ROM","Family Dollar",571.428571428571,0
"Purina One","DC PURINA ONE TRGTD 22LB","Dry Cat","ROM","Family Dollar",571.428571428571,0
"Purina One","DD PURINA ONE ML 13.5LB","Dry Dog","ROM","Family Dollar",571.428571428571,0
"Purina One","DW PURINA ONE 13OZ 06CT","Wet Dog","ROM","Family Dollar",571.428571428571,0
"Purina One","DW PURINA ONE 13OZ 06CT","Wet Dog","Retailer","Family Dollar",571.428571428571,0
"Purina One","DD PURINA ONE ML 18LB","Dry Dog","ROM","Family Dollar",571.428571428571,0
"Purina One","DD PURINA ONE TRU INST GF 03LB","Dry Dog","ROM","Family Dollar",571.428571428571,0
"Purina One","DC PURINA ONE ML 22LB","Dry Cat","ROM","Family Dollar",571.428571428571,0
"Purina One","DD PURINA ONE ML TRGTD 31.1LB","Dry Dog","ROM","Family Dollar",571.428571428571,0
"Purina One","DD PURINA ONE ML TRGTD 03.8-4LB","Dry Dog","ROM","Family Dollar",571.428571428571,0
"Purina One","DT PURINA ONE TRUE INST MT 20OZ","Dog Treats","ROM","Family Dollar",571.428571428571,0
"Purina One","DT PURINA ONE TRUE INST MT 07OZ","Dog Treats","ROM","Family Dollar",571.428571428571,0
"Purina One","DC PURINA ONE TRGTD 02.8LB","Dry Cat","ROM","Family Dollar",571.428571428571,0
"Purina One","DD PURINA ONE TRU INST 07.4LB","Dry Dog","ROM","Family Dollar",571.428571428571,0
"Purina One","CW PURINA ONE TRU INST 03OZ 12CT","Wet Cat","ROM","Family Dollar",571.428571428571,0
"Purina One","CW PURINA ONE TRGTD 03OZ","Wet Cat","ROM","Family Dollar",571.428571428571,0
"Purina One","DC PURINA ONE ML 02.8LB","Dry Cat","ROM","Family Dollar",571.428571428571,0
"Purina One","DD PURINA ONE TRU INST GF 12.5LB","Dry Dog","ROM","Family Dollar",571.428571428571,0
"Purina One","DD PURINA ONE ML TRGTD 12.5LB","Dry Dog","ROM","Family Dollar",571.428571428571,0
"Purina One","DD PURINA ONE ML 08LB","Dry Dog","ROM","Family Dollar",571.428571428571,0
"Purina One","DC PURINA ONE TRGTD 03.5LB","Dry Cat","ROM","Family Dollar",571.428571428571,0
"Purina One","DW PURINA ONE TRU INST 13OZ 06CT","Wet Dog","ROM","Family Dollar",571.428571428571,0
"Purina One","DC PURINA ONE ML 16LB","Dry Cat","ROM","Family Dollar",571.428571428571,0
"Purina One","DD PURINA ONE ML 13.5LB","Dry Dog","Retailer","Family Dollar",571.428571428571,0
"Purina One","DD PURINA ONE TRU INST 03.8LB","Dry Dog","ROM","Family Dollar",571.428571428571,0
"Purina One","DW PURINA ONE 13OZ","Wet Dog","Retailer","Family Dollar",571.428571428571,0
"Purina One","DC PURINA ONE TRGTD 16LB","Dry Cat","ROM","Family Dollar",571.428571428571,0
"Purina One","DD PURINA ONE ML 03LB","Dry Dog","ROM","Family Dollar",571.428571428571,0
"Purina One","DW PURINA ONE 13OZ","Wet Dog","ROM","Family Dollar",571.428571428571,0
"Purina One","DD PURINA ONE TRU INST 02.8LB","Dry Dog","ROM","Family Dollar",571.428571428571,0
"Purina One","DD PURINA ONE TRU INST 02.8LB","Dry Dog","Retailer","Family Dollar",571.428571428571,0
"Purina One","DD PURINA ONE TRU INST 27.5LB","Dry Dog","ROM","Family Dollar",571.428571428571,0
"Purina One","DD PURINA ONE ML 16.5LB","Dry Dog","Retailer","Family Dollar",571.428571428571,0
"Purina One","DC PURINA ONE ML 02.8LB","Dry Cat","Retailer","Family Dollar",571.428571428571,0
"Purina One","DD PURINA ONE ML 03LB","Dry Dog","Retailer","Family Dollar",571.428571428571,0
"Purina One","DD PURINA ONE TRU INST 40LB","Dry Dog","ROM","Family Dollar",571.428571428571,0
"Purina One","DD PURINA ONE TRU INST HI-PRO 03.8LB","Dry Dog","ROM","Family Dollar",571.428571428571,0
"Purina One","DD PURINA ONE ML TRGTD 07.4-8LB","Dry Dog","ROM","Family Dollar",571.428571428571,0
"Purina One","DD PURINA ONE ML 40LB","Dry Dog","ROM","Family Dollar",571.428571428571,0
"Purina One","DD PURINA ONE ML 44LB","Dry Dog","ROM","Family Dollar",571.428571428571,0
"Purina One","DD PURINA ONE ML 31.1LB","Dry Dog","ROM","Family Dollar",571.428571428571,0
"Purina One","DC PURINA ONE TRU INST 14.4LB","Dry Cat","ROM","Family Dollar",571.428571428571,0
"Purina One","DD PURINA ONE TRU INST 12LB","Dry Dog","Retailer","Family Dollar",571.428571428571,0
"Purina One","CW PURINA ONE TRU INST 03OZ","Wet Cat","ROM","Family Dollar",571.428571428571,0
"Purina One","DC PURINA ONE TRU INST 06.3LB","Dry Cat","ROM","Family Dollar",571.428571428571,0
"Purina One","DD PURINA ONE ML TRGTD 16.5LB","Dry Dog","ROM","Family Dollar",571.428571428571,0
"Purina One","DC PURINA ONE TRGTD 07LB","Dry Cat","ROM","Family Dollar",571.428571428571,0
"Purina One","DD PURINA ONE TRU INST GF 06LB","Dry Dog","ROM","Family Dollar",571.428571428571,0
"Purina One","DW PURINA ONE TRU INST 13OZ 12CT","Wet Dog","ROM","Family Dollar",571.428571428571,0
"Purina One","DC PURINA ONE ML 07LB","Dry Cat","ROM","Family Dollar",571.428571428571,0
"Purina One","DD PURINA ONE TRU INST B&B 03.8LB","Dry Dog","ROM","Family Dollar",571.428571428571,0
"Purina One","DD PURINA ONE TRU INST B&B 36LB","Dry Dog","ROM","Family Dollar",571.428571428571,0
"Purina One","DC PURINA ONE ML 03.5LB","Dry Cat","ROM","Family Dollar",571.428571428571,0
"Purina One","CW PURINA ONE ML 03OZ 12CT","Wet Cat","ROM","Family Dollar",571.428571428571,0
"Purina One","DC PURINA ONE TRU INST 03.2LB","Dry Cat","ROM","Family Dollar",571.428571428571,0
"Purina One","DD PURINA ONE TRU INST 15LB","Dry Dog","ROM","Family Dollar",571.428571428571,0
"Purina One","DD PURINA ONE TRU INST HI-PRO 27.5LB","Dry Dog","ROM","Family Dollar",571.428571428571,0
"Purina One","DD PURINA ONE TRU INST B&B 15LB","Dry Dog","ROM","Family Dollar",571.428571428571,0
"Purina One","DD PURINA ONE TRU INST B&B 27.5LB","Dry Dog","ROM","Family Dollar",571.428571428571,0
"Purina One","DD PURINA ONE ML PUPPY 03LB","Dry Dog","ROM","Family Dollar",571.428571428571,0
"Purina One","DD PURINA ONE ML TRGTD 15LB","Dry Dog","ROM","Family Dollar",571.428571428571,0
"Purina One","CW PURINA ONE 03OZ","Wet Cat","ROM","Family Dollar",571.428571428571,0
"Purina One","DD PURINA ONE TRU INST 12LB","Dry Dog","ROM","Family Dollar",571.428571428571,0
"Purina One","DD PURINA ONE ML 04LB","Dry Dog","Retailer","Family Dollar",571.428571428571,0
"Purina One","DD PURINA ONE TRU INST HI-PRO 15LB","Dry Dog","ROM","Family Dollar",571.428571428571,0
"Purina One","DD PURINA ONE ML 34LB","Dry Dog","ROM","Family Dollar",571.428571428571,0
"Purina One","DW PURINA ONE TRU INST 13OZ","Wet Dog","ROM","Family Dollar",571.428571428571,0
"Purina One","DD PURINA ONE ML TRGTD 40LB","Dry Dog","ROM","Family Dollar",571.428571428571,0
"Purina One","DD PURINA ONE ML 04LB","Dry Dog","ROM","Family Dollar",571.428571428571,0
"Purina One","DD PURINA ONE ML 16.5LB","Dry Dog","ROM","Family Dollar",571.428571428571,0
"Tidy Cats","CL TIDY CATS CLUMP NON-LW BOX 23LB - BOX","Litter","ROM","Family Dollar",2500,1080
"Tidy Cats","CL TIDY CATS CLUMP NON-LW 40LB","Litter","ROM","Family Dollar",2500,1080
"Tidy Cats","CL TIDY CATS BREEZE ANTI-TRACK PELLETS 03.5LB","Litter","ROM","Family Dollar",2500,1080
"Tidy Cats","CL TIDY CATS NON-CLUMP 25LB","Litter","ROM","Family Dollar",2500,1080
"Tidy Cats","CL TIDY CATS CLUMP LW 08.5LB","Litter","ROM","Family Dollar",2500,1080
"Tidy Cats","CL TIDY CATS CLUMP LW 17LB - PAIL","Litter","ROM","Family Dollar",2500,1080
"Tidy Cats","CL TIDY CATS NON-CLUMP 52LB","Litter","ROM","Family Dollar",2500,1080
"Tidy Cats","CL TIDY CATS CLUMP NON-LW BOX 23LB - BOX","Litter","Retailer","Family Dollar",2500,1080
"Tidy Cats","CL TIDY CATS CLUMP LW 06LB","Litter","ROM","Family Dollar",2500,1080
"Tidy Cats","CL TIDY CATS BREEZE ENHANCED PELLETS 03.5LB","Litter","ROM","Family Dollar",2500,1080
"Tidy Cats","CL TIDY CATS BREEZE PADS 10CT","Litter","ROM","Family Dollar",2500,1080
"Tidy Cats","CL TIDY CATS NON-CLUMP 20LB","Litter","ROM","Family Dollar",2500,1080
"Tidy Cats","CL TIDY CATS NON-CLUMP 50LB","Litter","ROM","Family Dollar",2500,1080
"Tidy Cats","CL TIDY CATS NAT STRG NON-CLUMP 20LB","Litter","ROM","Family Dollar",2500,1080
"Tidy Cats","CL TIDY CATS CLUMP NON-LW 14LB","Litter","Retailer","Family Dollar",2500,1080
"Tidy Cats","CL TIDY CATS BREEZE GLADE PADS 08CT","Litter","ROM","Family Dollar",2500,1080
"Tidy Cats","CL TIDY CATS BREEZE STARTER HOOD","Litter","ROM","Family Dollar",2500,1080
"Tidy Cats","CL TIDY CATS CLUMP NON-LW 10LB","Litter","ROM","Family Dollar",2500,1080
"Tidy Cats","CL TIDY CATS NON-CLUMP 40LB","Litter","ROM","Family Dollar",2500,1080
"Tidy Cats","CL TIDY CATS NON-CLUMP 20LB","Litter","Retailer","Family Dollar",2500,1080
"Tidy Cats","CL TIDY CATS NON-CLUMP 30LB","Litter","ROM","Family Dollar",2500,1080
"Tidy Cats","CL TIDY CATS PURE NATURE ALT 07.5LB","Litter","ROM","Family Dollar",2500,1080
"Tidy Cats","CL TIDY CATS CLUMP NON-LW 35LB","Litter","ROM","Family Dollar",2500,1080
"Tidy Cats","CL TIDY CATS NAT STRG NON-CLUMP 35LB","Litter","ROM","Family Dollar",2500,1080
"Tidy Cats","CL TIDY CATS CLUMP LW 06LB","Litter","Retailer","Family Dollar",2500,1080
"Tidy Cats","CL TIDY CATS BREEZE STARTER ORIGINAL","Litter","ROM","Family Dollar",2500,1080
"Tidy Cats","CL TIDY CATS BREEZE PADS 04CT","Litter","ROM","Family Dollar",2500,1080
"Tidy Cats","CL TIDY CATS CLUMP NON-LW PAIL 38LB","Litter","ROM","Family Dollar",2500,1080
"Tidy Cats","CL TIDY CATS CLUMP LW 19.5LB","Litter","ROM","Family Dollar",2500,1080
"Tidy Cats","CL TIDY CATS NAT STRG CLUMP 14LB","Litter","ROM","Family Dollar",2500,1080
"Tidy Cats","CL TIDY CATS NON-CLUMP 10LB","Litter","ROM","Family Dollar",2500,1080
"Tidy Cats","CL TIDY CATS CLUMP NON-LW 20LB 2PK","Litter","ROM","Family Dollar",2500,1080
"Tidy Cats","CL TIDY CATS BREEZE PELLETS 03.5LB","Litter","ROM","Family Dollar",2500,1080
"Tidy Cats","CL TIDY CATS CLUMP NON-LW BAG ECOM 40LB","Litter","ROM","Family Dollar",2500,1080
"Tidy Cats","CL TIDY CATS CLUMP NON-LW 20LB","Litter","ROM","Family Dollar",2500,1080
"Tidy Cats","CL TIDY CATS PURE NATURE ALT 12LB","Litter","ROM","Family Dollar",2500,1080
"Tidy Cats","CL TIDY CATS NON-CLUMP 10LB","Litter","Retailer","Family Dollar",2500,1080
"Tidy Cats","CL TIDY CATS CLUMP NON-LW 14LB","Litter","ROM","Family Dollar",2500,1080
"Trekker's","DT TREKKERS MT 05OZ","Dog Treats","ROM","Family Dollar",0,0
"Whisker Lickins","CT WHISKER LICKINS CR 01.7OZ","Cat Treats","ROM","Family Dollar",0,0
"Whisker Lickins","CT WHISKER LICKINS CR 10OZ","Cat Treats","ROM","Family Dollar",0,0
"Whisker Lickins","CT WHISKER LICKINS CR 04OZ","Cat Treats","ROM","Family Dollar",0,0
"Whisker Lickins","CT WHISKER LICKINS AO","Cat Treats","ROM","Family Dollar",0,0
"Whole Earth Farms","DD WHOLE EARTH FARMS GF 04LB","Dry Dog","ROM","Family Dollar",0,0
"Whole Earth Farms","DW WHOLE EARTH FARMS 12.7OZ","Wet Dog","ROM","Family Dollar",0,0
"Whole Earth Farms","DD WHOLE EARTH FARMS GF 25LB","Dry Dog","ROM","Family Dollar",0,0
"Yesterday's News","CL YESTERDAYS NEWS ALT 13.2LB","Litter","ROM","Family Dollar",0,0
"Yesterday's News","CL YESTERDAYS NEW ALT 20LB","Litter","ROM","Family Dollar",0,0
"Yesterday's News","CL YESTERDAYS NEWS ALT 15LB","Litter","ROM","Family Dollar",0,0
"Yesterday's News","CL YESTERDAYS NEW ALT 10LB","Litter","ROM","Family Dollar",0,0
"Zuke's","DT ZUKES HIP ACTION MT 16OZ","Dog Treats","ROM","Family Dollar",0,0
"Zuke's","DT ZUKES HIP ACTION MT 06OZ","Dog Treats","ROM","Family Dollar",0,0
"Zuke's","DT ZUKES MINI NTRLS MT 06OZ","Dog Treats","ROM","Family Dollar",0,0
"Zuke's","DT ZUKES MINI NTRLS MT 16OZ","Dog Treats","ROM","Family Dollar",0,0
