"PPG_Item_No","PPG_Cat","PPG_Item","MFG","Market","Retailer","Model_flag","PPG_Brand"
"ITEM10002CTFANCYFEASTSAVORYPUREE","Cat Treats","CT FANCY FEAST SAVORY PUREE 1.4OZ","NPP","Retailer","Meijer",0,"Fancy Feast"
"ITEM1007DDPURINAONEML","Dry Dog","DD PURINA ONE ML 16.5LB","NPP","Retailer","Meijer",2,"Purina One"
"ITEM1007DDPURINAONEML","Dry Dog","DD PURINA ONE ML 16.5LB","NPP","ROM","Meijer",2,"Purina One"
"ITEM1012DTPURINAONETRUEINSTAOF","Dog Treats","DT PURINA ONE TRUE INST AOF","NPP","Retailer","Meijer",0,"Purina One"
"ITEM1014DDDOGCHOWGREENBG","Dry Dog","DD DOG CHOW GREEN BG 04LB","NPP","ROM","Meijer",1,"Dog Chow Line"
"ITEM1015DDPURINAONEML","Dry Dog","DD PURINA ONE ML 31.1LB","NPP","Retailer","Meijer",2,"Purina One"
"ITEM1015DDPURINAONEML","Dry Dog","DD PURINA ONE ML 31.1LB","NPP","ROM","Meijer",2,"Purina One"
"ITEM1018DDPURINAONETRUINST","Dry Dog","DD PURINA ONE TRU INST 36LB","NPP","Retailer","Meijer",2,"Purina One"
"ITEM1018DDPURINAONETRUINST","Dry Dog","DD PURINA ONE TRU INST 36LB","NPP","ROM","Meijer",2,"Purina One"
"ITEM1022DDDOGCHOWGREENBG","Dry Dog","DD DOG CHOW GREEN BG 14LB","NPP","ROM","Meijer",1,"Dog Chow Line"
"ITEM1023DDPURINAONETRUINST","Dry Dog","DD PURINA ONE TRU INST 40LB","NPP","ROM","Meijer",1,"Purina One"
"ITEM1024DDPURINAONEML","Dry Dog","DD PURINA ONE ML 40LB","NPP","Retailer","Meijer",2,"Purina One"
"ITEM1024DDPURINAONEML","Dry Dog","DD PURINA ONE ML 40LB","NPP","ROM","Meijer",2,"Purina One"
"ITEM1025DDDOGCHOWGREENBG","Dry Dog","DD DOG CHOW GREEN BG 57LB","NPP","ROM","Meijer",1,"Dog Chow Line"
"ITEM1026DDPURINAONETRUINST","Dry Dog","DD PURINA ONE TRU INST 12LB","NPP","ROM","Meijer",1,"Purina One"
"ITEM1029DDDOGCHOWGREENBG","Dry Dog","DD DOG CHOW GREEN BG 48-55LB","NPP","Retailer","Meijer",1,"Dog Chow Line"
"ITEM1029DDDOGCHOWGREENBG","Dry Dog","DD DOG CHOW GREEN BG 48-55LB","NPP","ROM","Meijer",1,"Dog Chow Line"
"ITEM1030DDMOISTANDMEATY","Dry Dog","DD MOIST AND MEATY 036OZ","NPP","ROM","Meijer",1,"Moist & Meaty"
"ITEM1032DDALPO","Dry Dog","DD ALPO 14LB","NPP","ROM","Meijer",1,"Alpo"
"ITEM1034DDBENEFUL","Dry Dog","DD BENEFUL 48LB","NPP","ROM","Meijer",1,"Beneful"
"ITEM1036DDMOISTANDMEATY","Dry Dog","DD MOIST AND MEATY 360OZ","NPP","ROM","Meijer",1,"Moist & Meaty"
"ITEM1038DDPURINAONEML","Dry Dog","DD PURINA ONE ML 44LB","NPP","ROM","Meijer",1,"Purina One"
"ITEM1041DDPURINAONEMLTRGTD","Dry Dog","DD PURINA ONE ML TRGTD 15LB","NPP","ROM","Meijer",1,"Purina One"
"ITEM1058DDPURINAONETRUINSTHIPRO","Dry Dog","DD PURINA ONE TRU INST HI-PRO 03.8LB","NPP","Retailer","Meijer",2,"Purina One"
"ITEM1058DDPURINAONETRUINSTHIPRO","Dry Dog","DD PURINA ONE TRU INST HI-PRO 03.8LB","NPP","ROM","Meijer",1,"Purina One"
"ITEM1059DDPURINAONETRUINSTHIPRO","Dry Dog","DD PURINA ONE TRU INST HI-PRO 15LB","NPP","Retailer","Meijer",2,"Purina One"
"ITEM1059DDPURINAONETRUINSTHIPRO","Dry Dog","DD PURINA ONE TRU INST HI-PRO 15LB","NPP","ROM","Meijer",2,"Purina One"
"ITEM105CWBEYOND","Wet Cat","CW BEYOND 03OZ 12CT","NPP","Retailer","Meijer",2,"Beyond"
"ITEM105CWBEYOND","Wet Cat","CW BEYOND 03OZ 12CT","NPP","ROM","Meijer",1,"Beyond"
"ITEM1060DDPURINAONETRUINSTHIPRO","Dry Dog","DD PURINA ONE TRU INST HI-PRO 27.5LB","NPP","Retailer","Meijer",2,"Purina One"
"ITEM1060DDPURINAONETRUINSTHIPRO","Dry Dog","DD PURINA ONE TRU INST HI-PRO 27.5LB","NPP","ROM","Meijer",1,"Purina One"
"ITEM106PURINAONETRUINST","Dry Cat","DC PURINA ONE TRU INST 14.4LB","NPP","Retailer","Meijer",2,"Purina One"
"ITEM1076DDPURINAONEMLTRGTD","Dry Dog","DD PURINA ONE ML TRGTD 16.5LB","NPP","Retailer","Meijer",2,"Purina One"
"ITEM1076DDPURINAONEMLTRGTD","Dry Dog","DD PURINA ONE ML TRGTD 16.5LB","NPP","ROM","Meijer",2,"Purina One"
"ITEM1077DDPURINAONEMLTRGTD","Dry Dog","DD PURINA ONE ML TRGTD 07.4-8LB","NPP","Retailer","Meijer",2,"Purina One"
"ITEM1077DDPURINAONEMLTRGTD","Dry Dog","DD PURINA ONE ML TRGTD 07.4-8LB","NPP","ROM","Meijer",2,"Purina One"
"ITEM1078DDPURINAONEMLTRGTD","Dry Dog","DD PURINA ONE ML TRGTD 31.1LB","NPP","Retailer","Meijer",2,"Purina One"
"ITEM1078DDPURINAONEMLTRGTD","Dry Dog","DD PURINA ONE ML TRGTD 31.1LB","NPP","ROM","Meijer",1,"Purina One"
"ITEM1089DDDOGCHOWHIPROTEIN","Dry Dog","DD DOG CHOW HI PROTEIN 03.5LB","NPP","Retailer","Meijer",1,"Dog Chow Line"
"ITEM1089DDDOGCHOWHIPROTEIN","Dry Dog","DD DOG CHOW HI PROTEIN 03.5LB","NPP","ROM","Meijer",1,"Dog Chow Line"
"ITEM1091DDDOGCHOWHIPROTEIN","Dry Dog","DD DOG CHOW HI PROTEIN 20LB","NPP","Retailer","Meijer",2,"Dog Chow Line"
"ITEM1091DDDOGCHOWHIPROTEIN","Dry Dog","DD DOG CHOW HI PROTEIN 20LB","NPP","ROM","Meijer",1,"Dog Chow Line"
"ITEM1104DDPURINAONEMLPUPPY","Dry Dog","DD PURINA ONE ML PUPPY 03LB","NPP","ROM","Meijer",1,"Purina One"
"ITEM1105DDBEYONDORGANIC","Dry Dog","DD BEYOND ORGANIC 03LB","NPP","Retailer","Meijer",2,"Beyond"
"ITEM1105DDBEYONDORGANIC","Dry Dog","DD BEYOND ORGANIC 03LB","NPP","ROM","Meijer",1,"Beyond"
"ITEM1106DDBEYONDORGANIC","Dry Dog","DD BEYOND ORGANIC 06LB","NPP","Retailer","Meijer",1,"Beyond"
"ITEM1106DDBEYONDORGANIC","Dry Dog","DD BEYOND ORGANIC 06LB","NPP","ROM","Meijer",1,"Beyond"
"ITEM1110DDMERRICKBACKCOUNTRY","Dry Dog","DD MERRICK BACKCOUNTRY 20LB","NPP","ROM","Meijer",1,"Merrick"
"ITEM1113DDDOGCHOWHIPROTEIN","Dry Dog","DD DOG CHOW HI PROTEIN 13LB","NPP","ROM","Meijer",1,"Dog Chow Line"
"ITEM111PURINAONETRUINST","Dry Cat","DC PURINA ONE TRU INST 03.2LB","NPP","Retailer","Meijer",2,"Purina One"
"ITEM111PURINAONETRUINST","Dry Cat","DC PURINA ONE TRU INST 03.2LB","NPP","ROM","Meijer",1,"Purina One"
"ITEM1122DTTREKKERSMT","Dog Treats","DT TREKKERS MT 05OZ","NPP","ROM","Meijer",1,"Trekker's"
"ITEM1138DTZUKESMININTRLSMT","Dog Treats","DT ZUKES MINI NTRLS MT 06OZ","NPP","ROM","Meijer",1,"Zuke's"
"ITEM1157DDPROPLANDEVPUPPY","Dry Dog","DD PRO PLAN DEV PUPPY 16-18LB","NPP","ROM","Meijer",1,"Pro Plan"
"ITEM11MTYDG","Wet Dog","DW MTY DG 05.5OZ 12CT","NPP","Retailer","Meijer",0,"Mighty Dog"
"ITEM1203DDPURINAONETRUINSTBNB","Dry Dog","DD PURINA ONE TRU INST B&B 15LB","NPP","Retailer","Meijer",1,"Purina One"
"ITEM1203DDPURINAONETRUINSTBNB","Dry Dog","DD PURINA ONE TRU INST B&B 15LB","NPP","ROM","Meijer",1,"Purina One"
"ITEM1205DDPURINAONETRUINSTBNB","Dry Dog","DD PURINA ONE TRU INST B&B 27.5LB","NPP","Retailer","Meijer",0,"Purina One"
"ITEM1205DDPURINAONETRUINSTBNB","Dry Dog","DD PURINA ONE TRU INST B&B 27.5LB","NPP","ROM","Meijer",1,"Purina One"
"ITEM1207BEYONDMIXERSSUPPORT","Dry Dog","DW BEYOND BEEF JERKY BOOST 05OZ","NPP","Retailer","Meijer",1,"Beyond"
"ITEM1228DDPROPLANDEVPUPPY","Dry Dog","DD PRO PLAN DEV PUPPY 04-6LB","NPP","ROM","Meijer",1,"Pro Plan"
"ITEM12BEGGINMT","Dog Treats","DT BEGGIN MT 40OZ","NPP","Retailer","Meijer",2,"Beggin'"
"ITEM12BEGGINMT","Dog Treats","DT BEGGIN MT 40OZ","NPP","ROM","Meijer",2,"Beggin'"
"ITEM12CWFRISKIES","Wet Cat","CW FRISKIES 05.5OZ 40CT","NPP","Retailer","Meijer",2,"Friskies"
"ITEM12CWFRISKIES","Wet Cat","CW FRISKIES 05.5OZ 40CT","NPP","ROM","Meijer",2,"Friskies"
"ITEM1302DDDOGCHOWHIPROTEIN","Dry Dog","DD DOG CHOW HI PROTEIN 48LB","NPP","Retailer","Meijer",1,"Dog Chow Line"
"ITEM1302DDDOGCHOWHIPROTEIN","Dry Dog","DD DOG CHOW HI PROTEIN 48LB","NPP","ROM","Meijer",1,"Dog Chow Line"
"ITEM1303DDBENEFUL","Dry Dog","DD BENEFUL 28LB","NPP","Retailer","Meijer",2,"Beneful"
"ITEM1303DDBENEFUL","Dry Dog","DD BENEFUL 28LB","NPP","ROM","Meijer",1,"Beneful"
"ITEM1305DDALPO","Dry Dog","DD ALPO 28-31LB","NPP","ROM","Meijer",1,"Alpo"
"ITEM1309DDBENEFULPREMIUM","Dry Dog","DD BENEFUL PREMIUM 03LB","NPP","ROM","Meijer",1,"Beneful"
"ITEM1310DDBENEFULPREMIUM","Dry Dog","DD BENEFUL PREMIUM 03.3-4.5LB","NPP","Retailer","Meijer",2,"Beneful"
"ITEM1310DDBENEFULPREMIUM","Dry Dog","DD BENEFUL PREMIUM 03.3-4.5LB","NPP","ROM","Meijer",1,"Beneful"
"ITEM1311DDBENEFUL","Dry Dog","DD BENEFUL 12LB","NPP","ROM","Meijer",1,"Beneful"
"ITEM1312DDBENEFUL","Dry Dog","DD BENEFUL 14LB","NPP","Retailer","Meijer",2,"Beneful"
"ITEM1312DDBENEFUL","Dry Dog","DD BENEFUL 14LB","NPP","ROM","Meijer",2,"Beneful"
"ITEM1313DDBENEFUL","Dry Dog","DD BENEFUL 03.5LB","NPP","Retailer","Meijer",2,"Beneful"
"ITEM1313DDBENEFUL","Dry Dog","DD BENEFUL 03.5LB","NPP","ROM","Meijer",2,"Beneful"
"ITEM1314DDBENEFUL","Dry Dog","DD BENEFUL 40LB","NPP","Retailer","Meijer",2,"Beneful"
"ITEM1314DDBENEFUL","Dry Dog","DD BENEFUL 40LB","NPP","ROM","Meijer",2,"Beneful"
"ITEM1316DDBEYONDORGANIC","Dry Dog","DD BEYOND ORGANIC 13LB","NPP","Retailer","Meijer",1,"Beyond"
"ITEM1318DDBEYONDSMP","Dry Dog","DD BEYOND SMP9 24LB","NPP","Retailer","Meijer",1,"Beyond"
"ITEM1334DDCNPORGANIX","Dry Dog","DD C&P ORGANIX 04LB","NPP","ROM","Meijer",1,"A/O Brand"
"ITEM1335DDCNPORGANIX","Dry Dog","DD C&P ORGANIX 10LB","NPP","ROM","Meijer",1,"A/O Brand"
"ITEM1336DDCNPORGANIX","Dry Dog","DD C&P ORGANIX 18LB","NPP","ROM","Meijer",1,"A/O Brand"
"ITEM1337DDCNPPRISTINE","Dry Dog","DD C&P PRISTINE 10LB","NPP","ROM","Meijer",1,"A/O Brand"
"ITEM1338DDCNPPRISTINE","Dry Dog","DD C&P PRISTINE 04LB","NPP","ROM","Meijer",1,"A/O Brand"
"ITEM1339DDCNPPRISTINE","Dry Dog","DD C&P PRISTINE 18LB","NPP","ROM","Meijer",1,"A/O Brand"
"ITEM133BEGGINMT","Dog Treats","DT BEGGIN MT 48OZ","NPP","Retailer","Meijer",2,"Beggin'"
"ITEM133BEGGINMT","Dog Treats","DT BEGGIN MT 48OZ","NPP","ROM","Meijer",1,"Beggin'"
"ITEM1347DDDOGCHOWGREENBG","Dry Dog","DD DOG CHOW GREEN BG 33.6-36LB","NPP","Retailer","Meijer",1,"Dog Chow Line"
"ITEM1347DDDOGCHOWGREENBG","Dry Dog","DD DOG CHOW GREEN BG 33.6-36LB","NPP","ROM","Meijer",1,"Dog Chow Line"
"ITEM1348DDDOGCHOWLX","Dry Dog","DD DOG CHOW LX 03.5LB","NPP","ROM","Meijer",1,"Dog Chow Line"
"ITEM135BENEFULSPRFOOD","Wet Dog","DW BENEFUL SPRFOOD 09OZ","NPP","Retailer","Meijer",2,"Beneful"
"ITEM135BENEFULSPRFOOD","Wet Dog","DW BENEFUL SPRFOOD 09OZ","NPP","ROM","Meijer",1,"Beneful"
"ITEM135CWBEYOND","Wet Cat","CW BEYOND 03OZ 6CT","NPP","Retailer","Meijer",2,"Beyond"
"ITEM135CWBEYOND","Wet Cat","CW BEYOND 03OZ 6CT","NPP","ROM","Meijer",1,"Beyond"
"ITEM137BEYONDML","Wet Dog","DW BEYOND GR FR 13OZ 6CT","NPP","Retailer","Meijer",2,"Beyond"
"ITEM137BEYONDML","Wet Dog","DW BEYOND GR FR 13OZ 6CT","NPP","ROM","Meijer",1,"Beyond"
"ITEM137BUSYCW","Dog Treats","DT BUSY CW 35OZ","NPP","Retailer","Meijer",2,"Busy"
"ITEM137BUSYCW","Dog Treats","DT BUSY CW 35OZ","NPP","ROM","Meijer",2,"Busy"
"ITEM138KITKABOODLE","Dry Cat","DC KIT KABOODLE 30LB","NPP","Retailer","Meijer",2,"Kit & Kaboodle"
"ITEM138KITKABOODLE","Dry Cat","DC KIT KABOODLE 30LB","NPP","ROM","Meijer",2,"Kit & Kaboodle"
"ITEM1398DDMERRICKGRFR","Dry Dog","DD MERRICK GR FR 22LB","NPP","ROM","Meijer",1,"Merrick"
"ITEM1403DDMOISTANDMEATYHIPROTEIN","Dry Dog","DD MOIST AND MEATY HI PROTEIN 72OZ","NPP","Retailer","Meijer",2,"Moist & Meaty"
"ITEM1403DDMOISTANDMEATYHIPROTEIN","Dry Dog","DD MOIST AND MEATY HI PROTEIN 72OZ","NPP","ROM","Meijer",2,"Moist & Meaty"
"ITEM1410CDBEYOND","Dry Cat","DC BEYOND KITTEN 05LB","NPP","Retailer","Meijer",2,"Beyond"
"ITEM1414FANCYFEAST","Dry Cat","DC FANCY FEAST 12LB","NPP","Retailer","Meijer",2,"Fancy Feast"
"ITEM1414FANCYFEAST","Dry Cat","DC FANCY FEAST 12LB","NPP","ROM","Meijer",1,"Fancy Feast"
"ITEM1418FRISKIESML","Dry Cat","DC FRISKIES ML 16LB","NPP","Retailer","Meijer",2,"Friskies"
"ITEM1418FRISKIESML","Dry Cat","DC FRISKIES ML 16LB","NPP","ROM","Meijer",2,"Friskies"
"ITEM1438DDPROPLANDEVPUPPY","Dry Dog","DD PRO PLAN DEV PUPPY 24-34LB","NPP","ROM","Meijer",1,"Pro Plan"
"ITEM1439DDPROPLANESSENTIAL","Dry Dog","DD PRO PLAN ESSENTIAL 17-18LB","NPP","ROM","Meijer",1,"Pro Plan"
"ITEM1440DDPROPLANSPECIALIZED","Dry Dog","DD PRO PLAN SPECIALIZED 16-18LB","NPP","ROM","Meijer",1,"Pro Plan"
"ITEM1441DDPROPLANSPECIALIZED","Dry Dog","DD PRO PLAN SPECIALIZED 24-34LB","NPP","ROM","Meijer",1,"Pro Plan"
"ITEM1442DDPROPLANSPECIALIZED","Dry Dog","DD PRO PLAN SPECIALIZED 04-6LB","NPP","ROM","Meijer",1,"Pro Plan"
"ITEM1445DDPROPLANSPORT","Dry Dog","DD PRO PLAN SPORT 50LB","NPP","ROM","Meijer",1,"Pro Plan"
"ITEM1447DDPROPLANSPORTBREEDER","Dry Dog","DD PRO PLAN SPORT BREEDER 37.5LB","NPP","ROM","Meijer",1,"Pro Plan"
"ITEM1448DDPUPPYCHOW","Dry Dog","DD PUPPY CHOW 32-36LB","NPP","Retailer","Meijer",2,"Dog Chow Line"
"ITEM1448DDPUPPYCHOW","Dry Dog","DD PUPPY CHOW 32-36LB","NPP","ROM","Meijer",2,"Dog Chow Line"
"ITEM1449DDPUPPYCHOW","Dry Dog","DD PUPPY CHOW 04LB","NPP","ROM","Meijer",1,"Dog Chow Line"
"ITEM1450DDPUPPYCHOW","Dry Dog","DD PUPPY CHOW 40LB","NPP","ROM","Meijer",1,"Dog Chow Line"
"ITEM1451DDPURINAONEMLTRGTD","Dry Dog","DD PURINA ONE ML TRGTD 12.5LB","NPP","ROM","Meijer",1,"Purina One"
"ITEM1453DDPURINAONEML","Dry Dog","DD PURINA ONE ML 13.5LB","NPP","ROM","Meijer",1,"Purina One"
"ITEM1455DDPURINAONETRUINSTBNB","Dry Dog","DD PURINA ONE TRU INST B&B 03.8LB","NPP","Retailer","Meijer",1,"Purina One"
"ITEM1455DDPURINAONETRUINSTBNB","Dry Dog","DD PURINA ONE TRU INST B&B 03.8LB","NPP","ROM","Meijer",1,"Purina One"
"ITEM1456DDPURINAONETRUINSTBNB","Dry Dog","DD PURINA ONE TRU INST B&B 36LB","NPP","ROM","Meijer",1,"Purina One"
"ITEM1457DDPURINAONETRUINST","Dry Dog","DD PURINA ONE TRU INST 02.8LB","NPP","ROM","Meijer",1,"Purina One"
"ITEM145DENTALIFEDT","Dog Treats","DT DENTALIFE DT 17.1-20.7OZ","NPP","Retailer","Meijer",2,"Dentalife"
"ITEM145DENTALIFEDT","Dog Treats","DT DENTALIFE DT 17.1-20.7OZ","NPP","ROM","Meijer",2,"Dentalife"
"ITEM1470CATCHOWNATURALSGF","Dry Cat","DC CAT CHOW NATURALS GF 06.3LB","NPP","Retailer","Meijer",1,"Cat Chow Line"
"ITEM1470CATCHOWNATURALSGF","Dry Cat","DC CAT CHOW NATURALS GF 06.3LB","NPP","ROM","Meijer",1,"Cat Chow Line"
"ITEM1479KITKABOODLE","Dry Cat","DC KIT KABOODLE 22LB","NPP","Retailer","Meijer",2,"Kit & Kaboodle"
"ITEM1479KITKABOODLE","Dry Cat","DC KIT KABOODLE 22LB","NPP","ROM","Meijer",2,"Kit & Kaboodle"
"ITEM147CWFANCYFEASTMEDLEYS","Wet Cat","CW FANCY FEAST MEDLEYS 03OZ 24CT","NPP","Retailer","Meijer",1,"Fancy Feast"
"ITEM1489KITKABOODLE","Dry Cat","DC KIT KABOODLE 13LB","NPP","Retailer","Meijer",2,"Kit & Kaboodle"
"ITEM1489KITKABOODLE","Dry Cat","DC KIT KABOODLE 13LB","NPP","ROM","Meijer",2,"Kit & Kaboodle"
"ITEM1494FANCYFEAST","Dry Cat","DC FANCY FEAST 03LB","NPP","Retailer","Meijer",2,"Fancy Feast"
"ITEM1494FANCYFEAST","Dry Cat","DC FANCY FEAST 03LB","NPP","ROM","Meijer",2,"Fancy Feast"
"ITEM14ALPO","Wet Dog","DW ALPO 13.0-13.2OZ","NPP","Retailer","Meijer",1,"Alpo"
"ITEM14ALPO","Wet Dog","DW ALPO 13.0-13.2OZ","NPP","ROM","Meijer",1,"Alpo"
"ITEM14BEYONDGRFR","Dry Cat","DC BEYOND GR FR 03LB","NPP","Retailer","Meijer",2,"Beyond"
"ITEM14BEYONDGRFR","Dry Cat","DC BEYOND GR FR 03LB","NPP","ROM","Meijer",2,"Beyond"
"ITEM1518FRISKIESML","Dry Cat","DC FRISKIES ML 03.2LB","NPP","Retailer","Meijer",2,"Friskies"
"ITEM1518FRISKIESML","Dry Cat","DC FRISKIES ML 03.2LB","NPP","ROM","Meijer",2,"Friskies"
"ITEM1520FRISKIESFRMFAV","Dry Cat","DC FRISKIES FRM FAV 16LB","NPP","Retailer","Meijer",2,"Friskies"
"ITEM1520FRISKIESFRMFAV","Dry Cat","DC FRISKIES FRM FAV 16LB","NPP","ROM","Meijer",2,"Friskies"
"ITEM152CWFANCYFEASTSAVRYCNTR","Wet Cat","CW FANCY FEAST SAVRY CNTR 03OZ 12CT","NPP","Retailer","Meijer",2,"Fancy Feast"
"ITEM152CWFANCYFEASTSAVRYCNTR","Wet Cat","CW FANCY FEAST SAVRY CNTR 03OZ 12CT","NPP","ROM","Meijer",1,"Fancy Feast"
"ITEM1545FANCYFEASTNATURALS","Dry Cat","DC FANCY FEAST NAT 07LB","NPP","Retailer","Meijer",0,"Fancy Feast"
"ITEM154DOGCHOWML","Wet Dog","DW DOG CHOW ML 13 OZ 12CT","NPP","Retailer","Meijer",1,"Dog Chow Line"
"ITEM154DOGCHOWML","Wet Dog","DW DOG CHOW ML 13 OZ 12CT","NPP","ROM","Meijer",1,"Dog Chow Line"
"ITEM1579PURINAONEMLHWMINDOOR","Dry Cat","DC PURINA ONE TRGTD 22LB","NPP","Retailer","Meijer",2,"Purina One"
"ITEM1582CATCHOWNATURALSGF","Dry Cat","DC CAT CHOW NATURALS GF 03.2LB","NPP","Retailer","Meijer",1,"Cat Chow Line"
"ITEM1582CATCHOWNATURALSGF","Dry Cat","DC CAT CHOW NATURALS GF 03.2LB","NPP","ROM","Meijer",1,"Cat Chow Line"
"ITEM1586CATCHOWNATURALSGF","Dry Cat","DC CAT CHOW NATURALS GF 13LB","NPP","Retailer","Meijer",1,"Cat Chow Line"
"ITEM1586CATCHOWNATURALSGF","Dry Cat","DC CAT CHOW NATURALS GF 13LB","NPP","ROM","Meijer",1,"Cat Chow Line"
"ITEM158TIDYCATSCLUMPNONLW","Litter","CL TIDY CATS CLUMP NON-LW 20LB","NPP","Retailer","Meijer",2,"Tidy Cats"
"ITEM158TIDYCATSCLUMPNONLW","Litter","CL TIDY CATS CLUMP NON-LW 20LB","NPP","ROM","Meijer",2,"Tidy Cats"
"ITEM15CWPURINAONEML","Wet Cat","CW PURINA ONE TRU INST 03OZ 12CT","NPP","Retailer","Meijer",2,"Purina One"
"ITEM15CWPURINAONEML","Wet Cat","CW PURINA ONE TRU INST 03OZ 12CT","NPP","ROM","Meijer",1,"Purina One"
"ITEM160BEYOND","Dry Cat","DC BEYOND SIMPLY 13LB","NPP","Retailer","Meijer",2,"Beyond"
"ITEM1625FRISKIESFRMFAV","Dry Cat","DC FRISKIES FRM FAV 03.2LB","NPP","Retailer","Meijer",2,"Friskies"
"ITEM1625FRISKIESFRMFAV","Dry Cat","DC FRISKIES FRM FAV 03.2LB","NPP","ROM","Meijer",2,"Friskies"
"ITEM163BEYONDREGIONAL","Wet Dog","DW BEYOND PREMIUM 13OZ","NPP","Retailer","Meijer",0,"Beyond"
"ITEM163BEYONDREGIONAL","Wet Dog","DW BEYOND PREMIUM 13OZ","NPP","ROM","Meijer",1,"Beyond"
"ITEM1641BEYONDORGANIC","Dry Cat","DC BEYOND ORGANIC 05LB","NPP","Retailer","Meijer",2,"Beyond"
"ITEM1641BEYONDORGANIC","Dry Cat","DC BEYOND ORGANIC 05LB","NPP","ROM","Meijer",1,"Beyond"
"ITEM1643FRISKIESFRMFAV","Dry Cat","DC FRISKIES FRM FAV 22LB","NPP","Retailer","Meijer",2,"Friskies"
"ITEM1653DCBEYONDKITTEN","Dry Cat","DC BEYOND KITTEN 03LB","NPP","Retailer","Meijer",2,"Beyond"
"ITEM1654DCBEYONDSIMPLY","Dry Cat","DC BEYOND SIMPLY 03LB","NPP","Retailer","Meijer",2,"Beyond"
"ITEM1654DCBEYONDSIMPLY","Dry Cat","DC BEYOND SIMPLY 03LB","NPP","ROM","Meijer",1,"Beyond"
"ITEM1655DCBEYONDORGANIC","Dry Cat","DC BEYOND ORGANIC 03LB","NPP","Retailer","Meijer",2,"Beyond"
"ITEM1655DCBEYONDORGANIC","Dry Cat","DC BEYOND ORGANIC 03LB","NPP","ROM","Meijer",1,"Beyond"
"ITEM1656DCBEYONDREGIONAL","Dry Cat","DC BEYOND REGIONAL 05LB","NPP","Retailer","Meijer",0,"Beyond"
"ITEM166CLTIDYCATSNONCLUMP","Litter","CL TIDY CATS NON-CLUMP 20LB","NPP","Retailer","Meijer",2,"Tidy Cats"
"ITEM166CLTIDYCATSNONCLUMP","Litter","CL TIDY CATS NON-CLUMP 20LB","NPP","ROM","Meijer",2,"Tidy Cats"
"ITEM1675DCCNPORGANIX","Dry Cat","DC C&P ORGANIX 03-4LB","NPP","ROM","Meijer",1,"A/O Brand"
"ITEM167DENTALIFEACTIVEFRESHDT","Dog Treats","DT DENTALIFE ACTIVEFRESH DT 06.1-7.2OZ","NPP","Retailer","Meijer",2,"Dentalife"
"ITEM167DENTALIFEACTIVEFRESHDT","Dog Treats","DT DENTALIFE ACTIVEFRESH DT 06.1-7.2OZ","NPP","ROM","Meijer",2,"Dentalife"
"ITEM167DOGCHOWML","Wet Dog","DW DOG CHOW ML 13 OZ 06CT","NPP","Retailer","Meijer",1,"Dog Chow Line"
"ITEM167DOGCHOWML","Wet Dog","DW DOG CHOW ML 13 OZ 06CT","NPP","ROM","Meijer",1,"Dog Chow Line"
"ITEM1680DCCATKITTENCHOW","Dry Cat","DC CAT/KITTEN CHOW 13-15LB","NPP","Retailer","Meijer",2,"Cat Chow Line"
"ITEM1680DCCATKITTENCHOW","Dry Cat","DC CAT/KITTEN CHOW 13-15LB","NPP","ROM","Meijer",2,"Cat Chow Line"
"ITEM1681DCCATKITTENCHOW","Dry Cat","DC CAT/KITTEN CHOW 12LB","NPP","ROM","Meijer",1,"Cat Chow Line"
"ITEM1682DCCATKITTENCHOW","Dry Cat","DC CAT/KITTEN CHOW 20LB","NPP","Retailer","Meijer",2,"Cat Chow Line"
"ITEM1682DCCATKITTENCHOW","Dry Cat","DC CAT/KITTEN CHOW 20LB","NPP","ROM","Meijer",2,"Cat Chow Line"
"ITEM1683DCCATKITTENCHOW","Dry Cat","DC CAT/KITTEN CHOW 25LB","NPP","ROM","Meijer",1,"Cat Chow Line"
"ITEM1684DCCATKITTENCHOW","Dry Cat","DC CAT/KITTEN CHOW 03.2LB","NPP","Retailer","Meijer",2,"Cat Chow Line"
"ITEM1684DCCATKITTENCHOW","Dry Cat","DC CAT/KITTEN CHOW 03.2LB","NPP","ROM","Meijer",2,"Cat Chow Line"
"ITEM1685DCCATKITTENCHOW","Dry Cat","DC CAT/KITTEN CHOW 06.3LB","NPP","Retailer","Meijer",2,"Cat Chow Line"
"ITEM1685DCCATKITTENCHOW","Dry Cat","DC CAT/KITTEN CHOW 06.3LB","NPP","ROM","Meijer",2,"Cat Chow Line"
"ITEM1686DCCATKITTENCHOW","Dry Cat","DC CAT/KITTEN CHOW 01.1LB","NPP","ROM","Meijer",1,"Cat Chow Line"
"ITEM1688DCCATKITTENCHOWNATURALS","Dry Cat","DC CAT/KITTEN CHOW NATURALS 18LB","NPP","Retailer","Meijer",2,"Cat Chow Line"
"ITEM1688DCCATKITTENCHOWNATURALS","Dry Cat","DC CAT/KITTEN CHOW NATURALS 18LB","NPP","ROM","Meijer",2,"Cat Chow Line"
"ITEM1689DCCATKITTENCHOWNATURALS","Dry Cat","DC CAT/KITTEN CHOW NATURALS 13LB","NPP","Retailer","Meijer",2,"Cat Chow Line"
"ITEM1689DCCATKITTENCHOWNATURALS","Dry Cat","DC CAT/KITTEN CHOW NATURALS 13LB","NPP","ROM","Meijer",2,"Cat Chow Line"
"ITEM1690DCCATKITTENCHOWNATURALS","Dry Cat","DC CAT/KITTEN CHOW NATURALS 03.2LB","NPP","Retailer","Meijer",2,"Cat Chow Line"
"ITEM1690DCCATKITTENCHOWNATURALS","Dry Cat","DC CAT/KITTEN CHOW NATURALS 03.2LB","NPP","ROM","Meijer",2,"Cat Chow Line"
"ITEM1691DCCATKITTENCHOWNATURALS","Dry Cat","DC CAT/KITTEN CHOW NATURALS 06.3LB","NPP","Retailer","Meijer",2,"Cat Chow Line"
"ITEM1691DCCATKITTENCHOWNATURALS","Dry Cat","DC CAT/KITTEN CHOW NATURALS 06.3LB","NPP","ROM","Meijer",2,"Cat Chow Line"
"ITEM1692DCCATKITTENCHOWNATURALS","Dry Cat","DC CAT/KITTEN CHOW NATURALS 01LB","NPP","ROM","Meijer",1,"Cat Chow Line"
"ITEM16CTDENTALIFEDNT","Cat Treats","CT DENTALIFE DNT 13.5OZ","NPP","Retailer","Meijer",0,"Dentalife"
"ITEM16CWFANCYFEASTMEDLEYS","Wet Cat","CW FANCY FEAST MEDLEYS 03OZ","NPP","Retailer","Meijer",2,"Fancy Feast"
"ITEM16CWFANCYFEASTMEDLEYS","Wet Cat","CW FANCY FEAST MEDLEYS 03OZ","NPP","ROM","Meijer",2,"Fancy Feast"
"ITEM1706DCFRISKIESML","Dry Cat","DC FRISKIES ML 12LB","NPP","ROM","Meijer",1,"Friskies"
"ITEM1707DCFRISKIESML","Dry Cat","DC FRISKIES ML 01LB","NPP","ROM","Meijer",1,"Friskies"
"ITEM1708DCFRISKIESML","Dry Cat","DC FRISKIES ML 18.5LB","NPP","ROM","Meijer",1,"Friskies"
"ITEM1724DCKITKABOODLE","Dry Cat","DC KIT KABOODLE 11LB","NPP","ROM","Meijer",1,"Kit & Kaboodle"
"ITEM1725DCKITKABOODLE","Dry Cat","DC KIT KABOODLE 16LB","NPP","ROM","Meijer",2,"Kit & Kaboodle"
"ITEM1726DCKITKABOODLE","Dry Cat","DC KIT KABOODLE 0.75-1.1LB","NPP","ROM","Meijer",1,"Kit & Kaboodle"
"ITEM1727DCKITKABOODLE","Dry Cat","DC KIT KABOODLE 38LB","NPP","ROM","Meijer",1,"Kit & Kaboodle"
"ITEM1728DCKITKABOODLE","Dry Cat","DC KIT KABOODLE 24LB","NPP","Retailer","Meijer",0,"Kit & Kaboodle"
"ITEM1728DCKITKABOODLE","Dry Cat","DC KIT KABOODLE 24LB","NPP","ROM","Meijer",1,"Kit & Kaboodle"
"ITEM1759DCPROPLANSPECIALIZED","Dry Cat","DC PRO PLAN SPECIALIZED 05.5-7LB","NPP","ROM","Meijer",1,"Pro Plan"
"ITEM1760DCPURINAONETRGTD","Dry Cat","DC PURINA ONE TRGTD 16LB","NPP","Retailer","Meijer",2,"Purina One"
"ITEM1760DCPURINAONETRGTD","Dry Cat","DC PURINA ONE TRGTD 16LB","NPP","ROM","Meijer",2,"Purina One"
"ITEM1761DCPURINAONETRGTD","Dry Cat","DC PURINA ONE TRGTD 07LB","NPP","Retailer","Meijer",2,"Purina One"
"ITEM1761DCPURINAONETRGTD","Dry Cat","DC PURINA ONE TRGTD 07LB","NPP","ROM","Meijer",2,"Purina One"
"ITEM1762DCPURINAONETRGTD","Dry Cat","DC PURINA ONE TRGTD 03.5LB","NPP","Retailer","Meijer",2,"Purina One"
"ITEM1762DCPURINAONETRGTD","Dry Cat","DC PURINA ONE TRGTD 03.5LB","NPP","ROM","Meijer",2,"Purina One"
"ITEM1763DCPURINAONETRGTD","Dry Cat","DC PURINA ONE TRGTD 02.8LB","NPP","ROM","Meijer",1,"Purina One"
"ITEM1764DCPURINAONEML","Dry Cat","DC PURINA ONE ML 16LB","NPP","Retailer","Meijer",2,"Purina One"
"ITEM1764DCPURINAONEML","Dry Cat","DC PURINA ONE ML 16LB","NPP","ROM","Meijer",2,"Purina One"
"ITEM1765DCPURINAONEML","Dry Cat","DC PURINA ONE ML 03.5LB","NPP","Retailer","Meijer",2,"Purina One"
"ITEM1765DCPURINAONEML","Dry Cat","DC PURINA ONE ML 03.5LB","NPP","ROM","Meijer",2,"Purina One"
"ITEM1766DCPURINAONEML","Dry Cat","DC PURINA ONE ML 07LB","NPP","Retailer","Meijer",2,"Purina One"
"ITEM1766DCPURINAONEML","Dry Cat","DC PURINA ONE ML 07LB","NPP","ROM","Meijer",2,"Purina One"
"ITEM1767DCPURINAONEML","Dry Cat","DC PURINA ONE ML 02.8LB","NPP","ROM","Meijer",1,"Purina One"
"ITEM177TIDYCATSCLUMPNONLW","Litter","CL TIDY CATS CLUMP NON-LW 35LB","NPP","Retailer","Meijer",2,"Tidy Cats"
"ITEM177TIDYCATSCLUMPNONLW","Litter","CL TIDY CATS CLUMP NON-LW 35LB","NPP","ROM","Meijer",2,"Tidy Cats"
"ITEM1780014602","Wet Cat","CW PURINA ONE TRU INST 03OZ","NPP","Retailer","Meijer",2,"Purina One"
"ITEM1780014602","Wet Cat","CW PURINA ONE TRU INST 03OZ","NPP","ROM","Meijer",1,"Purina One"
"ITEM1780018530","Wet Cat","CW PURINA ONE ML 03OZ 12CT","NPP","Retailer","Meijer",2,"Purina One"
"ITEM1780019176","Dry Dog","DD BEYOND PUPPY 03LB","NPP","Retailer","Meijer",0,"Beyond"
"ITEM17TIDYCATSBREEZEPADS","Litter","CL TIDY CATS BREEZE PADS 04CT","NPP","Retailer","Meijer",2,"Tidy Cats"
"ITEM17TIDYCATSBREEZEPADS","Litter","CL TIDY CATS BREEZE PADS 04CT","NPP","ROM","Meijer",2,"Tidy Cats"
"ITEM185BENEFULSPRFOOD","Wet Dog","DW BENEFUL SPRFOOD 09OZ 06CT","NPP","Retailer","Meijer",2,"Beneful"
"ITEM185BENEFULSPRFOOD","Wet Dog","DW BENEFUL SPRFOOD 09OZ 06CT","NPP","ROM","Meijer",1,"Beneful"
"ITEM187FRISKIESML","Dry Cat","DC FRISKIES ML 30LB","NPP","Retailer","Meijer",2,"Friskies"
"ITEM187FRISKIESML","Dry Cat","DC FRISKIES ML 30LB","NPP","ROM","Meijer",2,"Friskies"
"ITEM18CWFANCYFEASTBROTHS","Wet Cat","CW FANCY FEAST BROTHS 01.4OZ 04CT","NPP","Retailer","Meijer",0,"Fancy Feast"
"ITEM193BEYONDREGIONAL","Dry Cat","DC BEYOND REGIONAL 03LB","NPP","Retailer","Meijer",0,"Beyond"
"ITEM193TIDYCATSNONCLUMP","Litter","CL TIDY CATS NON-CLUMP 40LB","NPP","Retailer","Meijer",2,"Tidy Cats"
"ITEM193TIDYCATSNONCLUMP","Litter","CL TIDY CATS NON-CLUMP 40LB","NPP","ROM","Meijer",1,"Tidy Cats"
"ITEM194PIONEERWOMANMT","Dog Treats","DT PIONEER WOMAN MT 16OZ","NPP","Retailer","Meijer",2,"Pioneer Woman"
"ITEM194PIONEERWOMANMT","Dog Treats","DT PIONEER WOMAN MT 16OZ","NPP","ROM","Meijer",1,"Pioneer Woman"
"ITEM195TIDYCATSCLUMPNONLWBOX","Litter","CL TIDY CATS CLUMP NON-LW 40LB","NPP","Retailer","Meijer",1,"Tidy Cats"
"ITEM195TIDYCATSCLUMPNONLWBOX","Litter","CL TIDY CATS CLUMP NON-LW 40LB","NPP","ROM","Meijer",1,"Tidy Cats"
"ITEM19TIDYCATSCLUMPLW","Litter","CL TIDY CATS CLUMP LW 17LB - PAIL","NPP","Retailer","Meijer",2,"Tidy Cats"
"ITEM19TIDYCATSCLUMPLW","Litter","CL TIDY CATS CLUMP LW 17LB - PAIL","NPP","ROM","Meijer",2,"Tidy Cats"
"ITEM1BEYONDML","Wet Dog","DW BEYOND GR FR 13OZ","NPP","Retailer","Meijer",2,"Beyond"
"ITEM1BEYONDML","Wet Dog","DW BEYOND GR FR 13OZ","NPP","ROM","Meijer",2,"Beyond"
"ITEM1CTFRISKIESPARTYMIXCR","Cat Treats","CT FRISKIES PARTY MIX/NAT YUM CR 20OZ","NPP","Retailer","Meijer",2,"Friskies"
"ITEM1CTFRISKIESPARTYMIXCR","Cat Treats","CT FRISKIES PARTY MIX/NAT YUM CR 20OZ","NPP","ROM","Meijer",2,"Friskies"
"ITEM20001DTBEGGINFUNSIZEMT","Dog Treats","DT BEGGIN FUN SIZE MT 15OZ","NPP","Retailer","Meijer",0,"Beggin'"
"ITEM20001DTBEGGINFUNSIZEMT","Dog Treats","DT BEGGIN FUN SIZE MT 15OZ","NPP","ROM","Meijer",1,"Beggin'"
"ITEM20012DTPRIMEBARSCR","Dog Treats","DT PRIME BARS CR 16OZ","NPP","Retailer","Meijer",1,"Prime"
"ITEM20012DTPRIMEBARSCR","Dog Treats","DT PRIME BARS CR 16OZ","NPP","ROM","Meijer",1,"Prime"
"ITEM200CWFRISKIESFAV","Wet Cat","CW FRISKIES FAV 05.5OZ","NPP","Retailer","Meijer",2,"Friskies"
"ITEM200CWFRISKIESFAV","Wet Cat","CW FRISKIES FAV 05.5OZ","NPP","ROM","Meijer",2,"Friskies"
"ITEM205CLTIDYCATSNONCLUMP","Litter","CL TIDY CATS NON-CLUMP 25LB","NPP","ROM","Meijer",1,"Tidy Cats"
"ITEM206CWBEYONDMIXER","Wet Cat","CW BEYOND MIXER DIGEST SUPPORT 01OZ","NPP","Retailer","Meijer",2,"Beyond"
"ITEM206CWBEYONDMIXER","Wet Cat","CW BEYOND MIXER DIGEST SUPPORT 01OZ","NPP","ROM","Meijer",1,"Beyond"
"ITEM206TIDYCATSNONCLUMP","Litter","CL TIDY CATS NON-CLUMP 10LB","NPP","Retailer","Meijer",2,"Tidy Cats"
"ITEM206TIDYCATSNONCLUMP","Litter","CL TIDY CATS NON-CLUMP 10LB","NPP","ROM","Meijer",2,"Tidy Cats"
"ITEM207CWFRISKIESFAV","Wet Cat","CW FRISKIES FAV 05.5OZ 24CT","NPP","Retailer","Meijer",2,"Friskies"
"ITEM207CWFRISKIESFAV","Wet Cat","CW FRISKIES FAV 05.5OZ 24CT","NPP","ROM","Meijer",1,"Friskies"
"ITEM20CWFANCYFEASTNATURALSML","Wet Cat","CW FANCY FEAST NATURALS ML 03OZ","NPP","Retailer","Meijer",2,"Fancy Feast"
"ITEM20CWFANCYFEASTNATURALSML","Wet Cat","CW FANCY FEAST NATURALS ML 03OZ","NPP","ROM","Meijer",1,"Fancy Feast"
"ITEM20KITKABOODLE","Dry Cat","DC KIT KABOODLE 03.2LB","NPP","Retailer","Meijer",1,"Kit & Kaboodle"
"ITEM20KITKABOODLE","Dry Cat","DC KIT KABOODLE 03.2LB","NPP","ROM","Meijer",1,"Kit & Kaboodle"
"ITEM211ALPODT","Dog Treats","DT ALPO DT 21OZ","NPP","ROM","Meijer",2,"Alpo"
"ITEM213KITKABOODLE","Dry Cat","DC KIT KABOODLE 35LB","NPP","Retailer","Meijer",1,"Kit & Kaboodle"
"ITEM216TIDYCATSBREEZESTARTERBOX","Litter","CL TIDY CATS BREEZE STARTER HOOD","NPP","Retailer","Meijer",1,"Tidy Cats"
"ITEM21TIDYCATSCLUMPLW","Litter","CL TIDY CATS CLUMP LW 08.5LB","NPP","Retailer","Meijer",2,"Tidy Cats"
"ITEM21TIDYCATSCLUMPLW","Litter","CL TIDY CATS CLUMP LW 08.5LB","NPP","ROM","Meijer",2,"Tidy Cats"
"ITEM228CWPROPLANESSENTIAL","Wet Cat","CW PRO PLAN ESSENTIAL 03OZ","NPP","ROM","Meijer",1,"Pro Plan"
"ITEM228YESTERDAYSNEWSALT","Litter","CL YESTERDAYS NEWS ALT 30LB","NPP","Retailer","Meijer",0,"Yesterday's News"
"ITEM232TIDYCATSBREEZEPELLETSREFIL","Litter","CL TIDY CATS BREEZE PELLETS 03.5LB","NPP","Retailer","Meijer",1,"Tidy Cats"
"ITEM232TIDYCATSBREEZEPELLETSREFIL","Litter","CL TIDY CATS BREEZE PELLETS 03.5LB","NPP","ROM","Meijer",1,"Tidy Cats"
"ITEM237CWFRISKIESLILSOUPS","Wet Cat","CW FRISKIES LIL SOUPS 01.2OZ","NPP","Retailer","Meijer",2,"Friskies"
"ITEM237CWFRISKIESLILSOUPS","Wet Cat","CW FRISKIES LIL SOUPS 01.2OZ","NPP","ROM","Meijer",2,"Friskies"
"ITEM241BUSYCWNOLACW","Dog Treats","DT BUSY CWNOLA CW 20OZ","NPP","Retailer","Meijer",2,"Busy"
"ITEM241BUSYCWNOLACW","Dog Treats","DT BUSY CWNOLA CW 20OZ","NPP","ROM","Meijer",2,"Busy"
"ITEM24CWBEYOND","Wet Cat","CW BEYOND 03OZ","NPP","Retailer","Meijer",2,"Beyond"
"ITEM24CWBEYOND","Wet Cat","CW BEYOND 03OZ","NPP","ROM","Meijer",1,"Beyond"
"ITEM256BEYONDML","Wet Dog","DW BEYOND GR FR 13OZ 12CT","NPP","Retailer","Meijer",2,"Beyond"
"ITEM256CWFRISKIES","Wet Cat","CW FRISKIES 05.5OZ 60CT","NPP","ROM","Meijer",1,"Friskies"
"ITEM257CWFRISKIESSTUFFD","Wet Cat","CW FRISKIES PREMIUM 05.5OZ","NPP","Retailer","Meijer",1,"Friskies"
"ITEM257CWFRISKIESSTUFFD","Wet Cat","CW FRISKIES PREMIUM 05.5OZ","NPP","ROM","Meijer",1,"Friskies"
"ITEM257TIDYCATSNATSTRGNONCLUMP","Litter","CL TIDY CATS NAT STRG NON-CLUMP 35LB","NPP","Retailer","Meijer",2,"Tidy Cats"
"ITEM257TIDYCATSNATSTRGNONCLUMP","Litter","CL TIDY CATS NAT STRG NON-CLUMP 35LB","NPP","ROM","Meijer",1,"Tidy Cats"
"ITEM259DENTALIFEDT","Dog Treats","DT DENTALIFE DT 28.5OZ","NPP","Retailer","Meijer",2,"Dentalife"
"ITEM259TIDYCATSNATSTRGNONCLUMP","Litter","CL TIDY CATS NAT STRG NON-CLUMP 20LB","NPP","Retailer","Meijer",2,"Tidy Cats"
"ITEM259TIDYCATSNATSTRGNONCLUMP","Litter","CL TIDY CATS NAT STRG NON-CLUMP 20LB","NPP","ROM","Meijer",2,"Tidy Cats"
"ITEM25BUSYCW","Dog Treats","DT BUSY CW 17-21OZ","NPP","Retailer","Meijer",2,"Busy"
"ITEM25BUSYCW","Dog Treats","DT BUSY CW 17-21OZ","NPP","ROM","Meijer",2,"Busy"
"ITEM263CWFRISKIESSTUFFD","Wet Cat","CW FRISKIES PREMIUM 05.5OZ 24CT","NPP","Retailer","Meijer",1,"Friskies"
"ITEM263CWFRISKIESSTUFFD","Wet Cat","CW FRISKIES PREMIUM 05.5OZ 24CT","NPP","ROM","Meijer",1,"Friskies"
"ITEM264YESTERDAYSNEWALT","Litter","CL YESTERDAYS NEW ALT 10LB","NPP","Retailer","Meijer",1,"Yesterday's News"
"ITEM264YESTERDAYSNEWALT","Litter","CL YESTERDAYS NEW ALT 10LB","NPP","ROM","Meijer",1,"Yesterday's News"
"ITEM268YESTERDAYSNEWALT","Litter","CL YESTERDAYS NEW ALT 20LB","NPP","Retailer","Meijer",0,"Yesterday's News"
"ITEM26CWFANCYFEASTML","Wet Cat","CW FANCY FEAST ML 03OZ 24CT","NPP","Retailer","Meijer",2,"Fancy Feast"
"ITEM26CWFANCYFEASTML","Wet Cat","CW FANCY FEAST ML 03OZ 24CT","NPP","ROM","Meijer",2,"Fancy Feast"
"ITEM274BUSYCHEWNOLACW","Dog Treats","DT BUSY CHEWNOLA CW 04OZ","NPP","Retailer","Meijer",2,"Busy"
"ITEM274BUSYCHEWNOLACW","Dog Treats","DT BUSY CHEWNOLA CW 04OZ","NPP","ROM","Meijer",2,"Busy"
"ITEM275TIDYCATSBREEZESTARTERORIGINAL","Litter","CL TIDY CATS BREEZE STARTER ORIGINAL","NPP","Retailer","Meijer",2,"Tidy Cats"
"ITEM279PUPPYCHOWMT","Dog Treats","DT PUPPY CHOW MT 24OZ","NPP","Retailer","Meijer",2,"Dog Chow Line"
"ITEM279PUPPYCHOWMT","Dog Treats","DT PUPPY CHOW MT 24OZ","NPP","ROM","Meijer",1,"Dog Chow Line"
"ITEM27CTKITKABOODLECR","Cat Treats","CT KIT KABOODLE CR 09OZ","NPP","Retailer","Meijer",0,"Kit & Kaboodle"
"ITEM27CTKITKABOODLECR","Cat Treats","CT KIT KABOODLE CR 09OZ","NPP","ROM","Meijer",1,"Kit & Kaboodle"
"ITEM27CWFRISKIES","Wet Cat","CW FRISKIES 05.5OZ 12CT","NPP","Retailer","Meijer",2,"Friskies"
"ITEM27CWFRISKIES","Wet Cat","CW FRISKIES 05.5OZ 12CT","NPP","ROM","Meijer",2,"Friskies"
"ITEM28BENEFUL","Wet Dog","DW BENEFUL 10OZ 06CT","NPP","Retailer","Meijer",2,"Beneful"
"ITEM28BENEFUL","Wet Dog","DW BENEFUL 10OZ 06CT","NPP","ROM","Meijer",2,"Beneful"
"ITEM298PUPPYCHOWMT","Dog Treats","DT PUPPY CHOW MT 07OZ","NPP","Retailer","Meijer",2,"Dog Chow Line"
"ITEM298PUPPYCHOWMT","Dog Treats","DT PUPPY CHOW MT 07OZ","NPP","ROM","Meijer",2,"Dog Chow Line"
"ITEM2CTFRISKIESPARTYMIXCR","Cat Treats","CT FRISKIES PARTY MIX/NAT YUM CR 06OZ","NPP","Retailer","Meijer",2,"Friskies"
"ITEM2CTFRISKIESPARTYMIXCR","Cat Treats","CT FRISKIES PARTY MIX/NAT YUM CR 06OZ","NPP","ROM","Meijer",2,"Friskies"
"ITEM2CWFANCYFEASTML","Wet Cat","CW FANCY FEAST ML 03OZ","NPP","Retailer","Meijer",2,"Fancy Feast"
"ITEM2CWFANCYFEASTML","Wet Cat","CW FANCY FEAST ML 03OZ","NPP","ROM","Meijer",2,"Fancy Feast"
"ITEM30008DCCATKITTENCHOW","Dry Cat","DC CAT/KITTEN CHOW 30LB","NPP","Retailer","Meijer",0,"Cat Chow Line"
"ITEM306CWPROPLANSPECIALIZED","Wet Cat","CW PRO PLAN SPECIALIZED 03OZ","NPP","ROM","Meijer",1,"Pro Plan"
"ITEM30CWFANCYFEASTPURELY","Wet Cat","CW FANCY FEAST PURELY 02OZ","NPP","Retailer","Meijer",2,"Fancy Feast"
"ITEM30CWFANCYFEASTPURELY","Wet Cat","CW FANCY FEAST PURELY 02OZ","NPP","ROM","Meijer",1,"Fancy Feast"
"ITEM311PIONEERWOMANMT","Dog Treats","DT PIONEER WOMAN MT 05OZ","NPP","Retailer","Meijer",1,"Pioneer Woman"
"ITEM311PIONEERWOMANMT","Dog Treats","DT PIONEER WOMAN MT 05OZ","NPP","ROM","Meijer",1,"Pioneer Woman"
"ITEM32CWFANCYFEASTBROTHS","Wet Cat","CW FANCY FEAST BROTHS 01.4OZ","NPP","Retailer","Meijer",2,"Fancy Feast"
"ITEM32CWFANCYFEASTBROTHS","Wet Cat","CW FANCY FEAST BROTHS 01.4OZ","NPP","ROM","Meijer",2,"Fancy Feast"
"ITEM355CWFANCYFEASTPETITES","Wet Cat","CW FANCY FEAST PETITES 02.8OZ","NPP","Retailer","Meijer",2,"Fancy Feast"
"ITEM355CWFANCYFEASTPETITES","Wet Cat","CW FANCY FEAST PETITES 02.8OZ","NPP","ROM","Meijer",2,"Fancy Feast"
"ITEM360CWFANCYFEASTPETITES","Wet Cat","CW FANCY FEAST PETITES 02.8OZ 12CT","NPP","Retailer","Meijer",2,"Fancy Feast"
"ITEM360CWFANCYFEASTPETITES","Wet Cat","CW FANCY FEAST PETITES 02.8OZ 12CT","NPP","ROM","Meijer",2,"Fancy Feast"
"ITEM362CWFANCYFEASTPETITES","Wet Cat","CW FANCY FEAST PETITES 02.8OZ 24CT","NPP","Retailer","Meijer",2,"Fancy Feast"
"ITEM362CWFANCYFEASTPETITES","Wet Cat","CW FANCY FEAST PETITES 02.8OZ 24CT","NPP","ROM","Meijer",1,"Fancy Feast"
"ITEM363CWBEYONDMIXER","Wet Cat","CW BEYOND MIXER DIGEST SUPPORT 01OZ 8CT","NPP","Retailer","Meijer",2,"Beyond"
"ITEM364CWBEYONDMIXERS","Wet Cat","CW BEYOND MIXER BROTH 01OZ 8CT","NPP","Retailer","Meijer",1,"Beyond"
"ITEM364CWBEYONDMIXERS","Wet Cat","CW BEYOND MIXER BROTH 01OZ 8CT","NPP","ROM","Meijer",1,"Beyond"
"ITEM36CWFANCYFEASTBROTHS","Wet Cat","CW FANCY FEAST BROTHS 01.4OZ 12CT","NPP","Retailer","Meijer",2,"Fancy Feast"
"ITEM36CWFANCYFEASTBROTHS","Wet Cat","CW FANCY FEAST BROTHS 01.4OZ 12CT","NPP","ROM","Meijer",2,"Fancy Feast"
"ITEM375CLTIDYCATSCLUMPNONLWBOX","Litter","CL TIDY CATS CLUMP NON-LW BOX 23LB - BOX","NPP","ROM","Meijer",1,"Tidy Cats"
"ITEM376CLTIDYCATSCLUMPNONLW","Litter","CL TIDY CATS CLUMP NON-LW 14LB","NPP","ROM","Meijer",1,"Tidy Cats"
"ITEM377CLTIDYCATSNONCLUMP","Litter","CL TIDY CATS NON-CLUMP 30LB","NPP","ROM","Meijer",2,"Tidy Cats"
"ITEM378BELLA","Wet Dog","DW BELLA 03.5OZ","NPP","Retailer","Meijer",2,"Bella"
"ITEM378BELLA","Wet Dog","DW BELLA 03.5OZ","NPP","ROM","Meijer",2,"Bella"
"ITEM378CLTIDYCATSNONCLUMP","Litter","CL TIDY CATS NON-CLUMP 50LB","NPP","ROM","Meijer",2,"Tidy Cats"
"ITEM379CLTIDYCATSNONCLUMP","Litter","CL TIDY CATS NON-CLUMP 52LB","NPP","ROM","Meijer",1,"Tidy Cats"
"ITEM37PURINAONEML","Dry Cat","DC PURINA ONE ML 22LB","NPP","Retailer","Meijer",2,"Purina One"
"ITEM37PURINAONEML","Dry Cat","DC PURINA ONE ML 22LB","NPP","ROM","Meijer",2,"Purina One"
"ITEM3810018507","Dog Treats","DT BUSY TWISTED CW 66OZ","NPP","ROM","Meijer",1,"Busy"
"ITEM3810019056","Dog Treats","DT PRIME KNOTTED CW 05OZ","NPP","Retailer","Meijer",0,"Prime"
"ITEM3810019058","Dog Treats","DT PRIME KNOTTED CW 10.2OZ","NPP","Retailer","Meijer",0,"Prime"
"ITEM3810019061","Dog Treats","DT PRIME KNOTTED CW 16.5OZ","NPP","Retailer","Meijer",0,"Prime"
"ITEM3810019304","Dog Treats","DT BEGGIN MT LIMITED ED 5OZ","NPP","Retailer","Meijer",0,"Beggin'"
"ITEM3810019316","Dog Treats","DT BEGGIN MT LIMITED ED 11.7OZ","NPP","Retailer","Meijer",0,"Beggin'"
"ITEM381CLTIDYCATSCLUMPNONLWECOM","Litter","CL TIDY CATS CLUMP NON-LW BAG ECOM 40LB","NPP","Retailer","Meijer",1,"Tidy Cats"
"ITEM382CLTIDYCATSCLUMPNONLW","Litter","CL TIDY CATS CLUMP NON-LW 20LB 2PK","NPP","ROM","Meijer",1,"Tidy Cats"
"ITEM383CLTIDYCATSCLUMPNONLWPAIL","Litter","CL TIDY CATS CLUMP NON-LW PAIL 38LB","NPP","ROM","Meijer",1,"Tidy Cats"
"ITEM384CLTIDYCATSCLUMPNONLW","Litter","CL TIDY CATS CLUMP NON-LW 10LB","NPP","ROM","Meijer",1,"Tidy Cats"
"ITEM386CLTIDYCATSCLUMPLW","Litter","CL TIDY CATS CLUMP LW 19.5LB","NPP","ROM","Meijer",1,"Tidy Cats"
"ITEM387CLTIDYCATSCLUMPLW","Litter","CL TIDY CATS CLUMP LW 06LB","NPP","ROM","Meijer",1,"Tidy Cats"
"ITEM388CLTIDYCATSNATSTRGNONCLUMP","Litter","CL TIDY CATS NAT STRG CLUMP 14LB","NPP","ROM","Meijer",1,"Tidy Cats"
"ITEM389CLTIDYCATSPURENATUREALT","Litter","CL TIDY CATS PURE NATURE ALT 12LB","NPP","ROM","Meijer",1,"Tidy Cats"
"ITEM38CTWHISKERLICKINSCR","Cat Treats","CT WHISKER LICKINS CR 10OZ","NPP","Retailer","Meijer",1,"Whisker Lickins"
"ITEM38CTWHISKERLICKINSCR","Cat Treats","CT WHISKER LICKINS CR 10OZ","NPP","ROM","Meijer",1,"Whisker Lickins"
"ITEM390CLYESTERDAYSNEWSALT","Litter","CL YESTERDAYS NEWS ALT 13.2LB","NPP","ROM","Meijer",1,"Yesterday's News"
"ITEM392CWBEYONDORGANIC","Wet Cat","CW BEYOND ORGANIC 03OZ 6CT","NPP","Retailer","Meijer",2,"Beyond"
"ITEM393CWBEYOND","Wet Cat","CW BEYOND 03OZ 24CT","NPP","Retailer","Meijer",0,"Beyond"
"ITEM394CWBEYONDMIXERBROTH","Wet Cat","CW BEYOND MIXER BROTH 01OZ","NPP","Retailer","Meijer",2,"Beyond"
"ITEM395CWBEYONDORGANIC","Wet Cat","CW BEYOND ORGANIC 03OZ","NPP","Retailer","Meijer",2,"Beyond"
"ITEM395CWBEYONDORGANIC","Wet Cat","CW BEYOND ORGANIC 03OZ","NPP","ROM","Meijer",1,"Beyond"
"ITEM396CWBEYONDMIXERPROTEIN","Wet Cat","CW BEYOND MIXER PROTEIN 01.4OZ","NPP","Retailer","Meijer",1,"Beyond"
"ITEM3CTFRISKIESPARTYMIXCR","Cat Treats","CT FRISKIES PARTY MIX/NAT YUM CR 02.1OZ","NPP","Retailer","Meijer",2,"Friskies"
"ITEM3CTFRISKIESPARTYMIXCR","Cat Treats","CT FRISKIES PARTY MIX/NAT YUM CR 02.1OZ","NPP","ROM","Meijer",2,"Friskies"
"ITEM3CWPURINAONE","Wet Cat","CW PURINA ONE 03OZ","NPP","Retailer","Meijer",2,"Purina One"
"ITEM3CWPURINAONE","Wet Cat","CW PURINA ONE 03OZ","NPP","ROM","Meijer",1,"Purina One"
"ITEM40046DDBENEFULSMPGDNSS","Dry Dog","DD BENEFUL SMP GDNSS 09.4-12.5LB","NPP","Retailer","Meijer",2,"Beneful"
"ITEM40048DDDOGCHOWGREENBG","Dry Dog","DD DOG CHOW GREEN BG 30-33.5LB","NPP","Retailer","Meijer",0,"Dog Chow Line"
"ITEM40048DDDOGCHOWGREENBG","Dry Dog","DD DOG CHOW GREEN BG 30-33.5LB","NPP","ROM","Meijer",1,"Dog Chow Line"
"ITEM402BELLA","Wet Dog","DW BELLA 03.5OZ 12CT","NPP","Retailer","Meijer",2,"Bella"
"ITEM402BELLA","Wet Dog","DW BELLA 03.5OZ 12CT","NPP","ROM","Meijer",2,"Bella"
"ITEM407CWCNPORGANIX","Wet Cat","CW C&P ORGANIX 05.5OZ","NPP","ROM","Meijer",1,"A/O Brand"
"ITEM409CWCNPPRISTINE","Wet Cat","CW C&P PRISTINE 03OZ CAN","NPP","ROM","Meijer",1,"A/O Brand"
"ITEM410CWCNPPRISTINE","Wet Cat","CW C&P PRISTINE 05.5OZ CAN","NPP","ROM","Meijer",1,"A/O Brand"
"ITEM412CWFANCYFEASTAPPTZRS","Wet Cat","CW FANCY FEAST APPTZRS 01.1OZ 12CT","NPP","Retailer","Meijer",2,"Fancy Feast"
"ITEM413CWFANCYFEASTML","Wet Cat","CW FANCY FEAST ML 03OZ 04CT","NPP","Retailer","Meijer",0,"Fancy Feast"
"ITEM414CWFRISKIESLILGRILSLURPUR","Wet Cat","CW FRISKIES LIL GRIL/SLUR/PUR 01.6OZ 18CT","NPP","Retailer","Meijer",2,"Friskies"
"ITEM414CWFRISKIESLILGRILSLURPUR","Wet Cat","CW FRISKIES LIL GRIL/SLUR/PUR 01.6OZ 18CT","NPP","ROM","Meijer",1,"Friskies"
"ITEM415CWFRISKIESLILGRILSLURPUR","Wet Cat","CW FRISKIES LIL GRIL/SLUR/PUR 01.6OZ","NPP","Retailer","Meijer",2,"Friskies"
"ITEM415CWFRISKIESLILGRILSLURPUR","Wet Cat","CW FRISKIES LIL GRIL/SLUR/PUR 01.6OZ","NPP","ROM","Meijer",2,"Friskies"
"ITEM416CWFRISKIESLILSOUPS","Wet Cat","CW FRISKIES LIL SOUPS 01.2OZ 18CT","NPP","Retailer","Meijer",2,"Friskies"
"ITEM416CWFRISKIESLILSOUPS","Wet Cat","CW FRISKIES LIL SOUPS 01.2OZ 18CT","NPP","ROM","Meijer",1,"Friskies"
"ITEM417PUPPYCHOW","Wet Dog","DW PUPPY CHOW 05.5OZ","NPP","Retailer","Meijer",2,"Dog Chow Line"
"ITEM417PUPPYCHOW","Wet Dog","DW PUPPY CHOW 05.5OZ","NPP","ROM","Meijer",1,"Dog Chow Line"
"ITEM419PUPPYCHOW","Wet Dog","DW PUPPY CHOW 05.5OZ 8 CT","NPP","Retailer","Meijer",2,"Dog Chow Line"
"ITEM419PUPPYCHOW","Wet Dog","DW PUPPY CHOW 05.5OZ 8 CT","NPP","ROM","Meijer",1,"Dog Chow Line"
"ITEM421CWKITKABOODLE","Wet Cat","CW KIT KABOODLE 05.35OZ","NPP","ROM","Meijer",1,"Kit & Kaboodle"
"ITEM429ALPOGRAVYCRAVERS","Wet Dog","DW ALPO 13.2OZ 24CT","NPP","Retailer","Meijer",0,"Alpo"
"ITEM429ALPOGRAVYCRAVERS","Wet Dog","DW ALPO 13.2OZ 24CT","NPP","ROM","Meijer",1,"Alpo"
"ITEM42MTYDG","Wet Dog","DW MTY DG 05.5OZ","NPP","Retailer","Meijer",0,"Nppc Brand Group Rem"
"ITEM42MTYDG","Wet Dog","DW MTY DG 05.5OZ","NPP","ROM","Meijer",1,"Nppc Brand Group Rem"
"ITEM431BEYONDORGANIC","Wet Dog","DW BEYOND ORGANIC 13OZ","NPP","Retailer","Meijer",2,"Beyond"
"ITEM431BEYONDORGANIC","Wet Dog","DW BEYOND ORGANIC 13OZ","NPP","ROM","Meijer",1,"Beyond"
"ITEM436CWPURINAONETRGTD","Wet Cat","CW PURINA ONE TRGTD 03OZ","NPP","Retailer","Meijer",2,"Purina One"
"ITEM436CWPURINAONETRGTD","Wet Cat","CW PURINA ONE TRGTD 03OZ","NPP","ROM","Meijer",1,"Purina One"
"ITEM43CWFRISKIES","Wet Cat","CW FRISKIES 03OZ 12CT","NPP","Retailer","Meijer",1,"Friskies"
"ITEM43CWFRISKIES","Wet Cat","CW FRISKIES 03OZ 12CT","NPP","ROM","Meijer",1,"Friskies"
"ITEM44CWFANCYFEASTML","Wet Cat","CW FANCY FEAST ML 03OZ 12CT","NPP","Retailer","Meijer",2,"Fancy Feast"
"ITEM44CWFANCYFEASTML","Wet Cat","CW FANCY FEAST ML 03OZ 12CT","NPP","ROM","Meijer",2,"Fancy Feast"
"ITEM464DWBEYONDMIXER","Wet Dog","DW BEYOND MIXERS SUPPORT 03OZ","NPP","Retailer","Meijer",1,"Beyond"
"ITEM465BEYONDORGANIC","Wet Dog","DW BEYOND ORGANIC 13OZ 6CT","NPP","Retailer","Meijer",2,"Beyond"
"ITEM465BEYONDORGANIC","Wet Dog","DW BEYOND ORGANIC 13OZ 6CT","NPP","ROM","Meijer",1,"Beyond"
"ITEM466DWBEYONDMIXER","Wet Dog","DW BEYOND MIXERS DIGT PUMP 08OZ","NPP","Retailer","Meijer",1,"Beyond"
"ITEM467DWBEYONDMIXER","Wet Dog","DW BEYOND MIXERS SUPPORT 03OZ 6CT","NPP","Retailer","Meijer",1,"Beyond"
"ITEM467DWBEYONDMIXER","Wet Dog","DW BEYOND MIXERS SUPPORT 03OZ 6CT","NPP","ROM","Meijer",1,"Beyond"
"ITEM468DWALPO","Wet Dog","DW ALPO 13.2OZ 06CT","NPP","Retailer","Meijer",0,"Alpo"
"ITEM46ALPOVARIETYSNAPSCR","Dog Treats","DT ALPO VARIETY SNAPS CR 32OZ","NPP","Retailer","Meijer",2,"Alpo"
"ITEM46ALPOVARIETYSNAPSCR","Dog Treats","DT ALPO VARIETY SNAPS CR 32OZ","NPP","ROM","Meijer",2,"Alpo"
"ITEM46CTDENTALIFEDNT","Cat Treats","CT DENTALIFE DNT 01.8OZ","NPP","Retailer","Meijer",2,"Dentalife"
"ITEM46CTDENTALIFEDNT","Cat Treats","CT DENTALIFE DNT 01.8OZ","NPP","ROM","Meijer",1,"Dentalife"
"ITEM470DWBENEFUL","Wet Dog","DW BENEFUL 03OZ 12CT","NPP","Retailer","Meijer",2,"Beneful"
"ITEM470DWBENEFUL","Wet Dog","DW BENEFUL 03OZ 12CT","NPP","ROM","Meijer",2,"Beneful"
"ITEM471DWBENEFUL","Wet Dog","DW BENEFUL 03OZ 03CT","NPP","Retailer","Meijer",2,"Beneful"
"ITEM471DWBENEFUL","Wet Dog","DW BENEFUL 03OZ 03CT","NPP","ROM","Meijer",2,"Beneful"
"ITEM474DWBENEFULINCRNMED","Wet Dog","DW BENEFUL INCR N MED 03OZ 30CT","NPP","Retailer","Meijer",2,"Beneful"
"ITEM474DWBENEFULINCRNMED","Wet Dog","DW BENEFUL INCR N MED 03OZ 30CT","NPP","ROM","Meijer",2,"Beneful"
"ITEM475DWBEYONDBROTH","Wet Dog","DW BEYOND BROTH 01.6OZ","NPP","Retailer","Meijer",2,"Beyond"
"ITEM476DWBEYONDBROTH","Wet Dog","DW BEYOND BROTH 01.6OZ 8CT","NPP","Retailer","Meijer",2,"Beyond"
"ITEM476DWBEYONDBROTH","Wet Dog","DW BEYOND BROTH 01.6OZ 8CT","NPP","ROM","Meijer",1,"Beyond"
"ITEM477DWBEYONDCOMPLIMENTS","Wet Dog","DW BEYOND COMPLIMENTS 02OZ","NPP","Retailer","Meijer",1,"Beyond"
"ITEM47CTBEYONDCR","Cat Treats","CT BEYOND CR 02.1OZ","NPP","Retailer","Meijer",0,"Beyond"
"ITEM47CWFANCYFEASTMEDLEYS","Wet Cat","CW FANCY FEAST MEDLEYS 03OZ 12CT","NPP","Retailer","Meijer",2,"Fancy Feast"
"ITEM47CWFANCYFEASTMEDLEYS","Wet Cat","CW FANCY FEAST MEDLEYS 03OZ 12CT","NPP","ROM","Meijer",2,"Fancy Feast"
"ITEM48CTWHISKERLICKINSCR","Cat Treats","CT WHISKER LICKINS CR 04OZ","NPP","ROM","Meijer",1,"Whisker Lickins"
"ITEM48DOGCHOWML","Wet Dog","DW DOG CHOW ML 13 OZ","NPP","Retailer","Meijer",1,"Dog Chow Line"
"ITEM48DOGCHOWML","Wet Dog","DW DOG CHOW ML 13 OZ","NPP","ROM","Meijer",1,"Dog Chow Line"
"ITEM48FRISKIESML","Dry Cat","DC AO PREMIUM","NPP","Retailer","Meijer",0,"Friskies"
"ITEM48FRISKIESML","Dry Cat","DC AO PREMIUM","NPP","ROM","Meijer",1,"Friskies"
"ITEM499DWCNPORGANIX","Wet Dog","DW C&P ORGANIX 03.5OZ","NPP","ROM","Meijer",1,"A/O Brand"
"ITEM49CWFANCYFEASTAPPTZRS","Wet Cat","CW FANCY FEAST APPTZRS 01.1OZ","NPP","Retailer","Meijer",2,"Fancy Feast"
"ITEM49CWFANCYFEASTAPPTZRS","Wet Cat","CW FANCY FEAST APPTZRS 01.1OZ","NPP","ROM","Meijer",2,"Fancy Feast"
"ITEM4CWFRISKIES","Wet Cat","CW FRISKIES 05.5OZ 24CT","NPP","Retailer","Meijer",2,"Friskies"
"ITEM4CWFRISKIES","Wet Cat","CW FRISKIES 05.5OZ 24CT","NPP","ROM","Meijer",2,"Friskies"
"ITEM4FANCYFEAST","Dry Cat","DC FANCY FEAST 01LB","NPP","Retailer","Meijer",2,"Fancy Feast"
"ITEM4FANCYFEAST","Dry Cat","DC FANCY FEAST 01LB","NPP","ROM","Meijer",1,"Fancy Feast"
"ITEM4TIDYCATSPURENATUREALT","Litter","CL TIDY CATS PURE NATURE ALT 07.5LB","NPP","Retailer","Meijer",1,"Tidy Cats"
"ITEM5000066052","Cat Treats","PURINA CAT TREATS-OZ BOX 5.1 OUNCE","NPP","Retailer","Meijer",0,"Fancy Feast"
"ITEM50004CLTIDYCATSBREEZEENHANCEDPELLETS","Litter","CL TIDY CATS BREEZE ENHANCED PELLETS 03.5LB","NPP","Retailer","Meijer",0,"Tidy Cats"
"ITEM50008CLTIDYCAYSFREENCLEAN","Litter","CL TIDY CAYS FREE & CLEAN 20LB","NPP","Retailer","Meijer",0,"Tidy Cats"
"ITEM500DWCNPORGANIX","Wet Dog","DW C&P ORGANIX 12.7OZ","NPP","ROM","Meijer",1,"A/O Brand"
"ITEM501DWCNPPRISTINE","Wet Dog","DW C&P PRISTINE 03.5OZ","NPP","ROM","Meijer",1,"A/O Brand"
"ITEM503DWCNPPRISTINEBONEBROTH","Wet Dog","DW C&P PRISTINE BONE BROTH 8.4OZ","NPP","ROM","Meijer",1,"A/O Brand"
"ITEM50CWFRISKIES","Wet Cat","CW FRISKIES 05.5OZ 32CT","NPP","Retailer","Meijer",2,"Friskies"
"ITEM50CWFRISKIES","Wet Cat","CW FRISKIES 05.5OZ 32CT","NPP","ROM","Meijer",2,"Friskies"
"ITEM516BEGGINMT","Dog Treats","DT BEGGIN MT 25OZ","NPP","Retailer","Meijer",2,"Beggin'"
"ITEM516BEGGINMT","Dog Treats","DT BEGGIN MT 25OZ","NPP","ROM","Meijer",2,"Beggin'"
"ITEM529BUSYROLLHIDECW","Dog Treats","DT BUSY ROLLHIDE CW 12OZ","NPP","Retailer","Meijer",2,"Busy"
"ITEM529BUSYROLLHIDECW","Dog Treats","DT BUSY ROLLHIDE CW 12OZ","NPP","ROM","Meijer",2,"Busy"
"ITEM52ALPO","Wet Dog","DW ALPO 13.2OZ 12CT","NPP","Retailer","Meijer",1,"Alpo"
"ITEM52ALPO","Wet Dog","DW ALPO 13.2OZ 12CT","NPP","ROM","Meijer",1,"Alpo"
"ITEM531DDALPO","Dry Dog","DD ALPO 47-50LB","NPP","Retailer","Meijer",1,"Alpo"
"ITEM531DWDOGCHOWML","Wet Dog","DW DOG CHOW ML 13 OZ 24CT","NPP","ROM","Meijer",1,"Dog Chow Line"
"ITEM53CWFANCYFEASTML","Wet Cat","CW FANCY FEAST ML 03OZ 48CT","NPP","ROM","Meijer",1,"Fancy Feast"
"ITEM54BEGGINMT","Dog Treats","DT BEGGIN MT 06OZ","NPP","Retailer","Meijer",2,"Beggin'"
"ITEM54BEGGINMT","Dog Treats","DT BEGGIN MT 06OZ","NPP","ROM","Meijer",2,"Beggin'"
"ITEM550BUSYTWISTEDCW","Dog Treats","DT BUSY TWISTED CW 20.2-21OZ","NPP","Retailer","Meijer",2,"Busy"
"ITEM550BUSYTWISTEDCW","Dog Treats","DT BUSY TWISTED CW 20.2-21OZ","NPP","ROM","Meijer",2,"Busy"
"ITEM55CTBEYONDCR","Cat Treats","CT BEYOND CR 06OZ","NPP","Retailer","Meijer",0,"Beyond"
"ITEM55PURINAONE","Wet Dog","DW PURINA ONE 13OZ 06CT","NPP","Retailer","Meijer",2,"Purina One"
"ITEM55PURINAONE","Wet Dog","DW PURINA ONE 13OZ 06CT","NPP","ROM","Meijer",2,"Purina One"
"ITEM560DWMERRICKGRFR","Wet Dog","DW MERRICK GR FR 12.7OZ","NPP","ROM","Meijer",1,"Merrick"
"ITEM575TBONZMT","Dog Treats","DT T BONZ MT 45OZ","NPP","Retailer","Meijer",2,"Alpo"
"ITEM575TBONZMT","Dog Treats","DT T BONZ MT 45OZ","NPP","ROM","Meijer",1,"Alpo"
"ITEM598BUSYCW","Dog Treats","DT BUSY CW 06.5-7OZ","NPP","Retailer","Meijer",2,"Busy"
"ITEM598BUSYCW","Dog Treats","DT BUSY CW 06.5-7OZ","NPP","ROM","Meijer",2,"Busy"
"ITEM598DWPROPLANESSENTIAL","Wet Dog","DW PRO PLAN ESSENTIAL 13OZ 12CT","NPP","ROM","Meijer",1,"Pro Plan"
"ITEM60007CWFANCYFEASTML","Wet Cat","CW FANCY FEAST ML 03OZ  12CT","NPP","Retailer","Meijer",2,"Fancy Feast"
"ITEM60007CWFANCYFEASTML","Wet Cat","CW FANCY FEAST ML 03OZ  12CT","NPP","ROM","Meijer",2,"Fancy Feast"
"ITEM60055CWFRISKIESPREMIUM","Wet Cat","CW FRISKIES PREMIUM 03.5OZ","NPP","Retailer","Meijer",2,"Friskies"
"ITEM60055CWFRISKIESPREMIUM","Wet Cat","CW FRISKIES PREMIUM 03.5OZ","NPP","ROM","Meijer",1,"Friskies"
"ITEM60081CWFRISKIESPREMIUM","Wet Cat","CW FRISKIES PREMIUM 03.5OZ 24CT","NPP","Retailer","Meijer",1,"Friskies"
"ITEM600DWPROPLANESSENTIAL","Wet Dog","DW PRO PLAN ESSENTIAL 13OZ","NPP","ROM","Meijer",1,"Pro Plan"
"ITEM602DWPROPLANSPECIALIZED","Wet Dog","DW PRO PLAN SPECIALIZED 13OZ","NPP","ROM","Meijer",1,"Pro Plan"
"ITEM603DWPURINAONETRUINST","Wet Dog","DW PURINA ONE TRU INST 13OZ 12CT","NPP","ROM","Meijer",1,"Purina One"
"ITEM604DWPURINAONETRUINST","Wet Dog","DW PURINA ONE TRU INST 13OZ 06CT","NPP","Retailer","Meijer",2,"Purina One"
"ITEM604DWPURINAONETRUINST","Wet Dog","DW PURINA ONE TRU INST 13OZ 06CT","NPP","ROM","Meijer",2,"Purina One"
"ITEM605DWPURINAONETRUINST","Wet Dog","DW PURINA ONE TRU INST 13OZ","NPP","Retailer","Meijer",2,"Purina One"
"ITEM605DWPURINAONETRUINST","Wet Dog","DW PURINA ONE TRU INST 13OZ","NPP","ROM","Meijer",2,"Purina One"
"ITEM609PURINAONETRUEINSTMT","Dog Treats","DT PURINA ONE TRUE INST MT 07OZ","NPP","Retailer","Meijer",1,"Purina One"
"ITEM609PURINAONETRUEINSTMT","Dog Treats","DT PURINA ONE TRUE INST MT 07OZ","NPP","ROM","Meijer",1,"Purina One"
"ITEM611TBONZMT","Dog Treats","DT T BONZ MT 40OZ","NPP","Retailer","Meijer",2,"Alpo"
"ITEM611TBONZMT","Dog Treats","DT T BONZ MT 40OZ","NPP","ROM","Meijer",2,"Alpo"
"ITEM613DDPROPLANESSENTIAL","Dry Dog","DD PRO PLAN ESSENTIAL 05-6LB","NPP","ROM","Meijer",1,"Pro Plan"
"ITEM628BUSYTWISTEDCW","Dog Treats","DT BUSY TWISTED CW 36OZ","NPP","Retailer","Meijer",2,"Busy"
"ITEM628BUSYTWISTEDCW","Dog Treats","DT BUSY TWISTED CW 36OZ","NPP","ROM","Meijer",2,"Busy"
"ITEM628DDAOPREMIUM","Dry Dog","DD DOG CHOW GREEN BG 46-48LB","NPP","Retailer","Meijer",1,"Dog Chow Line"
"ITEM628DDAOPREMIUM","Dry Dog","DD DOG CHOW GREEN BG 46-48LB","NPP","ROM","Meijer",1,"Dog Chow Line"
"ITEM629DDMOISTANDMEATY","Dry Dog","DD MOIST AND MEATY 216OZ","NPP","Retailer","Meijer",2,"Moist & Meaty"
"ITEM629DDMOISTANDMEATY","Dry Dog","DD MOIST AND MEATY 216OZ","NPP","ROM","Meijer",2,"Moist & Meaty"
"ITEM63FRISKIESML","Dry Cat","DC FRISKIES ML 22LB","NPP","Retailer","Meijer",2,"Friskies"
"ITEM63FRISKIESML","Dry Cat","DC FRISKIES ML 22LB","NPP","ROM","Meijer",2,"Friskies"
"ITEM647DENTALIFEACTIVEFRESHDT","Dog Treats","DT DENTALIFE ACTIVEFRESH DT 24.1OZ","NPP","Retailer","Meijer",2,"Dentalife"
"ITEM647DENTALIFEACTIVEFRESHDT","Dog Treats","DT DENTALIFE ACTIVEFRESH DT 24.1OZ","NPP","ROM","Meijer",2,"Dentalife"
"ITEM64CTFRISKIESPARTYMIXCR","Cat Treats","CT FRISKIES PARTY MIX/NAT YUM CR 30OZ","NPP","Retailer","Meijer",2,"Friskies"
"ITEM64CTFRISKIESPARTYMIXCR","Cat Treats","CT FRISKIES PARTY MIX/NAT YUM CR 30OZ","NPP","ROM","Meijer",2,"Friskies"
"ITEM652DDPROPLANESSENTIAL","Dry Dog","DD PRO PLAN ESSENTIAL 33-35LB","NPP","ROM","Meijer",1,"Pro Plan"
"ITEM66CTKITKABOODLECR","Cat Treats","CT KIT KABOODLE CR 04OZ","NPP","Retailer","Meijer",0,"Kit & Kaboodle"
"ITEM66CWFRISKIES","Wet Cat","CW FRISKIES 03OZ 24CT","NPP","Retailer","Meijer",1,"Friskies"
"ITEM66CWFRISKIES","Wet Cat","CW FRISKIES 03OZ 24CT","NPP","ROM","Meijer",1,"Friskies"
"ITEM671PRIMEBONESCW","Dog Treats","DT PRIME BONES CW 09.7-11.5OZ","NPP","Retailer","Meijer",2,"Prime"
"ITEM671PRIMEBONESCW","Dog Treats","DT PRIME BONES CW 09.7-11.5OZ","NPP","ROM","Meijer",1,"Prime"
"ITEM682BUSYCW","Dog Treats","DT BUSY CW 01.2-1.7OZ","NPP","Retailer","Meijer",2,"Busy"
"ITEM682BUSYCW","Dog Treats","DT BUSY CW 01.2-1.7OZ","NPP","ROM","Meijer",1,"Busy"
"ITEM684DDPUPPYCHOW","Dry Dog","DD PUPPY CHOW 08.8LB","NPP","Retailer","Meijer",1,"Dog Chow Line"
"ITEM688DENTALIFEACTIVEFRESHDT","Dog Treats","DT DENTALIFE ACTIVEFRESH DT 01.1OZ","NPP","Retailer","Meijer",0,"Dentalife"
"ITEM688DENTALIFEACTIVEFRESHDT","Dog Treats","DT DENTALIFE ACTIVEFRESH DT 01.1OZ","NPP","ROM","Meijer",1,"Dentalife"
"ITEM695BEGGINFUNSIZEMT","Dog Treats","DT BEGGIN FUN SIZE MT 01.3OZ","NPP","Retailer","Meijer",2,"Beggin'"
"ITEM695BEGGINFUNSIZEMT","Dog Treats","DT BEGGIN FUN SIZE MT 01.3OZ","NPP","ROM","Meijer",1,"Beggin'"
"ITEM695DDBEYONDSMP","Dry Dog","DD BEYOND SMP9 03-4LB","NPP","Retailer","Meijer",2,"Beyond"
"ITEM695DDBEYONDSMP","Dry Dog","DD BEYOND SMP9 03-4LB","NPP","ROM","Meijer",1,"Beyond"
"ITEM69CWFANCYFEASTMEDLEYS","Wet Cat","CW FANCY FEAST MEDLEYS 03OZ 18CT","NPP","Retailer","Meijer",2,"Fancy Feast"
"ITEM69CWFANCYFEASTMEDLEYS","Wet Cat","CW FANCY FEAST MEDLEYS 03OZ 18CT","NPP","ROM","Meijer",1,"Fancy Feast"
"ITEM69TBONZMT","Dog Treats","DT T BONZ MT 04.5OZ","NPP","Retailer","Meijer",2,"Alpo"
"ITEM69TBONZMT","Dog Treats","DT T BONZ MT 04.5OZ","NPP","ROM","Meijer",2,"Alpo"
"ITEM6FANCYFEAST","Dry Cat","DC FANCY FEAST 07LB","NPP","Retailer","Meijer",2,"Fancy Feast"
"ITEM6FANCYFEAST","Dry Cat","DC FANCY FEAST 07LB","NPP","ROM","Meijer",2,"Fancy Feast"
"ITEM70002DWBELLATRUEDELIGHTS","Wet Dog","DW BELLA TRUE DELIGHTS 01.4OZ","NPP","Retailer","Meijer",0,"Bella"
"ITEM70011DWBELLATRUEDELIGHTS","Wet Dog","DW BELLA TRUE DELIGHTS 01.4OZ 8CT","NPP","Retailer","Meijer",0,"Bella"
"ITEM701DDBENEFULPREMIUM","Dry Dog","DD BENEFUL PREMIUM 09.4-12.5LB","NPP","Retailer","Meijer",1,"Beneful"
"ITEM701DDBENEFULPREMIUM","Dry Dog","DD BENEFUL PREMIUM 09.4-12.5LB","NPP","ROM","Meijer",1,"Beneful"
"ITEM7023017056","Litter","CL TIDY CATS BREEZE ANTI-TRACK PELLETS 03.5LB","NPP","Retailer","Meijer",0,"Tidy Cats"
"ITEM70CTFRISKIESPARTYMIXCR","Cat Treats","CT FRISKIES PARTY MIX CR 20OZ 2CT","NPP","Retailer","Meijer",2,"Friskies"
"ITEM70CTFRISKIESPARTYMIXCR","Cat Treats","CT FRISKIES PARTY MIX CR 20OZ 2CT","NPP","ROM","Meijer",1,"Friskies"
"ITEM717DDDOGCHOWGREENBG","Dry Dog","DD DOG CHOW GREEN BG 42-46LB","NPP","Retailer","Meijer",0,"Dog Chow Line"
"ITEM717DDDOGCHOWGREENBG","Dry Dog","DD DOG CHOW GREEN BG 42-46LB","NPP","ROM","Meijer",1,"Dog Chow Line"
"ITEM741DDDOGCHOWLX","Dry Dog","DD DOG CHOW LX 40LB","NPP","Retailer","Meijer",1,"Dog Chow Line"
"ITEM741DDDOGCHOWLX","Dry Dog","DD DOG CHOW LX 40LB","NPP","ROM","Meijer",1,"Dog Chow Line"
"ITEM759DDALPO","Dry Dog","DD ALPO 16LB","NPP","Retailer","Meijer",1,"Alpo"
"ITEM759DDALPO","Dry Dog","DD ALPO 16LB","NPP","ROM","Meijer",1,"Alpo"
"ITEM76BUSYTWISTEDCW","Dog Treats","DT BUSY TWISTED CW 05.3-7OZ","NPP","Retailer","Meijer",2,"Busy"
"ITEM76BUSYTWISTEDCW","Dog Treats","DT BUSY TWISTED CW 05.3-7OZ","NPP","ROM","Meijer",2,"Busy"
"ITEM76PURINAONE","Wet Dog","DW PURINA ONE 13OZ","NPP","Retailer","Meijer",2,"Purina One"
"ITEM76PURINAONE","Wet Dog","DW PURINA ONE 13OZ","NPP","ROM","Meijer",2,"Purina One"
"ITEM772DDBEYONDGRFR","Dry Dog","DD BEYOND GR FR 13LB","NPP","Retailer","Meijer",1,"Beyond"
"ITEM772DDBEYONDGRFR","Dry Dog","DD BEYOND GR FR 13LB","NPP","ROM","Meijer",1,"Beyond"
"ITEM779PRIMEBONESCW","Dog Treats","DT PRIME JERKY MT 15OZ","NPP","Retailer","Meijer",1,"Prime"
"ITEM779PRIMEBONESCW","Dog Treats","DT PRIME JERKY MT 15OZ","NPP","ROM","Meijer",1,"Prime"
"ITEM77CWFANCYFEASTML","Wet Cat","CW FANCY FEAST ML 03OZ 36CT","NPP","Retailer","Meijer",2,"Fancy Feast"
"ITEM781DDDOGCHOWLX","Dry Dog","DD DOG CHOW LX 16.5-18LB","NPP","Retailer","Meijer",2,"Dog Chow Line"
"ITEM781DDDOGCHOWLX","Dry Dog","DD DOG CHOW LX 16.5-18LB","NPP","ROM","Meijer",2,"Dog Chow Line"
"ITEM785PRIMEBONESCW","Dog Treats","DT PRIME JERKY  MT 05OZ","NPP","Retailer","Meijer",1,"Prime"
"ITEM785PRIMEBONESCW","Dog Treats","DT PRIME JERKY  MT 05OZ","NPP","ROM","Meijer",1,"Prime"
"ITEM787DDPURINAONEMLTRG","Dry Dog","DD PURINA ONE ML TRGTD 03.8-4LB","NPP","Retailer","Meijer",2,"Purina One"
"ITEM787DDPURINAONEMLTRG","Dry Dog","DD PURINA ONE ML TRGTD 03.8-4LB","NPP","ROM","Meijer",1,"Purina One"
"ITEM789DTALPODT","Dog Treats","DT ALPO DT 01.6OZ","NPP","ROM","Meijer",1,"Alpo"
"ITEM791DTALPODT","Dog Treats","DT ALPO DT 08.8OZ","NPP","ROM","Meijer",1,"Alpo"
"ITEM792DTALPOVARIETYSNAPSCR","Dog Treats","DT ALPO VARIETY SNAPS CR 16OZ","NPP","ROM","Meijer",1,"Alpo"
"ITEM793DTALPOVARIETYSNAPSCR","Dog Treats","DT ALPO VARIETY SNAPS CR 128OZ","NPP","Retailer","Meijer",1,"Alpo"
"ITEM794DTTBONZMT","Dog Treats","DT T BONZ MT 10OZ","NPP","ROM","Meijer",1,"Alpo"
"ITEM795DDPURINAONEML","Dry Dog","DD PURINA ONE ML 08LB","NPP","Retailer","Meijer",2,"Purina One"
"ITEM795DDPURINAONEML","Dry Dog","DD PURINA ONE ML 08LB","NPP","ROM","Meijer",2,"Purina One"
"ITEM795DTALPOTWISTABLESMT","Dog Treats","DT ALPO TWIST-ABLES MT 05.5OZ","NPP","ROM","Meijer",1,"Alpo"
"ITEM797DTBEGGINMT","Dog Treats","DT BEGGIN MT 03OZ","NPP","ROM","Meijer",1,"Beggin'"
"ITEM798DTBEGGINMT","Dog Treats","DT BEGGIN MT 32OZ","NPP","ROM","Meijer",1,"Beggin'"
"ITEM799DTBEGGINMT","Dog Treats","DT BEGGIN MT 08.5-9OZ","NPP","ROM","Meijer",1,"Beggin'"
"ITEM7BEYOND","Dry Cat","DC BEYOND SIMPLY 06LB","NPP","Retailer","Meijer",2,"Beyond"
"ITEM7BEYOND","Dry Cat","DC BEYOND SIMPLY 06LB","NPP","ROM","Meijer",1,"Beyond"
"ITEM7CWBEYONDSIMPORGS","Wet Cat","CW BEYOND SIMP ORGS 03OZ","NPP","Retailer","Meijer",0,"Beyond"
"ITEM800DTBEGGINMT","Dog Treats","DT BEGGIN MT 32OZ 2CT","NPP","ROM","Meijer",1,"Beggin'"
"ITEM801DDPURINAONETRUINST","Dry Dog","DD PURINA ONE TRU INST 07.4LB","NPP","Retailer","Meijer",2,"Purina One"
"ITEM801DDPURINAONETRUINST","Dry Dog","DD PURINA ONE TRU INST 07.4LB","NPP","ROM","Meijer",2,"Purina One"
"ITEM801DTBENEFULBAKEDCR","Dog Treats","DT BENEFUL BAKED CR 19.5-22OZ","NPP","ROM","Meijer",2,"Beneful"
"ITEM802DTBENEFULBAKEDCR","Dog Treats","DT BENEFUL BAKED CR 32-36OZ","NPP","ROM","Meijer",2,"Beneful"
"ITEM815DDDOGCHOWLX","Dry Dog","DD DOG CHOW LX 04LB","NPP","Retailer","Meijer",2,"Dog Chow Line"
"ITEM815DDDOGCHOWLX","Dry Dog","DD DOG CHOW LX 04LB","NPP","ROM","Meijer",2,"Dog Chow Line"
"ITEM81CWFANCYFEASTPURELYFILETS","Wet Cat","CW FANCY FEAST PURELY FILETS 01OZ","NPP","Retailer","Meijer",1,"Fancy Feast"
"ITEM81CWFANCYFEASTPURELYFILETS","Wet Cat","CW FANCY FEAST PURELY FILETS 01OZ","NPP","ROM","Meijer",1,"Fancy Feast"
"ITEM8310CTFANCYFEASTSAVORYCRAVINGS","Cat Treats","CT FANCY FEAST SAVORY CRAVINGS 3OZ","NPP","Retailer","Meijer",1,"Fancy Feast"
"ITEM8310CTFANCYFEASTSAVORYCRAVINGS","Cat Treats","CT FANCY FEAST SAVORY CRAVINGS 3OZ","NPP","ROM","Meijer",1,"Fancy Feast"
"ITEM8325CTKITKABOODLECR","Cat Treats","CT KIT KABOODLE CR 02.4OZ","NPP","ROM","Meijer",1,"Kit & Kaboodle"
"ITEM8344CTWHISKERLICKINSAO","Cat Treats","CT WHISKER LICKINS AO","NPP","Retailer","Meijer",1,"Whisker Lickins"
"ITEM8344CTWHISKERLICKINSAO","Cat Treats","CT WHISKER LICKINS AO","NPP","ROM","Meijer",1,"Whisker Lickins"
"ITEM839DDPURINAONEML","Dry Dog","DD PURINA ONE ML 04LB","NPP","Retailer","Meijer",2,"Purina One"
"ITEM839DDPURINAONEML","Dry Dog","DD PURINA ONE ML 04LB","NPP","ROM","Meijer",1,"Purina One"
"ITEM842DDALPO","Dry Dog","DD ALPO 37-41LB","NPP","Retailer","Meijer",1,"Alpo"
"ITEM842DDALPO","Dry Dog","DD ALPO 37-41LB","NPP","ROM","Meijer",1,"Alpo"
"ITEM843DDPROPLANSPORTPERFORM","Dry Dog","DD PRO PLAN SPORT PERFORM 37.5LB","NPP","ROM","Meijer",1,"Pro Plan"
"ITEM847DTBUSYTWISTSCW","Dog Treats","DT BUSY TWISTS CW 06.5OZ","NPP","Retailer","Meijer",2,"Busy"
"ITEM847DTBUSYTWISTSCW","Dog Treats","DT BUSY TWISTS CW 06.5OZ","NPP","ROM","Meijer",1,"Busy"
"ITEM848DTBUSYWRAPSCW","Dog Treats","DT BUSY WRAPS CW 07.8OZ","NPP","Retailer","Meijer",2,"Busy"
"ITEM848DTBUSYWRAPSCW","Dog Treats","DT BUSY WRAPS CW 07.8OZ","NPP","ROM","Meijer",1,"Busy"
"ITEM849DTBUSYRIBHIDECW","Dog Treats","DT BUSY RIB HIDE CW 17.5OZ","NPP","ROM","Meijer",2,"Busy"
"ITEM850DTBUSYROLLHIDECW","Dog Treats","DT BUSY ROLLHIDE CW 20OZ","NPP","ROM","Meijer",1,"Busy"
"ITEM852DDBEYONDGRFR","Dry Dog","DD BEYOND GR FR 03LB","NPP","Retailer","Meijer",2,"Beyond"
"ITEM852DDBEYONDGRFR","Dry Dog","DD BEYOND GR FR 03LB","NPP","ROM","Meijer",1,"Beyond"
"ITEM854CTDENTALIFEDNT","Cat Treats","CT DENTALIFE DNT 19OZ","NPP","Retailer","Meijer",1,"Dentalife"
"ITEM854DDBEYONDSMP","Dry Dog","DD BEYOND SMP9 14.5-15.5LB","NPP","Retailer","Meijer",2,"Beyond"
"ITEM854DDBEYONDSMP","Dry Dog","DD BEYOND SMP9 14.5-15.5LB","NPP","ROM","Meijer",1,"Beyond"
"ITEM854DTCNPGOODBUDDYMT","Dog Treats","DT C&P GOOD BUDDY MT 04.5-5OZ","NPP","ROM","Meijer",1,"A/O Brand"
"ITEM855DTCNPORGANIXCR","Dog Treats","DT C&P ORGANIX CR 12OZ","NPP","ROM","Meijer",1,"A/O Brand"
"ITEM860DDBENEFULML","Dry Dog","DD BENEFUL 06.3LB","NPP","Retailer","Meijer",1,"Beneful"
"ITEM860DDBENEFULML","Dry Dog","DD BENEFUL 06.3LB","NPP","ROM","Meijer",1,"Beneful"
"ITEM861DDPUPPYCHOW","Dry Dog","DD PUPPY CHOW 16.5LB","NPP","Retailer","Meijer",2,"Dog Chow Line"
"ITEM861DDPUPPYCHOW","Dry Dog","DD PUPPY CHOW 16.5LB","NPP","ROM","Meijer",2,"Dog Chow Line"
"ITEM864DDPURINAONETRUINSTGF","Dry Dog","DD PURINA ONE TRU INST GF 03LB","NPP","ROM","Meijer",1,"Purina One"
"ITEM866CTWHISKERLICKINSCR","Cat Treats","CT WHISKER LICKINS CR 01.7OZ","NPP","Retailer","Meijer",1,"Whisker Lickins"
"ITEM866CTWHISKERLICKINSCR","Cat Treats","CT WHISKER LICKINS CR 01.7OZ","NPP","ROM","Meijer",2,"Whisker Lickins"
"ITEM866DDALPO","Dry Dog","DD ALPO 04LB","NPP","Retailer","Meijer",1,"Alpo"
"ITEM866DDALPO","Dry Dog","DD ALPO 04LB","NPP","ROM","Meijer",1,"Alpo"
"ITEM873DTDENTALIFEACTIVEFRESHDT","Dog Treats","DT DENTALIFE ACTIVEFRESH DT 16.9OZ","NPP","Retailer","Meijer",1,"Dentalife"
"ITEM873DTDENTALIFEACTIVEFRESHDT","Dog Treats","DT DENTALIFE ACTIVEFRESH DT 16.9OZ","NPP","ROM","Meijer",1,"Dentalife"
"ITEM874DTDENTALIFEACTIVEFRESHDT","Dog Treats","DT DENTALIFE ACTIVEFRESH DT 15.5OZ","NPP","Retailer","Meijer",2,"Dentalife"
"ITEM874DTDENTALIFEACTIVEFRESHDT","Dog Treats","DT DENTALIFE ACTIVEFRESH DT 15.5OZ","NPP","ROM","Meijer",2,"Dentalife"
"ITEM875DTDENTALIFEDT","Dog Treats","DT DENTALIFE DT 02.1OZ","NPP","ROM","Meijer",1,"Dentalife"
"ITEM87DENTALIFEDT","Dog Treats","DT DENTALIFE DT 06.8-7.8OZ","NPP","Retailer","Meijer",1,"Dentalife"
"ITEM87DENTALIFEDT","Dog Treats","DT DENTALIFE DT 06.8-7.8OZ","NPP","ROM","Meijer",1,"Dentalife"
"ITEM881CTFANCYFEASTPUREFLAKED","Cat Treats","CT FANCY FEAST PURE FLAKED 01.06OZ","NPP","Retailer","Meijer",2,"Fancy Feast"
"ITEM881CTFANCYFEASTPUREFLAKED","Cat Treats","CT FANCY FEAST PURE FLAKED 01.06OZ","NPP","ROM","Meijer",1,"Fancy Feast"
"ITEM883DDALPO","Dry Dog","DD ALPO 01LB","NPP","ROM","Meijer",1,"Alpo"
"ITEM887DDMOISTANDMEATY","Dry Dog","DD MOIST AND MEATY 012OZ","NPP","ROM","Meijer",1,"Moist & Meaty"
"ITEM88BENEFUL","Wet Dog","DW BENEFUL 10OZ 12CT","NPP","Retailer","Meijer",2,"Beneful"
"ITEM88BENEFUL","Wet Dog","DW BENEFUL 10OZ 12CT","NPP","ROM","Meijer",2,"Beneful"
"ITEM88BENEFULBAKEDCR","Dog Treats","DT BENEFUL BAKED CR 08.5-9.5OZ","NPP","Retailer","Meijer",2,"Beneful"
"ITEM88BENEFULBAKEDCR","Dog Treats","DT BENEFUL BAKED CR 08.5-9.5OZ","NPP","ROM","Meijer",1,"Beneful"
"ITEM88CWFANCYFEASTNATURALSML","Wet Cat","CW FANCY FEAST NATURALS ML 03OZ 12CT","NPP","Retailer","Meijer",2,"Fancy Feast"
"ITEM88CWFANCYFEASTNATURALSML","Wet Cat","CW FANCY FEAST NATURALS ML 03OZ 12CT","NPP","ROM","Meijer",1,"Fancy Feast"
"ITEM894DDBELLA","Dry Dog","DD BELLA 12LB","NPP","Retailer","Meijer",1,"Bella"
"ITEM897DDPUPPYCHOW","Dry Dog","DD PUPPY CHOW 04.4LB","NPP","Retailer","Meijer",2,"Dog Chow Line"
"ITEM897DDPUPPYCHOW","Dry Dog","DD PUPPY CHOW 04.4LB","NPP","ROM","Meijer",2,"Dog Chow Line"
"ITEM898DDDOGCHOWGREENBG","Dry Dog","DD DOG CHOW GREEN BG 01LB","NPP","ROM","Meijer",1,"Dog Chow Line"
"ITEM899DDPURINAONETRUINST","Dry Dog","DD PURINA ONE TRU INST 03.8LB","NPP","Retailer","Meijer",1,"Purina One"
"ITEM899DDPURINAONETRUINST","Dry Dog","DD PURINA ONE TRU INST 03.8LB","NPP","ROM","Meijer",2,"Purina One"
"ITEM8CWFRISKIES","Wet Cat","CW FRISKIES 05.5OZ","NPP","Retailer","Meijer",2,"Friskies"
"ITEM8CWFRISKIES","Wet Cat","CW FRISKIES 05.5OZ","NPP","ROM","Meijer",2,"Friskies"
"ITEM901CTFANCYFEASTSAVORYCRAVINGS","Cat Treats","CT FANCY FEAST SAVORY CRAVINGS 01OZ","NPP","Retailer","Meijer",2,"Fancy Feast"
"ITEM901CTFANCYFEASTSAVORYCRAVINGS","Cat Treats","CT FANCY FEAST SAVORY CRAVINGS 01OZ","NPP","ROM","Meijer",2,"Fancy Feast"
"ITEM902DDBEYONDSMBRDSPRFOOD","Dry Dog","DD BEYOND SM-BRD/SPR FOOD 03-4LB","NPP","Retailer","Meijer",2,"Beyond"
"ITEM902DDBEYONDSMBRDSPRFOOD","Dry Dog","DD BEYOND SM-BRD/SPR FOOD 03-4LB","NPP","ROM","Meijer",1,"Beyond"
"ITEM905DDBEYONDGRFR","Dry Dog","DD BEYOND GR FR 23LB","NPP","Retailer","Meijer",2,"Beyond"
"ITEM90BEYONDWILD","Wet Dog","DW BEYOND WILD 13OZ","NPP","Retailer","Meijer",2,"Beyond"
"ITEM90BEYONDWILD","Wet Dog","DW BEYOND WILD 13OZ","NPP","ROM","Meijer",2,"Beyond"
"ITEM910DTHONESTTODOGAOF","Dog Treats","DT HONEST TO DOG AOF","NPP","Retailer","Meijer",0,"Honest To Dog"
"ITEM912DDPUPPYCHOW","Dry Dog","DD PUPPY CHOW 01LB","NPP","ROM","Meijer",1,"Dog Chow Line"
"ITEM91BEYONDGRFR","Dry Cat","DC BEYOND GR FR 11LB","NPP","Retailer","Meijer",2,"Beyond"
"ITEM920DDPURINAONETRUINSTGF","Dry Dog","DD PURINA ONE TRU INST GF 06LB","NPP","Retailer","Meijer",1,"Purina One"
"ITEM920DDPURINAONETRUINSTGF","Dry Dog","DD PURINA ONE TRU INST GF 06LB","NPP","ROM","Meijer",1,"Purina One"
"ITEM925DDDOGCHOWGREENBG","Dry Dog","DD DOG CHOW GREEN BG 04.4LB","NPP","Retailer","Meijer",1,"Dog Chow Line"
"ITEM925DDDOGCHOWGREENBG","Dry Dog","DD DOG CHOW GREEN BG 04.4LB","NPP","ROM","Meijer",1,"Dog Chow Line"
"ITEM941DDBELLA","Dry Dog","DD BELLA 03LB","NPP","Retailer","Meijer",1,"Bella"
"ITEM941DDBELLA","Dry Dog","DD BELLA 03LB","NPP","ROM","Meijer",1,"Bella"
"ITEM942DDMOISTANDMEATY","Dry Dog","DD MOIST AND MEATY 072OZ","NPP","Retailer","Meijer",2,"Moist & Meaty"
"ITEM942DDMOISTANDMEATY","Dry Dog","DD MOIST AND MEATY 072OZ","NPP","ROM","Meijer",2,"Moist & Meaty"
"ITEM94BUSYRIBHIDECW","Dog Treats","DT BUSY RIB HIDE CW 08.8OZ","NPP","Retailer","Meijer",0,"Busy"
"ITEM94BUSYRIBHIDECW","Dog Treats","DT BUSY RIB HIDE CW 08.8OZ","NPP","ROM","Meijer",2,"Busy"
"ITEM94PURINAONETRUINST","Dry Cat","DC PURINA ONE TRU INST 06.3LB","NPP","Retailer","Meijer",2,"Purina One"
"ITEM94PURINAONETRUINST","Dry Cat","DC PURINA ONE TRU INST 06.3LB","NPP","ROM","Meijer",1,"Purina One"
"ITEM953DDBEYONDSMBRDSPRFOOD","Dry Dog","DD BEYOND SM-BRD/SPR FOOD 14.5LB","NPP","Retailer","Meijer",2,"Beyond"
"ITEM953DDBEYONDSMBRDSPRFOOD","Dry Dog","DD BEYOND SM-BRD/SPR FOOD 14.5LB","NPP","ROM","Meijer",1,"Beyond"
"ITEM956DDPURINAONEML","Dry Dog","DD PURINA ONE ML 03LB","NPP","ROM","Meijer",1,"Purina One"
"ITEM966DDDOGCHOWGREENBG","Dry Dog","DD DOG CHOW GREEN BG 18.5-20LB","NPP","Retailer","Meijer",2,"Dog Chow Line"
"ITEM966DDDOGCHOWGREENBG","Dry Dog","DD DOG CHOW GREEN BG 18.5-20LB","NPP","ROM","Meijer",2,"Dog Chow Line"
"ITEM96CWFANCYFEASTML","Wet Cat","CW FANCY FEAST ML 03OZ 30CT","NPP","Retailer","Meijer",2,"Fancy Feast"
"ITEM96CWFANCYFEASTML","Wet Cat","CW FANCY FEAST ML 03OZ 30CT","NPP","ROM","Meijer",2,"Fancy Feast"
"ITEM971DDPURINAONETRUINST","Dry Dog","DD PURINA ONE TRU INST 27.5LB","NPP","Retailer","Meijer",2,"Purina One"
"ITEM971DDPURINAONETRUINST","Dry Dog","DD PURINA ONE TRU INST 27.5LB","NPP","ROM","Meijer",1,"Purina One"
"ITEM975DDPURINAONETRUINSTGF","Dry Dog","DD PURINA ONE TRU INST GF 12.5LB","NPP","Retailer","Meijer",1,"Purina One"
"ITEM975DDPURINAONETRUINSTGF","Dry Dog","DD PURINA ONE TRU INST GF 12.5LB","NPP","ROM","Meijer",1,"Purina One"
"ITEM97CWFRISKIES","Wet Cat","CW FRISKIES 05.5OZ 48CT","NPP","ROM","Meijer",1,"Friskies"
"ITEM981DDPURINAONETRUINST","Dry Dog","DD PURINA ONE TRU INST 15LB","NPP","Retailer","Meijer",2,"Purina One"
"ITEM981DDPURINAONETRUINST","Dry Dog","DD PURINA ONE TRU INST 15LB","NPP","ROM","Meijer",2,"Purina One"
"ITEM98ALPOVARIETYSNAPSCR","Dog Treats","DT ALPO VARIETY SNAPS CR 60OZ","NPP","Retailer","Meijer",2,"Alpo"
"ITEM98ALPOVARIETYSNAPSCR","Dog Treats","DT ALPO VARIETY SNAPS CR 60OZ","NPP","ROM","Meijer",2,"Alpo"
"ITEM98CWFANCYFEASTSAVRYCNTR","Wet Cat","CW FANCY FEAST SAVRY CNTR 03OZ","NPP","Retailer","Meijer",1,"Fancy Feast"
"ITEM98CWFANCYFEASTSAVRYCNTR","Wet Cat","CW FANCY FEAST SAVRY CNTR 03OZ","NPP","ROM","Meijer",1,"Fancy Feast"
"ITEM991DDDOGCHOWLX","Dry Dog","DD DOG CHOW LX 13.5LB","NPP","ROM","Meijer",1,"Dog Chow Line"
"ITEM995DDPURINAONEMLTRGTD","Dry Dog","DD PURINA ONE ML TRGTD 40LB","NPP","Retailer","Meijer",2,"Purina One"
"ITEM995DDPURINAONEMLTRGTD","Dry Dog","DD PURINA ONE ML TRGTD 40LB","NPP","ROM","Meijer",2,"Purina One"
"ITEM995DTPRIMEBONESCW","Dog Treats","DT PRIME BONES CW 21-22.8OZ","NPP","Retailer","Meijer",0,"Prime"
"ITEM995DTPRIMEBONESCW","Dog Treats","DT PRIME BONES CW 21-22.8OZ","NPP","ROM","Meijer",1,"Prime"
"ITEM996DTPRIMEBONESCW","Dog Treats","DT PRIME BONES CW 02.4OZ","NPP","ROM","Meijer",1,"Prime"
"ITEM997DTPRIMEBONESCW","Dog Treats","DT PRIME BONES CW 39.7OZ","NPP","ROM","Meijer",1,"Prime"
"ITEM99BEYONDGRFR","Dry Cat","DC BEYOND GR FR 05LB","NPP","Retailer","Meijer",2,"Beyond"
"ITEM99BEYONDGRFR","Dry Cat","DC BEYOND GR FR 05LB","NPP","ROM","Meijer",1,"Beyond"
"ITEM9BENEFUL","Wet Dog","DW BENEFUL 10OZ","NPP","Retailer","Meijer",2,"Beneful"
"ITEM9BENEFUL","Wet Dog","DW BENEFUL 10OZ","NPP","ROM","Meijer",2,"Beneful"
"ITEM9BUSYROLLHIDECW","Dog Treats","DT BUSY ROLLHIDE CW 04-6OZ","NPP","Retailer","Meijer",2,"Busy"
"ITEM9BUSYROLLHIDECW","Dog Treats","DT BUSY ROLLHIDE CW 04-6OZ","NPP","ROM","Meijer",2,"Busy"
"ITEM9CTFANCYFEASTDUOSCR","Cat Treats","CT FANCY FEAST DUOS CR 02.1OZ","NPP","Retailer","Meijer",0,"Fancy Feast"
"ITEM9CTFANCYFEASTDUOSCR","Cat Treats","CT FANCY FEAST DUOS CR 02.1OZ","NPP","ROM","Meijer",1,"Fancy Feast"
