"","Cannibal_PPG","Date","box","Cannibalised_PPG","Model_flag","Cannibal_PPG_Description","Category","Retailer","Cannibal_Doll","Cannibal_dollars_on_predicted","Cannibal_dollars_on_predicted.x","Cannibal_dollars_on_predicted.y"
"1","ITEM538BUSYCW_Retailer","2021-05-01","Within","Pantry Loading",2,"DT BUSY CW 06.5-7OZ","Dog Treats","CVS Total Corp WO HI",998.404068999323,998.404068999323,NA,NA
"2","ITEM538BUSYCW_Retailer","2021-06-12","Within","Pantry Loading",2,"DT BUSY CW 06.5-7OZ","Dog Treats","CVS Total Corp WO HI",261.009826507099,0,NA,NA
"3","ITEM538BUSYCW_Retailer","2021-07-03","Within","Pantry Loading",2,"DT BUSY CW 06.5-7OZ","Dog Treats","CVS Total Corp WO HI",1157.74252130387,312.647436434472,NA,NA
"4","ITEM538BUSYCW_Retailer","2021-08-28","Within","Pantry Loading",2,"DT BUSY CW 06.5-7OZ","Dog Treats","CVS Total Corp WO HI",1082.48518148132,985.533090458024,NA,NA
"5","ITEM538BUSYCW_Retailer","2021-09-04","Within","Pantry Loading",2,"DT BUSY CW 06.5-7OZ","Dog Treats","CVS Total Corp WO HI",1485.92028116123,965.948854857425,NA,NA
"6","ITEM538BUSYCW_Retailer","2021-10-16","Within","Pantry Loading",2,"DT BUSY CW 06.5-7OZ","Dog Treats","CVS Total Corp WO HI",316.852551275537,0,NA,NA
"7","ITEM538BUSYCW_Retailer","2021-12-04","Within","Pantry Loading",2,"DT BUSY CW 06.5-7OZ","Dog Treats","CVS Total Corp WO HI",259.447341795892,688.76904417985,NA,NA
"8","ITEM618BEGGINMT_Retailer","2021-01-02","Within","Pantry Loading",2,"DT BEGGIN MT 25OZ","Dog Treats","CVS Total Corp WO HI",2598.66281720391,2598.66281720391,NA,NA
"9","ITEM618BEGGINMT_Retailer","2021-01-16","Within","Pantry Loading",2,"DT BEGGIN MT 25OZ","Dog Treats","CVS Total Corp WO HI",2363.13641886106,2363.13641886106,NA,NA
"10","ITEM618BEGGINMT_Retailer","2021-02-13","Within","Pantry Loading",2,"DT BEGGIN MT 25OZ","Dog Treats","CVS Total Corp WO HI",2567.63999078217,2567.63999078217,NA,NA
"11","ITEM618BEGGINMT_Retailer","2021-02-20","Cross","DT BEGGIN MT 25OZ",2,"DT BEGGIN MT 25OZ","Dog Treats","CVS Total Corp WO HI",14.589883214105,14.589883214105,NA,NA
"12","ITEM618BEGGINMT_Retailer","2021-02-27","Within","Pantry Loading",2,"DT BEGGIN MT 25OZ","Dog Treats","CVS Total Corp WO HI",2419.29765821547,2419.29765821547,NA,NA
"13","ITEM618BEGGINMT_Retailer","2021-03-06","Within","Pantry Loading",2,"DT BEGGIN MT 25OZ","Dog Treats","CVS Total Corp WO HI",926.724047923021,926.724047923021,NA,NA
"14","ITEM618BEGGINMT_Retailer","2021-03-27","Cross","DT BEGGIN MT 25OZ",2,"DT BEGGIN MT 25OZ","Dog Treats","CVS Total Corp WO HI",0,13.0066780053832,NA,NA
"15","ITEM618BEGGINMT_Retailer","2021-04-03","Within","Pantry Loading",2,"DT BEGGIN MT 25OZ","Dog Treats","CVS Total Corp WO HI",2296.68906050767,2296.68906050767,NA,NA
"16","ITEM618BEGGINMT_Retailer","2021-04-17","Cross","DT BEGGIN MT 25OZ",2,"DT BEGGIN MT 25OZ","Dog Treats","CVS Total Corp WO HI",21.282822138248,21.282822138248,NA,NA
"17","ITEM618BEGGINMT_Retailer","2021-04-24","Cross","DT BEGGIN MT 25OZ",2,"DT BEGGIN MT 25OZ","Dog Treats","CVS Total Corp WO HI",11.6329055388674,11.6329055388674,NA,NA
"18","ITEM618BEGGINMT_Retailer","2021-04-24","Within","Pantry Loading",2,"DT BEGGIN MT 25OZ","Dog Treats","CVS Total Corp WO HI",2381.066359865,2381.066359865,NA,NA
"19","ITEM618BEGGINMT_Retailer","2021-05-01","Cross","DT BEGGIN MT 25OZ",2,"DT BEGGIN MT 25OZ","Dog Treats","CVS Total Corp WO HI",4.04846446031982,5.80447934921228,NA,NA
"20","ITEM618BEGGINMT_Retailer","2021-05-01","Within","Pantry Loading",2,"DT BEGGIN MT 25OZ","Dog Treats","CVS Total Corp WO HI",617.684818497132,885.604606000494,NA,NA
"21","ITEM618BEGGINMT_Retailer","2021-05-22","Cross","DT BEGGIN MT 25OZ",2,"DT BEGGIN MT 25OZ","Dog Treats","CVS Total Corp WO HI",1.67783802761432,1.67783802761432,NA,NA
"22","ITEM618BEGGINMT_Retailer","2021-05-22","Within","Pantry Loading",2,"DT BEGGIN MT 25OZ","Dog Treats","CVS Total Corp WO HI",2545.95211615367,2545.95211615367,NA,NA
"23","ITEM618BEGGINMT_Retailer","2021-05-29","Cross","DT BEGGIN MT 25OZ",2,"DT BEGGIN MT 25OZ","Dog Treats","CVS Total Corp WO HI",0,7.86882756608161,NA,NA
"24","ITEM618BEGGINMT_Retailer","2021-06-05","Cross","DT BEGGIN MT 25OZ",2,"DT BEGGIN MT 25OZ","Dog Treats","CVS Total Corp WO HI",3.92737394997827,3.92737394997827,NA,NA
"25","ITEM618BEGGINMT_Retailer","2021-06-05","Within","Pantry Loading",2,"DT BEGGIN MT 25OZ","Dog Treats","CVS Total Corp WO HI",2297.3740162894,2297.3740162894,NA,NA
"26","ITEM618BEGGINMT_Retailer","2021-06-12","Within","Pantry Loading",2,"DT BEGGIN MT 25OZ","Dog Treats","CVS Total Corp WO HI",884.135164945074,884.135164945074,NA,NA
"27","ITEM618BEGGINMT_Retailer","2021-07-03","Within","Pantry Loading",2,"DT BEGGIN MT 25OZ","Dog Treats","CVS Total Corp WO HI",1082.81740063771,1082.81740063771,NA,NA
"28","ITEM618BEGGINMT_Retailer","2021-07-10","Within","Pantry Loading",2,"DT BEGGIN MT 25OZ","Dog Treats","CVS Total Corp WO HI",2386.55931780667,2386.55931780667,NA,NA
"29","ITEM618BEGGINMT_Retailer","2021-08-07","Cross","DT BEGGIN MT 25OZ",2,"DT BEGGIN MT 25OZ","Dog Treats","CVS Total Corp WO HI",0,2.11262935378354,NA,NA
"30","ITEM618BEGGINMT_Retailer","2021-08-14","Cross","DT BEGGIN MT 25OZ",2,"DT BEGGIN MT 25OZ","Dog Treats","CVS Total Corp WO HI",0,3.47363691431021,NA,NA
"31","ITEM618BEGGINMT_Retailer","2021-08-21","Within","Pantry Loading",2,"DT BEGGIN MT 25OZ","Dog Treats","CVS Total Corp WO HI",2376.68309183708,2376.68309183708,NA,NA
"32","ITEM618BEGGINMT_Retailer","2021-08-28","Within","Pantry Loading",2,"DT BEGGIN MT 25OZ","Dog Treats","CVS Total Corp WO HI",837.3496578739,837.3496578739,NA,NA
"33","ITEM618BEGGINMT_Retailer","2021-09-04","Within","Pantry Loading",2,"DT BEGGIN MT 25OZ","Dog Treats","CVS Total Corp WO HI",826.739797803391,826.739797803391,NA,NA
"34","ITEM618BEGGINMT_Retailer","2021-09-18","Cross","DT BEGGIN MT 25OZ",2,"DT BEGGIN MT 25OZ","Dog Treats","CVS Total Corp WO HI",12.7380947128481,12.7380947128481,NA,NA
"35","ITEM618BEGGINMT_Retailer","2021-10-16","Within","Pantry Loading",2,"DT BEGGIN MT 25OZ","Dog Treats","CVS Total Corp WO HI",1456.32513742919,1456.32513742919,NA,NA
"36","ITEM618BEGGINMT_Retailer","2021-10-23","Within","Pantry Loading",2,"DT BEGGIN MT 25OZ","Dog Treats","CVS Total Corp WO HI",2924.6331417961,2924.6331417961,NA,NA
"37","ITEM618BEGGINMT_Retailer","2021-10-30","Within","Pantry Loading",2,"DT BEGGIN MT 25OZ","Dog Treats","CVS Total Corp WO HI",2626.76417099203,2626.76417099203,NA,NA
"38","ITEM618BEGGINMT_Retailer","2021-11-06","Cross","DT BEGGIN MT 25OZ",2,"DT BEGGIN MT 25OZ","Dog Treats","CVS Total Corp WO HI",0,12.0699549516676,NA,NA
"39","ITEM618BEGGINMT_Retailer","2021-11-13","Within","Pantry Loading",2,"DT BEGGIN MT 25OZ","Dog Treats","CVS Total Corp WO HI",2494.23962450718,2653.20701287728,NA,NA
"40","ITEM618BEGGINMT_Retailer","2021-11-20","Within","Pantry Loading",2,"DT BEGGIN MT 25OZ","Dog Treats","CVS Total Corp WO HI",0,1119.72706625696,NA,NA
"41","ITEM618BEGGINMT_Retailer","2021-11-27","Within","Pantry Loading",2,"DT BEGGIN MT 25OZ","Dog Treats","CVS Total Corp WO HI",2822.15647608364,2822.15647608364,NA,NA
"42","ITEM618BEGGINMT_Retailer","2021-12-04","Within","Pantry Loading",2,"DT BEGGIN MT 25OZ","Dog Treats","CVS Total Corp WO HI",1319.31396813379,1319.31396813379,NA,NA
"43","ITEM618BEGGINMT_Retailer","2021-12-11","Within","Pantry Loading",2,"DT BEGGIN MT 25OZ","Dog Treats","CVS Total Corp WO HI",3328.15640048119,3328.15640048119,NA,NA
"44","ITEM618BEGGINMT_Retailer","2021-12-25","Within","Pantry Loading",2,"DT BEGGIN MT 25OZ","Dog Treats","CVS Total Corp WO HI",2167.15629403166,2167.15629403166,NA,NA
"45","ITEM618BEGGINMT_Retailer","2022-01-15","Within","Pantry Loading",2,"DT BEGGIN MT 25OZ","Dog Treats","CVS Total Corp WO HI",2394.280891017,2394.280891017,NA,NA
"46","ITEM618BEGGINMT_Retailer","2022-03-05","Cross","DT BEGGIN MT 25OZ",2,"DT BEGGIN MT 25OZ","Dog Treats","CVS Total Corp WO HI",1.97142529771832,1.97142529771832,NA,NA
"47","ITEM618BEGGINMT_Retailer","2022-04-16","Cross","DT BEGGIN MT 25OZ",2,"DT BEGGIN MT 25OZ","Dog Treats","CVS Total Corp WO HI",0,3.62551312688354,NA,NA
"48","ITEM618BEGGINMT_Retailer","2022-04-23","Cross","DT BEGGIN MT 25OZ",2,"DT BEGGIN MT 25OZ","Dog Treats","CVS Total Corp WO HI",5.82250168080899,5.82250168080899,NA,NA
"49","ITEM618BEGGINMT_Retailer","2022-05-07","Cross","DT BEGGIN MT 25OZ",2,"DT BEGGIN MT 25OZ","Dog Treats","CVS Total Corp WO HI",0,0.317266233431416,NA,NA
"50","ITEM618BEGGINMT_Retailer","2022-05-14","Cross","DT BEGGIN MT 25OZ",2,"DT BEGGIN MT 25OZ","Dog Treats","CVS Total Corp WO HI",5.50526661231738,5.50526661231738,NA,NA
"51","ITEM618BEGGINMT_Retailer","2022-06-11","Cross","DT BEGGIN MT 25OZ",2,"DT BEGGIN MT 25OZ","Dog Treats","CVS Total Corp WO HI",0,7.51725195265756,NA,NA
"52","ITEM618BEGGINMT_Retailer","2022-07-23","Cross","DT BEGGIN MT 25OZ",2,"DT BEGGIN MT 25OZ","Dog Treats","CVS Total Corp WO HI",0.255564344844135,0.255564344844135,NA,NA
"53","ITEM618BEGGINMT_Retailer","2022-08-20","Cross","DT BEGGIN MT 25OZ",2,"DT BEGGIN MT 25OZ","Dog Treats","CVS Total Corp WO HI",0.556269811227732,0.556269811227732,NA,NA
"54","ITEM618BEGGINMT_Retailer","2022-10-29","Cross","DT BEGGIN MT 25OZ",2,"DT BEGGIN MT 25OZ","Dog Treats","CVS Total Corp WO HI",2.93701537220394,2.93701537220394,NA,NA
"55","ITEM618BEGGINMT_Retailer","2022-11-12","Cross","DT BEGGIN MT 25OZ",2,"DT BEGGIN MT 25OZ","Dog Treats","CVS Total Corp WO HI",2.81428762689533,2.81428762689533,NA,NA
"56","ITEM618BEGGINMT_Retailer","2022-11-26","Within","Pantry Loading",2,"DT BEGGIN MT 25OZ","Dog Treats","CVS Total Corp WO HI",1688.19337713279,1688.19337713279,NA,NA
"57","ITEM618BEGGINMT_Retailer","2022-12-03","Within","Pantry Loading",2,"DT BEGGIN MT 25OZ","Dog Treats","CVS Total Corp WO HI",1039.88063739977,1039.88063739977,NA,NA
"58","ITEM618BEGGINMT_Retailer","2022-12-10","Cross","DT BEGGIN MT 25OZ",2,"DT BEGGIN MT 25OZ","Dog Treats","CVS Total Corp WO HI",13.2955834528299,13.2955834528299,NA,NA
"59","ITEM618BEGGINMT_Retailer","2022-12-31","Cross","DT BEGGIN MT 25OZ",2,"DT BEGGIN MT 25OZ","Dog Treats","CVS Total Corp WO HI",1.66933067337617,1.66933067337617,NA,NA
"60","ITEM6BEGGINMT_Retailer","2021-01-09","Cross","DT BEGGIN MT 06OZ",2,"DT BEGGIN MT 06OZ","Dog Treats","CVS Total Corp WO HI",37.3556085644401,0,NA,NA
"61","ITEM6BEGGINMT_Retailer","2021-01-23","Cross","DT BEGGIN MT 06OZ",2,"DT BEGGIN MT 06OZ","Dog Treats","CVS Total Corp WO HI",0,21.6996388467669,NA,NA
"62","ITEM6BEGGINMT_Retailer","2021-01-30","Cross","DT BEGGIN MT 06OZ",2,"DT BEGGIN MT 06OZ","Dog Treats","CVS Total Corp WO HI",53.2043497643735,8.30925673007187,NA,NA
"63","ITEM6BEGGINMT_Retailer","2021-02-06","Cross","DT BEGGIN MT 06OZ",2,"DT BEGGIN MT 06OZ","Dog Treats","CVS Total Corp WO HI",68.4803125614711,68.4803125614711,NA,NA
"64","ITEM6BEGGINMT_Retailer","2021-02-20","Cross","DT BEGGIN MT 06OZ",2,"DT BEGGIN MT 06OZ","Dog Treats","CVS Total Corp WO HI",109.541029892997,109.541029892997,NA,NA
"65","ITEM6BEGGINMT_Retailer","2021-03-06","Cross","DT BEGGIN MT 06OZ",2,"DT BEGGIN MT 06OZ","Dog Treats","CVS Total Corp WO HI",793.871992569784,793.871992569784,NA,NA
"66","ITEM6BEGGINMT_Retailer","2021-03-06","Within","Pantry Loading",2,"DT BEGGIN MT 06OZ","Dog Treats","CVS Total Corp WO HI",898.328967293197,898.328967293197,NA,NA
"67","ITEM6BEGGINMT_Retailer","2021-05-01","Cross","DT BEGGIN MT 06OZ",2,"DT BEGGIN MT 06OZ","Dog Treats","CVS Total Corp WO HI",808.661294362237,575.012406028238,NA,NA
"68","ITEM6BEGGINMT_Retailer","2021-05-01","Within","Pantry Loading",2,"DT BEGGIN MT 06OZ","Dog Treats","CVS Total Corp WO HI",931.805576189443,662.576247992414,NA,NA
"69","ITEM6BEGGINMT_Retailer","2021-06-12","Cross","DT BEGGIN MT 06OZ",2,"DT BEGGIN MT 06OZ","Dog Treats","CVS Total Corp WO HI",752.469611625693,20.2643342391302,NA,NA
"70","ITEM6BEGGINMT_Retailer","2021-06-12","Within","Pantry Loading",2,"DT BEGGIN MT 06OZ","Dog Treats","CVS Total Corp WO HI",961.019866609862,25.8806834010911,NA,NA
"71","ITEM6BEGGINMT_Retailer","2021-06-19","Cross","DT BEGGIN MT 06OZ",2,"DT BEGGIN MT 06OZ","Dog Treats","CVS Total Corp WO HI",24.4362917595624,24.4362917595624,NA,NA
"72","ITEM6BEGGINMT_Retailer","2021-07-03","Cross","DT BEGGIN MT 06OZ",2,"DT BEGGIN MT 06OZ","Dog Treats","CVS Total Corp WO HI",793.259572400065,793.259572400065,NA,NA
"73","ITEM6BEGGINMT_Retailer","2021-07-03","Within","Pantry Loading",2,"DT BEGGIN MT 06OZ","Dog Treats","CVS Total Corp WO HI",979.069583524574,979.069583524574,NA,NA
"74","ITEM6BEGGINMT_Retailer","2021-07-10","Cross","DT BEGGIN MT 06OZ",2,"DT BEGGIN MT 06OZ","Dog Treats","CVS Total Corp WO HI",9.99600119092687,9.99600119092687,NA,NA
"75","ITEM6BEGGINMT_Retailer","2021-07-24","Cross","DT BEGGIN MT 06OZ",2,"DT BEGGIN MT 06OZ","Dog Treats","CVS Total Corp WO HI",5.00788718351732,5.00788718351732,NA,NA
"76","ITEM6BEGGINMT_Retailer","2021-08-28","Cross","DT BEGGIN MT 06OZ",2,"DT BEGGIN MT 06OZ","Dog Treats","CVS Total Corp WO HI",28.5457449354398,0,NA,NA
"77","ITEM6BEGGINMT_Retailer","2021-08-28","Within","Pantry Loading",2,"DT BEGGIN MT 06OZ","Dog Treats","CVS Total Corp WO HI",36.0543277184152,0,NA,NA
"78","ITEM6BEGGINMT_Retailer","2021-09-11","Cross","DT BEGGIN MT 06OZ",2,"DT BEGGIN MT 06OZ","Dog Treats","CVS Total Corp WO HI",26.2387360841322,0,NA,NA
"79","ITEM6BEGGINMT_Retailer","2021-09-25","Cross","DT BEGGIN MT 06OZ",2,"DT BEGGIN MT 06OZ","Dog Treats","CVS Total Corp WO HI",4.48316360781668,4.48316360781668,NA,NA
"80","ITEM6BEGGINMT_Retailer","2021-10-09","Cross","DT BEGGIN MT 06OZ",2,"DT BEGGIN MT 06OZ","Dog Treats","CVS Total Corp WO HI",9.99248528964506,9.99248528964506,NA,NA
"81","ITEM6BEGGINMT_Retailer","2021-10-16","Cross","DT BEGGIN MT 06OZ",2,"DT BEGGIN MT 06OZ","Dog Treats","CVS Total Corp WO HI",925.105120668072,925.105120668072,NA,NA
"82","ITEM6BEGGINMT_Retailer","2021-10-16","Within","Pantry Loading",2,"DT BEGGIN MT 06OZ","Dog Treats","CVS Total Corp WO HI",1148.83445500369,1148.83445500369,NA,NA
"83","ITEM6BEGGINMT_Retailer","2021-10-23","Cross","DT BEGGIN MT 06OZ",2,"DT BEGGIN MT 06OZ","Dog Treats","CVS Total Corp WO HI",0,56.2606094076066,NA,NA
"84","ITEM6BEGGINMT_Retailer","2021-10-30","Cross","DT BEGGIN MT 06OZ",2,"DT BEGGIN MT 06OZ","Dog Treats","CVS Total Corp WO HI",10.6436085387167,10.6436085387167,NA,NA
"85","ITEM6BEGGINMT_Retailer","2021-11-06","Cross","DT BEGGIN MT 06OZ",2,"DT BEGGIN MT 06OZ","Dog Treats","CVS Total Corp WO HI",27.0583676186205,27.0583676186205,NA,NA
"86","ITEM6BEGGINMT_Retailer","2021-12-04","Cross","DT BEGGIN MT 06OZ",2,"DT BEGGIN MT 06OZ","Dog Treats","CVS Total Corp WO HI",148.715626593742,126.635699422965,NA,NA
"87","ITEM6BEGGINMT_Retailer","2021-12-04","Within","Pantry Loading",2,"DT BEGGIN MT 06OZ","Dog Treats","CVS Total Corp WO HI",199.051847296101,169.498461467235,NA,NA
"88","ITEM6BEGGINMT_Retailer","2021-12-11","Cross","DT BEGGIN MT 06OZ",2,"DT BEGGIN MT 06OZ","Dog Treats","CVS Total Corp WO HI",0,47.3097829335007,NA,NA
"89","ITEM6BEGGINMT_Retailer","2022-02-05","Cross","DT BEGGIN MT 06OZ",2,"DT BEGGIN MT 06OZ","Dog Treats","CVS Total Corp WO HI",58.7222282239985,58.7222282239985,NA,NA
"90","ITEM6BEGGINMT_Retailer","2022-05-28","Cross","DT BEGGIN MT 06OZ",2,"DT BEGGIN MT 06OZ","Dog Treats","CVS Total Corp WO HI",4.68708798111877,4.68708798111877,NA,NA
"91","ITEM6BEGGINMT_Retailer","2022-06-04","Cross","DT BEGGIN MT 06OZ",2,"DT BEGGIN MT 06OZ","Dog Treats","CVS Total Corp WO HI",56.2062555663287,56.2062555663287,NA,NA
"92","ITEM6BEGGINMT_Retailer","2022-06-11","Cross","DT BEGGIN MT 06OZ",2,"DT BEGGIN MT 06OZ","Dog Treats","CVS Total Corp WO HI",24.8411649572858,24.8411649572858,NA,NA
"93","ITEM6BEGGINMT_Retailer","2022-07-23","Cross","DT BEGGIN MT 06OZ",2,"DT BEGGIN MT 06OZ","Dog Treats","CVS Total Corp WO HI",158.818201240088,54.7370548082472,NA,NA
"94","ITEM6BEGGINMT_Retailer","2022-07-30","Cross","DT BEGGIN MT 06OZ",2,"DT BEGGIN MT 06OZ","Dog Treats","CVS Total Corp WO HI",129.417732231778,123.502435845519,NA,NA
"95","ITEM6BEGGINMT_Retailer","2022-08-27","Cross","DT BEGGIN MT 06OZ",2,"DT BEGGIN MT 06OZ","Dog Treats","CVS Total Corp WO HI",49.8634762245859,36.2301151164829,NA,NA
"96","ITEM6BEGGINMT_Retailer","2022-09-24","Cross","DT BEGGIN MT 06OZ",2,"DT BEGGIN MT 06OZ","Dog Treats","CVS Total Corp WO HI",2.01581453169,2.01581453169,NA,NA
"97","ITEM6BEGGINMT_Retailer","2022-10-01","Cross","DT BEGGIN MT 06OZ",2,"DT BEGGIN MT 06OZ","Dog Treats","CVS Total Corp WO HI",5.41406295740039,5.41406295740039,NA,NA
"98","ITEM6BEGGINMT_Retailer","2022-10-29","Cross","DT BEGGIN MT 06OZ",2,"DT BEGGIN MT 06OZ","Dog Treats","CVS Total Corp WO HI",0,4.83429801541631,NA,NA
"99","ITEM6BEGGINMT_Retailer","2022-12-31","Cross","DT BEGGIN MT 06OZ",2,"DT BEGGIN MT 06OZ","Dog Treats","CVS Total Corp WO HI",60.9670997532418,0,NA,NA
"100","ITEM15KITKABOODLE_Retailer","2021-04-24","Within","Pantry Loading",1,"DC KIT KABOODLE 03.2LB","Dry Cat","CVS Total Corp WO HI",16.2042071744251,0,NA,NA
"101","ITEM15KITKABOODLE_Retailer","2022-10-29","Within","Pantry Loading",1,"DC KIT KABOODLE 03.2LB","Dry Cat","CVS Total Corp WO HI",7.17764807478205,0,NA,NA
"102","ITEM4890CATCHOWCMP_Retailer","2022-05-14","Within","Pantry Loading",1,"DC CAT/KITTEN CHOW 13-15LB","Dry Cat","CVS Total Corp WO HI",80.8196062542501,0,NA,NA
"103","ITEM4908FANCYFEAST_Retailer","2022-08-06","Within","Pantry Loading",1,"DC FANCY FEAST 03LB","Dry Cat","CVS Total Corp WO HI",15.2489250432275,0,NA,NA
"104","ITEM4980DCCATKITTENCHOW_Retailer","2021-02-13","Cross","DC CAT/KITTEN CHOW 13-15LB",2,"DC CAT/KITTEN CHOW 03.2LB","Dry Cat","CVS Total Corp WO HI",0,31.8047234124789,NA,NA
"105","ITEM4980DCCATKITTENCHOW_Retailer","2021-02-13","Cross","DC CAT/KITTEN CHOW 20LB",2,"DC CAT/KITTEN CHOW 03.2LB","Dry Cat","CVS Total Corp WO HI",0,70.1672678151189,NA,NA
"106","ITEM4980DCCATKITTENCHOW_Retailer","2021-02-13","Cross","DC KIT KABOODLE 22LB",2,"DC CAT/KITTEN CHOW 03.2LB","Dry Cat","CVS Total Corp WO HI",0,106.284460729508,NA,NA
"107","ITEM4980DCCATKITTENCHOW_Retailer","2021-02-13","Cross","DC PURINA ONE ML 07LB",2,"DC CAT/KITTEN CHOW 03.2LB","Dry Cat","CVS Total Corp WO HI",0,49.3548913970288,NA,NA
"108","ITEM4980DCCATKITTENCHOW_Retailer","2021-02-13","Cross","DC PURINA ONE ML 22LB",2,"DC CAT/KITTEN CHOW 03.2LB","Dry Cat","CVS Total Corp WO HI",0,102.625286451502,NA,NA
"109","ITEM4980DCCATKITTENCHOW_Retailer","2021-02-20","Cross","DC CAT/KITTEN CHOW 13-15LB",2,"DC CAT/KITTEN CHOW 03.2LB","Dry Cat","CVS Total Corp WO HI",0,28.794928737967,NA,NA
"110","ITEM4980DCCATKITTENCHOW_Retailer","2021-02-20","Cross","DC CAT/KITTEN CHOW 20LB",2,"DC CAT/KITTEN CHOW 03.2LB","Dry Cat","CVS Total Corp WO HI",0,63.6334280300651,NA,NA
"111","ITEM4980DCCATKITTENCHOW_Retailer","2021-02-20","Cross","DC KIT KABOODLE 22LB",2,"DC CAT/KITTEN CHOW 03.2LB","Dry Cat","CVS Total Corp WO HI",0,92.9286853793922,NA,NA
"112","ITEM4980DCCATKITTENCHOW_Retailer","2021-02-20","Cross","DC PURINA ONE ML 07LB",2,"DC CAT/KITTEN CHOW 03.2LB","Dry Cat","CVS Total Corp WO HI",0,45.0251998548491,NA,NA
"113","ITEM4980DCCATKITTENCHOW_Retailer","2021-02-20","Cross","DC PURINA ONE ML 22LB",2,"DC CAT/KITTEN CHOW 03.2LB","Dry Cat","CVS Total Corp WO HI",0,96.9732470980271,NA,NA
"114","ITEM4980DCCATKITTENCHOW_Retailer","2021-02-27","Cross","DC CAT/KITTEN CHOW 13-15LB",2,"DC CAT/KITTEN CHOW 03.2LB","Dry Cat","CVS Total Corp WO HI",0,23.8984382905911,NA,NA
"115","ITEM4980DCCATKITTENCHOW_Retailer","2021-02-27","Cross","DC CAT/KITTEN CHOW 20LB",2,"DC CAT/KITTEN CHOW 03.2LB","Dry Cat","CVS Total Corp WO HI",0,52.5106491266995,NA,NA
"116","ITEM4980DCCATKITTENCHOW_Retailer","2021-02-27","Cross","DC KIT KABOODLE 22LB",2,"DC CAT/KITTEN CHOW 03.2LB","Dry Cat","CVS Total Corp WO HI",0,80.4745453332433,NA,NA
"117","ITEM4980DCCATKITTENCHOW_Retailer","2021-02-27","Cross","DC PURINA ONE ML 07LB",2,"DC CAT/KITTEN CHOW 03.2LB","Dry Cat","CVS Total Corp WO HI",0,36.8576568690772,NA,NA
"118","ITEM4980DCCATKITTENCHOW_Retailer","2021-02-27","Cross","DC PURINA ONE ML 22LB",2,"DC CAT/KITTEN CHOW 03.2LB","Dry Cat","CVS Total Corp WO HI",0,78.6250560525168,NA,NA
"119","ITEM4980DCCATKITTENCHOW_Retailer","2021-03-06","Cross","DC CAT/KITTEN CHOW 13-15LB",2,"DC CAT/KITTEN CHOW 03.2LB","Dry Cat","CVS Total Corp WO HI",0,12.3901313917781,NA,NA
"120","ITEM4980DCCATKITTENCHOW_Retailer","2021-03-06","Cross","DC CAT/KITTEN CHOW 20LB",2,"DC CAT/KITTEN CHOW 03.2LB","Dry Cat","CVS Total Corp WO HI",0,27.2382092141352,NA,NA
"121","ITEM4980DCCATKITTENCHOW_Retailer","2021-03-06","Cross","DC KIT KABOODLE 22LB",2,"DC CAT/KITTEN CHOW 03.2LB","Dry Cat","CVS Total Corp WO HI",0,41.1066212413728,NA,NA
"122","ITEM4980DCCATKITTENCHOW_Retailer","2021-03-06","Cross","DC PURINA ONE ML 07LB",2,"DC CAT/KITTEN CHOW 03.2LB","Dry Cat","CVS Total Corp WO HI",0,19.2588213828,NA,NA
"123","ITEM4980DCCATKITTENCHOW_Retailer","2021-03-06","Cross","DC PURINA ONE ML 22LB",2,"DC CAT/KITTEN CHOW 03.2LB","Dry Cat","CVS Total Corp WO HI",0,40.0940400100369,NA,NA
"124","ITEM4980DCCATKITTENCHOW_Retailer","2021-04-03","Cross","DC CAT/KITTEN CHOW 13-15LB",2,"DC CAT/KITTEN CHOW 03.2LB","Dry Cat","CVS Total Corp WO HI",0,15.4190032478148,NA,NA
"125","ITEM4980DCCATKITTENCHOW_Retailer","2021-04-03","Cross","DC CAT/KITTEN CHOW 20LB",2,"DC CAT/KITTEN CHOW 03.2LB","Dry Cat","CVS Total Corp WO HI",0,34.682630050855,NA,NA
"126","ITEM4980DCCATKITTENCHOW_Retailer","2021-04-03","Cross","DC KIT KABOODLE 22LB",2,"DC CAT/KITTEN CHOW 03.2LB","Dry Cat","CVS Total Corp WO HI",0,51.0016535219333,NA,NA
"127","ITEM4980DCCATKITTENCHOW_Retailer","2021-04-03","Cross","DC PURINA ONE ML 07LB",2,"DC CAT/KITTEN CHOW 03.2LB","Dry Cat","CVS Total Corp WO HI",0,24.2170186530063,NA,NA
"128","ITEM4980DCCATKITTENCHOW_Retailer","2021-04-03","Cross","DC PURINA ONE ML 22LB",2,"DC CAT/KITTEN CHOW 03.2LB","Dry Cat","CVS Total Corp WO HI",0,50.5394319467226,NA,NA
"129","ITEM4980DCCATKITTENCHOW_Retailer","2021-04-10","Cross","DC CAT/KITTEN CHOW 13-15LB",2,"DC CAT/KITTEN CHOW 03.2LB","Dry Cat","CVS Total Corp WO HI",0,32.8667301270007,NA,NA
"130","ITEM4980DCCATKITTENCHOW_Retailer","2021-04-10","Cross","DC CAT/KITTEN CHOW 20LB",2,"DC CAT/KITTEN CHOW 03.2LB","Dry Cat","CVS Total Corp WO HI",0,71.8086298143267,NA,NA
"131","ITEM4980DCCATKITTENCHOW_Retailer","2021-04-10","Cross","DC KIT KABOODLE 22LB",2,"DC CAT/KITTEN CHOW 03.2LB","Dry Cat","CVS Total Corp WO HI",0,109.521003390444,NA,NA
"132","ITEM4980DCCATKITTENCHOW_Retailer","2021-04-10","Cross","DC PURINA ONE ML 07LB",2,"DC CAT/KITTEN CHOW 03.2LB","Dry Cat","CVS Total Corp WO HI",0,52.8061237001891,NA,NA
"133","ITEM4980DCCATKITTENCHOW_Retailer","2021-04-10","Cross","DC PURINA ONE ML 22LB",2,"DC CAT/KITTEN CHOW 03.2LB","Dry Cat","CVS Total Corp WO HI",0,110.666644616781,NA,NA
"134","ITEM4980DCCATKITTENCHOW_Retailer","2021-04-17","Cross","DC CAT/KITTEN CHOW 13-15LB",2,"DC CAT/KITTEN CHOW 03.2LB","Dry Cat","CVS Total Corp WO HI",0,13.095453087417,NA,NA
"135","ITEM4980DCCATKITTENCHOW_Retailer","2021-04-17","Cross","DC CAT/KITTEN CHOW 20LB",2,"DC CAT/KITTEN CHOW 03.2LB","Dry Cat","CVS Total Corp WO HI",0,28.5255666381804,NA,NA
"136","ITEM4980DCCATKITTENCHOW_Retailer","2021-04-17","Cross","DC KIT KABOODLE 22LB",2,"DC CAT/KITTEN CHOW 03.2LB","Dry Cat","CVS Total Corp WO HI",0,43.1809574470847,NA,NA
"137","ITEM4980DCCATKITTENCHOW_Retailer","2021-04-17","Cross","DC PURINA ONE ML 07LB",2,"DC CAT/KITTEN CHOW 03.2LB","Dry Cat","CVS Total Corp WO HI",0,20.6793769775883,NA,NA
"138","ITEM4980DCCATKITTENCHOW_Retailer","2021-04-17","Cross","DC PURINA ONE ML 22LB",2,"DC CAT/KITTEN CHOW 03.2LB","Dry Cat","CVS Total Corp WO HI",0,43.1372141143252,NA,NA
"139","ITEM4980DCCATKITTENCHOW_Retailer","2021-04-24","Cross","DC CAT/KITTEN CHOW 13-15LB",2,"DC CAT/KITTEN CHOW 03.2LB","Dry Cat","CVS Total Corp WO HI",0,41.1745366147577,NA,NA
"140","ITEM4980DCCATKITTENCHOW_Retailer","2021-04-24","Cross","DC CAT/KITTEN CHOW 20LB",2,"DC CAT/KITTEN CHOW 03.2LB","Dry Cat","CVS Total Corp WO HI",0,90.396164648472,NA,NA
"141","ITEM4980DCCATKITTENCHOW_Retailer","2021-04-24","Cross","DC KIT KABOODLE 22LB",2,"DC CAT/KITTEN CHOW 03.2LB","Dry Cat","CVS Total Corp WO HI",0,136.563637584462,NA,NA
"142","ITEM4980DCCATKITTENCHOW_Retailer","2021-04-24","Cross","DC PURINA ONE ML 07LB",2,"DC CAT/KITTEN CHOW 03.2LB","Dry Cat","CVS Total Corp WO HI",0,64.7564619286291,NA,NA
"143","ITEM4980DCCATKITTENCHOW_Retailer","2021-04-24","Cross","DC PURINA ONE ML 22LB",2,"DC CAT/KITTEN CHOW 03.2LB","Dry Cat","CVS Total Corp WO HI",0,135.973181418632,NA,NA
"144","ITEM4980DCCATKITTENCHOW_Retailer","2021-06-05","Cross","DC CAT/KITTEN CHOW 13-15LB",2,"DC CAT/KITTEN CHOW 03.2LB","Dry Cat","CVS Total Corp WO HI",0,9.06156453374513,NA,NA
"145","ITEM4980DCCATKITTENCHOW_Retailer","2021-06-05","Cross","DC CAT/KITTEN CHOW 20LB",2,"DC CAT/KITTEN CHOW 03.2LB","Dry Cat","CVS Total Corp WO HI",0,20.4823414959973,NA,NA
"146","ITEM4980DCCATKITTENCHOW_Retailer","2021-06-05","Cross","DC KIT KABOODLE 22LB",2,"DC CAT/KITTEN CHOW 03.2LB","Dry Cat","CVS Total Corp WO HI",0,29.4984945766665,NA,NA
"147","ITEM4980DCCATKITTENCHOW_Retailer","2021-06-05","Cross","DC PURINA ONE ML 07LB",2,"DC CAT/KITTEN CHOW 03.2LB","Dry Cat","CVS Total Corp WO HI",0,14.3656392080118,NA,NA
"148","ITEM4980DCCATKITTENCHOW_Retailer","2021-06-05","Cross","DC PURINA ONE ML 22LB",2,"DC CAT/KITTEN CHOW 03.2LB","Dry Cat","CVS Total Corp WO HI",0,28.2995295942632,NA,NA
"149","ITEM4980DCCATKITTENCHOW_Retailer","2021-06-12","Cross","DC CAT/KITTEN CHOW 13-15LB",2,"DC CAT/KITTEN CHOW 03.2LB","Dry Cat","CVS Total Corp WO HI",0,20.6590666243564,NA,NA
"150","ITEM4980DCCATKITTENCHOW_Retailer","2021-06-12","Cross","DC CAT/KITTEN CHOW 20LB",2,"DC CAT/KITTEN CHOW 03.2LB","Dry Cat","CVS Total Corp WO HI",0,46.1122377782024,NA,NA
"151","ITEM4980DCCATKITTENCHOW_Retailer","2021-06-12","Cross","DC KIT KABOODLE 22LB",2,"DC CAT/KITTEN CHOW 03.2LB","Dry Cat","CVS Total Corp WO HI",0,68.3153769179677,NA,NA
"152","ITEM4980DCCATKITTENCHOW_Retailer","2021-06-12","Cross","DC PURINA ONE ML 07LB",2,"DC CAT/KITTEN CHOW 03.2LB","Dry Cat","CVS Total Corp WO HI",0,33.1504077605411,NA,NA
"153","ITEM4980DCCATKITTENCHOW_Retailer","2021-06-12","Cross","DC PURINA ONE ML 22LB",2,"DC CAT/KITTEN CHOW 03.2LB","Dry Cat","CVS Total Corp WO HI",0,66.6481346541944,NA,NA
"154","ITEM4980DCCATKITTENCHOW_Retailer","2021-07-03","Cross","DC CAT/KITTEN CHOW 13-15LB",2,"DC CAT/KITTEN CHOW 03.2LB","Dry Cat","CVS Total Corp WO HI",0,22.9553213200711,NA,NA
"155","ITEM4980DCCATKITTENCHOW_Retailer","2021-07-03","Cross","DC CAT/KITTEN CHOW 20LB",2,"DC CAT/KITTEN CHOW 03.2LB","Dry Cat","CVS Total Corp WO HI",0,48.2551121650722,NA,NA
"156","ITEM4980DCCATKITTENCHOW_Retailer","2021-07-03","Cross","DC KIT KABOODLE 22LB",2,"DC CAT/KITTEN CHOW 03.2LB","Dry Cat","CVS Total Corp WO HI",0,73.8636736472572,NA,NA
"157","ITEM4980DCCATKITTENCHOW_Retailer","2021-07-03","Cross","DC PURINA ONE ML 07LB",2,"DC CAT/KITTEN CHOW 03.2LB","Dry Cat","CVS Total Corp WO HI",0,35.3123281464043,NA,NA
"158","ITEM4980DCCATKITTENCHOW_Retailer","2021-07-03","Cross","DC PURINA ONE ML 22LB",2,"DC CAT/KITTEN CHOW 03.2LB","Dry Cat","CVS Total Corp WO HI",0,69.7205810936211,NA,NA
"159","ITEM4980DCCATKITTENCHOW_Retailer","2021-07-24","Cross","DC CAT/KITTEN CHOW 13-15LB",2,"DC CAT/KITTEN CHOW 03.2LB","Dry Cat","CVS Total Corp WO HI",0,14.7214968810557,NA,NA
"160","ITEM4980DCCATKITTENCHOW_Retailer","2021-07-24","Cross","DC CAT/KITTEN CHOW 20LB",2,"DC CAT/KITTEN CHOW 03.2LB","Dry Cat","CVS Total Corp WO HI",0,30.3975267388258,NA,NA
"161","ITEM4980DCCATKITTENCHOW_Retailer","2021-07-24","Cross","DC KIT KABOODLE 22LB",2,"DC CAT/KITTEN CHOW 03.2LB","Dry Cat","CVS Total Corp WO HI",0,47.2955673666726,NA,NA
"162","ITEM4980DCCATKITTENCHOW_Retailer","2021-07-24","Cross","DC PURINA ONE ML 07LB",2,"DC CAT/KITTEN CHOW 03.2LB","Dry Cat","CVS Total Corp WO HI",0,22.6363043968007,NA,NA
"163","ITEM4980DCCATKITTENCHOW_Retailer","2021-07-24","Cross","DC PURINA ONE ML 22LB",2,"DC CAT/KITTEN CHOW 03.2LB","Dry Cat","CVS Total Corp WO HI",0,44.3144737923443,NA,NA
"164","ITEM4980DCCATKITTENCHOW_Retailer","2021-07-31","Cross","DC CAT/KITTEN CHOW 13-15LB",2,"DC CAT/KITTEN CHOW 03.2LB","Dry Cat","CVS Total Corp WO HI",0,35.3465377133483,NA,NA
"165","ITEM4980DCCATKITTENCHOW_Retailer","2021-07-31","Cross","DC CAT/KITTEN CHOW 20LB",2,"DC CAT/KITTEN CHOW 03.2LB","Dry Cat","CVS Total Corp WO HI",0,74.1954638841731,NA,NA
"166","ITEM4980DCCATKITTENCHOW_Retailer","2021-07-31","Cross","DC KIT KABOODLE 22LB",2,"DC CAT/KITTEN CHOW 03.2LB","Dry Cat","CVS Total Corp WO HI",0,113.314402503606,NA,NA
"167","ITEM4980DCCATKITTENCHOW_Retailer","2021-07-31","Cross","DC PURINA ONE ML 07LB",2,"DC CAT/KITTEN CHOW 03.2LB","Dry Cat","CVS Total Corp WO HI",0,54.4069948378492,NA,NA
"168","ITEM4980DCCATKITTENCHOW_Retailer","2021-07-31","Cross","DC PURINA ONE ML 22LB",2,"DC CAT/KITTEN CHOW 03.2LB","Dry Cat","CVS Total Corp WO HI",0,107.987851900474,NA,NA
"169","ITEM4980DCCATKITTENCHOW_Retailer","2021-08-14","Cross","DC CAT/KITTEN CHOW 13-15LB",2,"DC CAT/KITTEN CHOW 03.2LB","Dry Cat","CVS Total Corp WO HI",0,12.3081723972049,NA,NA
"170","ITEM4980DCCATKITTENCHOW_Retailer","2021-08-14","Cross","DC CAT/KITTEN CHOW 20LB",2,"DC CAT/KITTEN CHOW 03.2LB","Dry Cat","CVS Total Corp WO HI",0,25.9283432385023,NA,NA
"171","ITEM4980DCCATKITTENCHOW_Retailer","2021-08-14","Cross","DC KIT KABOODLE 22LB",2,"DC CAT/KITTEN CHOW 03.2LB","Dry Cat","CVS Total Corp WO HI",0,39.1980409486987,NA,NA
"172","ITEM4980DCCATKITTENCHOW_Retailer","2021-08-14","Cross","DC PURINA ONE ML 07LB",2,"DC CAT/KITTEN CHOW 03.2LB","Dry Cat","CVS Total Corp WO HI",0,18.9551733605372,NA,NA
"173","ITEM4980DCCATKITTENCHOW_Retailer","2021-08-14","Cross","DC PURINA ONE ML 22LB",2,"DC CAT/KITTEN CHOW 03.2LB","Dry Cat","CVS Total Corp WO HI",0,38.8872501122849,NA,NA
"174","ITEM4980DCCATKITTENCHOW_Retailer","2021-08-21","Cross","DC CAT/KITTEN CHOW 13-15LB",2,"DC CAT/KITTEN CHOW 03.2LB","Dry Cat","CVS Total Corp WO HI",0,9.35285922817842,NA,NA
"175","ITEM4980DCCATKITTENCHOW_Retailer","2021-08-21","Cross","DC CAT/KITTEN CHOW 20LB",2,"DC CAT/KITTEN CHOW 03.2LB","Dry Cat","CVS Total Corp WO HI",0,19.54941565413,NA,NA
"176","ITEM4980DCCATKITTENCHOW_Retailer","2021-08-21","Cross","DC KIT KABOODLE 22LB",2,"DC CAT/KITTEN CHOW 03.2LB","Dry Cat","CVS Total Corp WO HI",0,29.5756738047569,NA,NA
"177","ITEM4980DCCATKITTENCHOW_Retailer","2021-08-21","Cross","DC PURINA ONE ML 07LB",2,"DC CAT/KITTEN CHOW 03.2LB","Dry Cat","CVS Total Corp WO HI",0,14.4076055061098,NA,NA
"178","ITEM4980DCCATKITTENCHOW_Retailer","2021-08-21","Cross","DC PURINA ONE ML 22LB",2,"DC CAT/KITTEN CHOW 03.2LB","Dry Cat","CVS Total Corp WO HI",0,29.7487822597639,NA,NA
"179","ITEM4980DCCATKITTENCHOW_Retailer","2021-08-28","Cross","DC CAT/KITTEN CHOW 13-15LB",2,"DC CAT/KITTEN CHOW 03.2LB","Dry Cat","CVS Total Corp WO HI",0,30.068294682024,NA,NA
"180","ITEM4980DCCATKITTENCHOW_Retailer","2021-08-28","Cross","DC CAT/KITTEN CHOW 20LB",2,"DC CAT/KITTEN CHOW 03.2LB","Dry Cat","CVS Total Corp WO HI",0,63.0505391110037,NA,NA
"181","ITEM4980DCCATKITTENCHOW_Retailer","2021-08-28","Cross","DC KIT KABOODLE 22LB",2,"DC CAT/KITTEN CHOW 03.2LB","Dry Cat","CVS Total Corp WO HI",0,95.3069987614528,NA,NA
"182","ITEM4980DCCATKITTENCHOW_Retailer","2021-08-28","Cross","DC PURINA ONE ML 07LB",2,"DC CAT/KITTEN CHOW 03.2LB","Dry Cat","CVS Total Corp WO HI",0,46.446390765557,NA,NA
"183","ITEM4980DCCATKITTENCHOW_Retailer","2021-08-28","Cross","DC PURINA ONE ML 22LB",2,"DC CAT/KITTEN CHOW 03.2LB","Dry Cat","CVS Total Corp WO HI",0,96.9022756579095,NA,NA
"184","ITEM4980DCCATKITTENCHOW_Retailer","2021-09-04","Cross","DC CAT/KITTEN CHOW 13-15LB",2,"DC CAT/KITTEN CHOW 03.2LB","Dry Cat","CVS Total Corp WO HI",0,9.69304611992053,NA,NA
"185","ITEM4980DCCATKITTENCHOW_Retailer","2021-09-04","Cross","DC CAT/KITTEN CHOW 20LB",2,"DC CAT/KITTEN CHOW 03.2LB","Dry Cat","CVS Total Corp WO HI",0,20.5684750507062,NA,NA
"186","ITEM4980DCCATKITTENCHOW_Retailer","2021-09-04","Cross","DC KIT KABOODLE 22LB",2,"DC CAT/KITTEN CHOW 03.2LB","Dry Cat","CVS Total Corp WO HI",0,30.0963895154922,NA,NA
"187","ITEM4980DCCATKITTENCHOW_Retailer","2021-09-04","Cross","DC PURINA ONE ML 07LB",2,"DC CAT/KITTEN CHOW 03.2LB","Dry Cat","CVS Total Corp WO HI",0,14.5731658470264,NA,NA
"188","ITEM4980DCCATKITTENCHOW_Retailer","2021-09-04","Cross","DC PURINA ONE ML 22LB",2,"DC CAT/KITTEN CHOW 03.2LB","Dry Cat","CVS Total Corp WO HI",0,29.7448928935349,NA,NA
"189","ITEM4980DCCATKITTENCHOW_Retailer","2021-10-09","Cross","DC CAT/KITTEN CHOW 13-15LB",2,"DC CAT/KITTEN CHOW 03.2LB","Dry Cat","CVS Total Corp WO HI",0,2.16950735637305,NA,NA
"190","ITEM4980DCCATKITTENCHOW_Retailer","2021-10-09","Cross","DC CAT/KITTEN CHOW 20LB",2,"DC CAT/KITTEN CHOW 03.2LB","Dry Cat","CVS Total Corp WO HI",0,4.43187652318334,NA,NA
"191","ITEM4980DCCATKITTENCHOW_Retailer","2021-10-09","Cross","DC KIT KABOODLE 22LB",2,"DC CAT/KITTEN CHOW 03.2LB","Dry Cat","CVS Total Corp WO HI",0,6.88538053626392,NA,NA
"192","ITEM4980DCCATKITTENCHOW_Retailer","2021-10-09","Cross","DC PURINA ONE ML 07LB",2,"DC CAT/KITTEN CHOW 03.2LB","Dry Cat","CVS Total Corp WO HI",0,3.36831821008177,NA,NA
"193","ITEM4980DCCATKITTENCHOW_Retailer","2021-10-09","Cross","DC PURINA ONE ML 22LB",2,"DC CAT/KITTEN CHOW 03.2LB","Dry Cat","CVS Total Corp WO HI",0,6.77724889233241,NA,NA
"194","ITEM4980DCCATKITTENCHOW_Retailer","2021-10-16","Cross","DC CAT/KITTEN CHOW 13-15LB",2,"DC CAT/KITTEN CHOW 03.2LB","Dry Cat","CVS Total Corp WO HI",0,21.5424283218622,NA,NA
"195","ITEM4980DCCATKITTENCHOW_Retailer","2021-10-16","Cross","DC CAT/KITTEN CHOW 20LB",2,"DC CAT/KITTEN CHOW 03.2LB","Dry Cat","CVS Total Corp WO HI",0,45.1064876662911,NA,NA
"196","ITEM4980DCCATKITTENCHOW_Retailer","2021-10-16","Cross","DC KIT KABOODLE 22LB",2,"DC CAT/KITTEN CHOW 03.2LB","Dry Cat","CVS Total Corp WO HI",0,69.2745905922913,NA,NA
"197","ITEM4980DCCATKITTENCHOW_Retailer","2021-10-16","Cross","DC PURINA ONE ML 07LB",2,"DC CAT/KITTEN CHOW 03.2LB","Dry Cat","CVS Total Corp WO HI",0,33.393397286324,NA,NA
"198","ITEM4980DCCATKITTENCHOW_Retailer","2021-10-16","Cross","DC PURINA ONE ML 22LB",2,"DC CAT/KITTEN CHOW 03.2LB","Dry Cat","CVS Total Corp WO HI",0,69.1139746905664,NA,NA
"199","ITEM4980DCCATKITTENCHOW_Retailer","2021-10-23","Cross","DC CAT/KITTEN CHOW 13-15LB",2,"DC CAT/KITTEN CHOW 03.2LB","Dry Cat","CVS Total Corp WO HI",0,24.1302855830386,NA,NA
"200","ITEM4980DCCATKITTENCHOW_Retailer","2021-10-23","Cross","DC CAT/KITTEN CHOW 20LB",2,"DC CAT/KITTEN CHOW 03.2LB","Dry Cat","CVS Total Corp WO HI",0,49.5609725456501,NA,NA
"201","ITEM4980DCCATKITTENCHOW_Retailer","2021-10-23","Cross","DC KIT KABOODLE 22LB",2,"DC CAT/KITTEN CHOW 03.2LB","Dry Cat","CVS Total Corp WO HI",0,77.4173928893025,NA,NA
"202","ITEM4980DCCATKITTENCHOW_Retailer","2021-10-23","Cross","DC PURINA ONE ML 07LB",2,"DC CAT/KITTEN CHOW 03.2LB","Dry Cat","CVS Total Corp WO HI",0,36.3980126142646,NA,NA
"203","ITEM4980DCCATKITTENCHOW_Retailer","2021-10-23","Cross","DC PURINA ONE ML 22LB",2,"DC CAT/KITTEN CHOW 03.2LB","Dry Cat","CVS Total Corp WO HI",0,73.7591737219721,NA,NA
"204","ITEM4980DCCATKITTENCHOW_Retailer","2021-11-06","Cross","DC CAT/KITTEN CHOW 13-15LB",2,"DC CAT/KITTEN CHOW 03.2LB","Dry Cat","CVS Total Corp WO HI",0,10.5610284953372,NA,NA
"205","ITEM4980DCCATKITTENCHOW_Retailer","2021-11-06","Cross","DC CAT/KITTEN CHOW 20LB",2,"DC CAT/KITTEN CHOW 03.2LB","Dry Cat","CVS Total Corp WO HI",0,21.7881596381677,NA,NA
"206","ITEM4980DCCATKITTENCHOW_Retailer","2021-11-06","Cross","DC KIT KABOODLE 22LB",2,"DC CAT/KITTEN CHOW 03.2LB","Dry Cat","CVS Total Corp WO HI",0,33.3781447414823,NA,NA
"207","ITEM4980DCCATKITTENCHOW_Retailer","2021-11-06","Cross","DC PURINA ONE ML 07LB",2,"DC CAT/KITTEN CHOW 03.2LB","Dry Cat","CVS Total Corp WO HI",0,14.9505626222106,NA,NA
"208","ITEM4980DCCATKITTENCHOW_Retailer","2021-11-06","Cross","DC PURINA ONE ML 22LB",2,"DC CAT/KITTEN CHOW 03.2LB","Dry Cat","CVS Total Corp WO HI",0,31.0865155087286,NA,NA
"209","ITEM4980DCCATKITTENCHOW_Retailer","2021-12-04","Cross","DC CAT/KITTEN CHOW 13-15LB",2,"DC CAT/KITTEN CHOW 03.2LB","Dry Cat","CVS Total Corp WO HI",0,23.2377024394914,NA,NA
"210","ITEM4980DCCATKITTENCHOW_Retailer","2021-12-04","Cross","DC CAT/KITTEN CHOW 20LB",2,"DC CAT/KITTEN CHOW 03.2LB","Dry Cat","CVS Total Corp WO HI",0,47.2904906480157,NA,NA
"211","ITEM4980DCCATKITTENCHOW_Retailer","2021-12-04","Cross","DC KIT KABOODLE 22LB",2,"DC CAT/KITTEN CHOW 03.2LB","Dry Cat","CVS Total Corp WO HI",0,72.7470981875215,NA,NA
"212","ITEM4980DCCATKITTENCHOW_Retailer","2021-12-04","Cross","DC PURINA ONE ML 07LB",2,"DC CAT/KITTEN CHOW 03.2LB","Dry Cat","CVS Total Corp WO HI",0,33.8208092624432,NA,NA
"213","ITEM4980DCCATKITTENCHOW_Retailer","2021-12-04","Cross","DC PURINA ONE ML 22LB",2,"DC CAT/KITTEN CHOW 03.2LB","Dry Cat","CVS Total Corp WO HI",0,69.3870564433412,NA,NA
"214","ITEM4980DCCATKITTENCHOW_Retailer","2021-12-25","Cross","DC CAT/KITTEN CHOW 13-15LB",2,"DC CAT/KITTEN CHOW 03.2LB","Dry Cat","CVS Total Corp WO HI",0,22.3434566672,NA,NA
"215","ITEM4980DCCATKITTENCHOW_Retailer","2021-12-25","Cross","DC CAT/KITTEN CHOW 20LB",2,"DC CAT/KITTEN CHOW 03.2LB","Dry Cat","CVS Total Corp WO HI",0,46.0752672198728,NA,NA
"216","ITEM4980DCCATKITTENCHOW_Retailer","2021-12-25","Cross","DC KIT KABOODLE 22LB",2,"DC CAT/KITTEN CHOW 03.2LB","Dry Cat","CVS Total Corp WO HI",0,69.5377172061789,NA,NA
"217","ITEM4980DCCATKITTENCHOW_Retailer","2021-12-25","Cross","DC PURINA ONE ML 07LB",2,"DC CAT/KITTEN CHOW 03.2LB","Dry Cat","CVS Total Corp WO HI",0,30.1319295829367,NA,NA
"218","ITEM4980DCCATKITTENCHOW_Retailer","2021-12-25","Cross","DC PURINA ONE ML 22LB",2,"DC CAT/KITTEN CHOW 03.2LB","Dry Cat","CVS Total Corp WO HI",0,65.2278643899994,NA,NA
"219","ITEM4980DCCATKITTENCHOW_Retailer","2022-01-15","Cross","DC CAT/KITTEN CHOW 13-15LB",2,"DC CAT/KITTEN CHOW 03.2LB","Dry Cat","CVS Total Corp WO HI",0,0.0305167316091358,NA,NA
"220","ITEM4980DCCATKITTENCHOW_Retailer","2022-01-15","Cross","DC CAT/KITTEN CHOW 20LB",2,"DC CAT/KITTEN CHOW 03.2LB","Dry Cat","CVS Total Corp WO HI",0,0.0689520830318463,NA,NA
"221","ITEM4980DCCATKITTENCHOW_Retailer","2022-01-15","Cross","DC KIT KABOODLE 22LB",2,"DC CAT/KITTEN CHOW 03.2LB","Dry Cat","CVS Total Corp WO HI",0,0.0929336375356643,NA,NA
"222","ITEM4980DCCATKITTENCHOW_Retailer","2022-01-15","Cross","DC PURINA ONE ML 07LB",2,"DC CAT/KITTEN CHOW 03.2LB","Dry Cat","CVS Total Corp WO HI",0,0.0362800412980799,NA,NA
"223","ITEM4980DCCATKITTENCHOW_Retailer","2022-01-15","Cross","DC PURINA ONE ML 22LB",2,"DC CAT/KITTEN CHOW 03.2LB","Dry Cat","CVS Total Corp WO HI",0,0.0866279310520936,NA,NA
"224","ITEM4980DCCATKITTENCHOW_Retailer","2022-01-22","Cross","DC CAT/KITTEN CHOW 13-15LB",2,"DC CAT/KITTEN CHOW 03.2LB","Dry Cat","CVS Total Corp WO HI",0,35.5546379860859,NA,NA
"225","ITEM4980DCCATKITTENCHOW_Retailer","2022-01-22","Cross","DC CAT/KITTEN CHOW 20LB",2,"DC CAT/KITTEN CHOW 03.2LB","Dry Cat","CVS Total Corp WO HI",0,78.2087137497045,NA,NA
"226","ITEM4980DCCATKITTENCHOW_Retailer","2022-01-22","Cross","DC KIT KABOODLE 22LB",2,"DC CAT/KITTEN CHOW 03.2LB","Dry Cat","CVS Total Corp WO HI",0,109.346944908187,NA,NA
"227","ITEM4980DCCATKITTENCHOW_Retailer","2022-01-22","Cross","DC PURINA ONE ML 07LB",2,"DC CAT/KITTEN CHOW 03.2LB","Dry Cat","CVS Total Corp WO HI",0,43.7591964293545,NA,NA
"228","ITEM4980DCCATKITTENCHOW_Retailer","2022-01-22","Cross","DC PURINA ONE ML 22LB",2,"DC CAT/KITTEN CHOW 03.2LB","Dry Cat","CVS Total Corp WO HI",0,105.981938018128,NA,NA
"229","ITEM4980DCCATKITTENCHOW_Retailer","2022-01-29","Cross","DC CAT/KITTEN CHOW 13-15LB",2,"DC CAT/KITTEN CHOW 03.2LB","Dry Cat","CVS Total Corp WO HI",0,53.240009639431,NA,NA
"230","ITEM4980DCCATKITTENCHOW_Retailer","2022-01-29","Cross","DC CAT/KITTEN CHOW 20LB",2,"DC CAT/KITTEN CHOW 03.2LB","Dry Cat","CVS Total Corp WO HI",0,116.996162857325,NA,NA
"231","ITEM4980DCCATKITTENCHOW_Retailer","2022-01-29","Cross","DC KIT KABOODLE 22LB",2,"DC CAT/KITTEN CHOW 03.2LB","Dry Cat","CVS Total Corp WO HI",0,166.460862495937,NA,NA
"232","ITEM4980DCCATKITTENCHOW_Retailer","2022-01-29","Cross","DC PURINA ONE ML 07LB",2,"DC CAT/KITTEN CHOW 03.2LB","Dry Cat","CVS Total Corp WO HI",0,70.704373165907,NA,NA
"233","ITEM4980DCCATKITTENCHOW_Retailer","2022-01-29","Cross","DC PURINA ONE ML 22LB",2,"DC CAT/KITTEN CHOW 03.2LB","Dry Cat","CVS Total Corp WO HI",0,156.921833333843,NA,NA
"234","ITEM4980DCCATKITTENCHOW_Retailer","2022-02-05","Cross","DC CAT/KITTEN CHOW 13-15LB",2,"DC CAT/KITTEN CHOW 03.2LB","Dry Cat","CVS Total Corp WO HI",0,20.15000060051,NA,NA
"235","ITEM4980DCCATKITTENCHOW_Retailer","2022-02-05","Cross","DC CAT/KITTEN CHOW 20LB",2,"DC CAT/KITTEN CHOW 03.2LB","Dry Cat","CVS Total Corp WO HI",0,44.4808549178123,NA,NA
"236","ITEM4980DCCATKITTENCHOW_Retailer","2022-02-05","Cross","DC KIT KABOODLE 22LB",2,"DC CAT/KITTEN CHOW 03.2LB","Dry Cat","CVS Total Corp WO HI",0,60.9442785027109,NA,NA
"237","ITEM4980DCCATKITTENCHOW_Retailer","2022-02-05","Cross","DC PURINA ONE ML 07LB",2,"DC CAT/KITTEN CHOW 03.2LB","Dry Cat","CVS Total Corp WO HI",0,27.1581456588995,NA,NA
"238","ITEM4980DCCATKITTENCHOW_Retailer","2022-02-05","Cross","DC PURINA ONE ML 22LB",2,"DC CAT/KITTEN CHOW 03.2LB","Dry Cat","CVS Total Corp WO HI",0,57.7191094738503,NA,NA
"239","ITEM4980DCCATKITTENCHOW_Retailer","2022-03-19","Cross","DC CAT/KITTEN CHOW 13-15LB",2,"DC CAT/KITTEN CHOW 03.2LB","Dry Cat","CVS Total Corp WO HI",0,14.6839893927676,NA,NA
"240","ITEM4980DCCATKITTENCHOW_Retailer","2022-03-19","Cross","DC CAT/KITTEN CHOW 20LB",2,"DC CAT/KITTEN CHOW 03.2LB","Dry Cat","CVS Total Corp WO HI",0,32.7597712904308,NA,NA
"241","ITEM4980DCCATKITTENCHOW_Retailer","2022-03-19","Cross","DC KIT KABOODLE 22LB",2,"DC CAT/KITTEN CHOW 03.2LB","Dry Cat","CVS Total Corp WO HI",0,45.3911747424096,NA,NA
"242","ITEM4980DCCATKITTENCHOW_Retailer","2022-03-19","Cross","DC PURINA ONE ML 07LB",2,"DC CAT/KITTEN CHOW 03.2LB","Dry Cat","CVS Total Corp WO HI",0,21.3546306594856,NA,NA
"243","ITEM4980DCCATKITTENCHOW_Retailer","2022-03-19","Cross","DC PURINA ONE ML 22LB",2,"DC CAT/KITTEN CHOW 03.2LB","Dry Cat","CVS Total Corp WO HI",0,48.3677291363814,NA,NA
"244","ITEM4980DCCATKITTENCHOW_Retailer","2022-04-02","Cross","DC CAT/KITTEN CHOW 13-15LB",2,"DC CAT/KITTEN CHOW 03.2LB","Dry Cat","CVS Total Corp WO HI",0,10.139045930032,NA,NA
"245","ITEM4980DCCATKITTENCHOW_Retailer","2022-04-02","Cross","DC CAT/KITTEN CHOW 20LB",2,"DC CAT/KITTEN CHOW 03.2LB","Dry Cat","CVS Total Corp WO HI",0,23.2882571096146,NA,NA
"246","ITEM4980DCCATKITTENCHOW_Retailer","2022-04-02","Cross","DC KIT KABOODLE 22LB",2,"DC CAT/KITTEN CHOW 03.2LB","Dry Cat","CVS Total Corp WO HI",0,30.5183075474863,NA,NA
"247","ITEM4980DCCATKITTENCHOW_Retailer","2022-04-02","Cross","DC PURINA ONE ML 07LB",2,"DC CAT/KITTEN CHOW 03.2LB","Dry Cat","CVS Total Corp WO HI",0,15.9191302234751,NA,NA
"248","ITEM4980DCCATKITTENCHOW_Retailer","2022-04-02","Cross","DC PURINA ONE ML 22LB",2,"DC CAT/KITTEN CHOW 03.2LB","Dry Cat","CVS Total Corp WO HI",0,33.5152884656527,NA,NA
"249","ITEM4980DCCATKITTENCHOW_Retailer","2022-04-16","Cross","DC CAT/KITTEN CHOW 13-15LB",2,"DC CAT/KITTEN CHOW 03.2LB","Dry Cat","CVS Total Corp WO HI",0,3.11854898117206,NA,NA
"250","ITEM4980DCCATKITTENCHOW_Retailer","2022-04-16","Cross","DC CAT/KITTEN CHOW 20LB",2,"DC CAT/KITTEN CHOW 03.2LB","Dry Cat","CVS Total Corp WO HI",0,7.06441873228426,NA,NA
"251","ITEM4980DCCATKITTENCHOW_Retailer","2022-04-16","Cross","DC KIT KABOODLE 22LB",2,"DC CAT/KITTEN CHOW 03.2LB","Dry Cat","CVS Total Corp WO HI",0,9.42673370741109,NA,NA
"252","ITEM4980DCCATKITTENCHOW_Retailer","2022-04-16","Cross","DC PURINA ONE ML 07LB",2,"DC CAT/KITTEN CHOW 03.2LB","Dry Cat","CVS Total Corp WO HI",0,4.97859372992316,NA,NA
"253","ITEM4980DCCATKITTENCHOW_Retailer","2022-04-16","Cross","DC PURINA ONE ML 22LB",2,"DC CAT/KITTEN CHOW 03.2LB","Dry Cat","CVS Total Corp WO HI",0,10.1812580623132,NA,NA
"254","ITEM4980DCCATKITTENCHOW_Retailer","2022-04-23","Cross","DC CAT/KITTEN CHOW 13-15LB",2,"DC CAT/KITTEN CHOW 03.2LB","Dry Cat","CVS Total Corp WO HI",0,3.68767951306227,NA,NA
"255","ITEM4980DCCATKITTENCHOW_Retailer","2022-04-23","Cross","DC CAT/KITTEN CHOW 20LB",2,"DC CAT/KITTEN CHOW 03.2LB","Dry Cat","CVS Total Corp WO HI",0,8.27981706024386,NA,NA
"256","ITEM4980DCCATKITTENCHOW_Retailer","2022-04-23","Cross","DC KIT KABOODLE 22LB",2,"DC CAT/KITTEN CHOW 03.2LB","Dry Cat","CVS Total Corp WO HI",0,11.297125900042,NA,NA
"257","ITEM4980DCCATKITTENCHOW_Retailer","2022-04-23","Cross","DC PURINA ONE ML 07LB",2,"DC CAT/KITTEN CHOW 03.2LB","Dry Cat","CVS Total Corp WO HI",0,6.07266537523453,NA,NA
"258","ITEM4980DCCATKITTENCHOW_Retailer","2022-04-23","Cross","DC PURINA ONE ML 22LB",2,"DC CAT/KITTEN CHOW 03.2LB","Dry Cat","CVS Total Corp WO HI",0,12.618795584174,NA,NA
"259","ITEM4980DCCATKITTENCHOW_Retailer","2022-04-30","Cross","DC CAT/KITTEN CHOW 13-15LB",2,"DC CAT/KITTEN CHOW 03.2LB","Dry Cat","CVS Total Corp WO HI",0,4.67346933699757,NA,NA
"260","ITEM4980DCCATKITTENCHOW_Retailer","2022-04-30","Cross","DC CAT/KITTEN CHOW 20LB",2,"DC CAT/KITTEN CHOW 03.2LB","Dry Cat","CVS Total Corp WO HI",0,10.6443441162957,NA,NA
"261","ITEM4980DCCATKITTENCHOW_Retailer","2022-04-30","Cross","DC KIT KABOODLE 22LB",2,"DC CAT/KITTEN CHOW 03.2LB","Dry Cat","CVS Total Corp WO HI",0,14.0253723078791,NA,NA
"262","ITEM4980DCCATKITTENCHOW_Retailer","2022-04-30","Cross","DC PURINA ONE ML 07LB",2,"DC CAT/KITTEN CHOW 03.2LB","Dry Cat","CVS Total Corp WO HI",0,7.48647756588767,NA,NA
"263","ITEM4980DCCATKITTENCHOW_Retailer","2022-04-30","Cross","DC PURINA ONE ML 22LB",2,"DC CAT/KITTEN CHOW 03.2LB","Dry Cat","CVS Total Corp WO HI",0,15.0964272935654,NA,NA
"264","ITEM4980DCCATKITTENCHOW_Retailer","2022-05-14","Cross","DC CAT/KITTEN CHOW 13-15LB",2,"DC CAT/KITTEN CHOW 03.2LB","Dry Cat","CVS Total Corp WO HI",0,73.4162420536396,NA,NA
"265","ITEM4980DCCATKITTENCHOW_Retailer","2022-05-14","Cross","DC CAT/KITTEN CHOW 20LB",2,"DC CAT/KITTEN CHOW 03.2LB","Dry Cat","CVS Total Corp WO HI",0,168.958000717983,NA,NA
"266","ITEM4980DCCATKITTENCHOW_Retailer","2022-05-14","Cross","DC KIT KABOODLE 22LB",2,"DC CAT/KITTEN CHOW 03.2LB","Dry Cat","CVS Total Corp WO HI",0,221.516189123453,NA,NA
"267","ITEM4980DCCATKITTENCHOW_Retailer","2022-05-14","Cross","DC PURINA ONE ML 07LB",2,"DC CAT/KITTEN CHOW 03.2LB","Dry Cat","CVS Total Corp WO HI",0,117.73441920599,NA,NA
"268","ITEM4980DCCATKITTENCHOW_Retailer","2022-05-14","Cross","DC PURINA ONE ML 22LB",2,"DC CAT/KITTEN CHOW 03.2LB","Dry Cat","CVS Total Corp WO HI",0,238.955321162456,NA,NA
"269","ITEM4980DCCATKITTENCHOW_Retailer","2022-05-21","Cross","DC CAT/KITTEN CHOW 13-15LB",2,"DC CAT/KITTEN CHOW 03.2LB","Dry Cat","CVS Total Corp WO HI",0,2.36946470227214,NA,NA
"270","ITEM4980DCCATKITTENCHOW_Retailer","2022-05-21","Cross","DC CAT/KITTEN CHOW 20LB",2,"DC CAT/KITTEN CHOW 03.2LB","Dry Cat","CVS Total Corp WO HI",0,5.42559682311945,NA,NA
"271","ITEM4980DCCATKITTENCHOW_Retailer","2022-05-21","Cross","DC KIT KABOODLE 22LB",2,"DC CAT/KITTEN CHOW 03.2LB","Dry Cat","CVS Total Corp WO HI",0,7.10720797033277,NA,NA
"272","ITEM4980DCCATKITTENCHOW_Retailer","2022-05-21","Cross","DC PURINA ONE ML 07LB",2,"DC CAT/KITTEN CHOW 03.2LB","Dry Cat","CVS Total Corp WO HI",0,3.82261317753905,NA,NA
"273","ITEM4980DCCATKITTENCHOW_Retailer","2022-05-21","Cross","DC PURINA ONE ML 22LB",2,"DC CAT/KITTEN CHOW 03.2LB","Dry Cat","CVS Total Corp WO HI",0,7.60894282187431,NA,NA
"274","ITEM4980DCCATKITTENCHOW_Retailer","2022-05-28","Cross","DC CAT/KITTEN CHOW 13-15LB",2,"DC CAT/KITTEN CHOW 03.2LB","Dry Cat","CVS Total Corp WO HI",0,10.745972946829,NA,NA
"275","ITEM4980DCCATKITTENCHOW_Retailer","2022-05-28","Cross","DC CAT/KITTEN CHOW 20LB",2,"DC CAT/KITTEN CHOW 03.2LB","Dry Cat","CVS Total Corp WO HI",0,24.6918167631855,NA,NA
"276","ITEM4980DCCATKITTENCHOW_Retailer","2022-05-28","Cross","DC KIT KABOODLE 22LB",2,"DC CAT/KITTEN CHOW 03.2LB","Dry Cat","CVS Total Corp WO HI",0,31.9701171233454,NA,NA
"277","ITEM4980DCCATKITTENCHOW_Retailer","2022-05-28","Cross","DC PURINA ONE ML 07LB",2,"DC CAT/KITTEN CHOW 03.2LB","Dry Cat","CVS Total Corp WO HI",0,17.2705269530759,NA,NA
"278","ITEM4980DCCATKITTENCHOW_Retailer","2022-05-28","Cross","DC PURINA ONE ML 22LB",2,"DC CAT/KITTEN CHOW 03.2LB","Dry Cat","CVS Total Corp WO HI",0,33.9762642209549,NA,NA
"279","ITEM4980DCCATKITTENCHOW_Retailer","2022-06-04","Cross","DC CAT/KITTEN CHOW 13-15LB",2,"DC CAT/KITTEN CHOW 03.2LB","Dry Cat","CVS Total Corp WO HI",0,9.57601694366799,NA,NA
"280","ITEM4980DCCATKITTENCHOW_Retailer","2022-06-04","Cross","DC CAT/KITTEN CHOW 20LB",2,"DC CAT/KITTEN CHOW 03.2LB","Dry Cat","CVS Total Corp WO HI",0,21.9030646616835,NA,NA
"281","ITEM4980DCCATKITTENCHOW_Retailer","2022-06-04","Cross","DC KIT KABOODLE 22LB",2,"DC CAT/KITTEN CHOW 03.2LB","Dry Cat","CVS Total Corp WO HI",0,28.2085478895592,NA,NA
"282","ITEM4980DCCATKITTENCHOW_Retailer","2022-06-04","Cross","DC PURINA ONE ML 07LB",2,"DC CAT/KITTEN CHOW 03.2LB","Dry Cat","CVS Total Corp WO HI",0,15.3652735882952,NA,NA
"283","ITEM4980DCCATKITTENCHOW_Retailer","2022-06-04","Cross","DC PURINA ONE ML 22LB",2,"DC CAT/KITTEN CHOW 03.2LB","Dry Cat","CVS Total Corp WO HI",0,29.8583701293082,NA,NA
"284","ITEM4980DCCATKITTENCHOW_Retailer","2022-06-11","Cross","DC CAT/KITTEN CHOW 13-15LB",2,"DC CAT/KITTEN CHOW 03.2LB","Dry Cat","CVS Total Corp WO HI",0,26.336294205532,NA,NA
"285","ITEM4980DCCATKITTENCHOW_Retailer","2022-06-11","Cross","DC CAT/KITTEN CHOW 20LB",2,"DC CAT/KITTEN CHOW 03.2LB","Dry Cat","CVS Total Corp WO HI",0,60.2512664384997,NA,NA
"286","ITEM4980DCCATKITTENCHOW_Retailer","2022-06-11","Cross","DC KIT KABOODLE 22LB",2,"DC CAT/KITTEN CHOW 03.2LB","Dry Cat","CVS Total Corp WO HI",0,77.3297794549086,NA,NA
"287","ITEM4980DCCATKITTENCHOW_Retailer","2022-06-11","Cross","DC PURINA ONE ML 07LB",2,"DC CAT/KITTEN CHOW 03.2LB","Dry Cat","CVS Total Corp WO HI",0,41.8331354305096,NA,NA
"288","ITEM4980DCCATKITTENCHOW_Retailer","2022-06-11","Cross","DC PURINA ONE ML 22LB",2,"DC CAT/KITTEN CHOW 03.2LB","Dry Cat","CVS Total Corp WO HI",0,81.4290683032963,NA,NA
"289","ITEM4980DCCATKITTENCHOW_Retailer","2022-12-31","Cross","DC CAT/KITTEN CHOW 13-15LB",2,"DC CAT/KITTEN CHOW 03.2LB","Dry Cat","CVS Total Corp WO HI",0,7.74110138814804,NA,NA
"290","ITEM4980DCCATKITTENCHOW_Retailer","2022-12-31","Cross","DC CAT/KITTEN CHOW 20LB",2,"DC CAT/KITTEN CHOW 03.2LB","Dry Cat","CVS Total Corp WO HI",0,17.9667837972568,NA,NA
"291","ITEM4980DCCATKITTENCHOW_Retailer","2022-12-31","Cross","DC KIT KABOODLE 22LB",2,"DC CAT/KITTEN CHOW 03.2LB","Dry Cat","CVS Total Corp WO HI",0,21.6581498872726,NA,NA
"292","ITEM4980DCCATKITTENCHOW_Retailer","2022-12-31","Cross","DC PURINA ONE ML 07LB",2,"DC CAT/KITTEN CHOW 03.2LB","Dry Cat","CVS Total Corp WO HI",0,11.2204657998776,NA,NA
"293","ITEM4980DCCATKITTENCHOW_Retailer","2022-12-31","Cross","DC PURINA ONE ML 22LB",2,"DC CAT/KITTEN CHOW 03.2LB","Dry Cat","CVS Total Corp WO HI",0,23.9022465638091,NA,NA
"294","ITEM1014DDBENEFULGRFR_Retailer","2022-09-03","Within","Pantry Loading",1,"DD BENEFUL PREMIUM 03LB","Dry Dog","CVS Total Corp WO HI",108.440180270538,0,NA,NA
"295","ITEM1014DDBENEFULGRFR_Retailer","2022-09-10","Within","Pantry Loading",1,"DD BENEFUL PREMIUM 03LB","Dry Dog","CVS Total Corp WO HI",156.191294977128,0,NA,NA
"296","ITEM1014DDBENEFULGRFR_Retailer","2022-09-17","Within","Pantry Loading",1,"DD BENEFUL PREMIUM 03LB","Dry Dog","CVS Total Corp WO HI",93.4058536525857,0,NA,NA
"297","ITEM1014DDBENEFULGRFR_Retailer","2022-09-24","Within","Pantry Loading",1,"DD BENEFUL PREMIUM 03LB","Dry Dog","CVS Total Corp WO HI",104.145488804129,0,NA,NA
"298","ITEM1014DDBENEFULGRFR_Retailer","2022-10-01","Within","Pantry Loading",1,"DD BENEFUL PREMIUM 03LB","Dry Dog","CVS Total Corp WO HI",49.5136989796044,0,NA,NA
"299","ITEM1014DDBENEFULGRFR_Retailer","2022-10-08","Within","Pantry Loading",1,"DD BENEFUL PREMIUM 03LB","Dry Dog","CVS Total Corp WO HI",1.24598817213223,0,NA,NA
"300","ITEM1436DDBENEFUL_Retailer","2022-07-23","Within","Pantry Loading",1,"DD BENEFUL 14LB","Dry Dog","CVS Total Corp WO HI",116.544903469697,0,NA,NA
"301","ITEM1436DDBENEFUL_Retailer","2022-08-06","Within","Pantry Loading",1,"DD BENEFUL 14LB","Dry Dog","CVS Total Corp WO HI",372.576058124705,0,NA,NA
"302","ITEM1436DDBENEFUL_Retailer","2022-08-13","Within","Pantry Loading",1,"DD BENEFUL 14LB","Dry Dog","CVS Total Corp WO HI",274.119052989209,0,NA,NA
"303","ITEM1436DDBENEFUL_Retailer","2022-08-20","Within","Pantry Loading",1,"DD BENEFUL 14LB","Dry Dog","CVS Total Corp WO HI",393.322166136867,0,NA,NA
"304","ITEM764DDPUPPYCHOW_Retailer","2021-01-02","Cross","DD MOIST AND MEATY 072OZ",2,"DD PUPPY CHOW 04.4LB","Dry Dog","CVS Total Corp WO HI",13.1985273322629,13.1985273322629,NA,NA
"305","ITEM764DDPUPPYCHOW_Retailer","2021-01-23","Cross","DD MOIST AND MEATY 072OZ",2,"DD PUPPY CHOW 04.4LB","Dry Dog","CVS Total Corp WO HI",0,33.007347483919,NA,NA
"306","ITEM764DDPUPPYCHOW_Retailer","2021-02-20","Cross","DD MOIST AND MEATY 072OZ",2,"DD PUPPY CHOW 04.4LB","Dry Dog","CVS Total Corp WO HI",157.250462575016,0,NA,NA
"307","ITEM764DDPUPPYCHOW_Retailer","2021-03-06","Cross","DD MOIST AND MEATY 072OZ",2,"DD PUPPY CHOW 04.4LB","Dry Dog","CVS Total Corp WO HI",0,28.6762553392946,NA,NA
"308","ITEM764DDPUPPYCHOW_Retailer","2021-06-19","Cross","DD MOIST AND MEATY 072OZ",2,"DD PUPPY CHOW 04.4LB","Dry Dog","CVS Total Corp WO HI",0,52.4240356174526,NA,NA
"309","ITEM764DDPUPPYCHOW_Retailer","2021-07-03","Cross","DD MOIST AND MEATY 072OZ",2,"DD PUPPY CHOW 04.4LB","Dry Dog","CVS Total Corp WO HI",39.3213026985171,0,NA,NA
"310","ITEM764DDPUPPYCHOW_Retailer","2021-07-17","Cross","DD MOIST AND MEATY 072OZ",2,"DD PUPPY CHOW 04.4LB","Dry Dog","CVS Total Corp WO HI",29.2046102654192,0,NA,NA
"311","ITEM764DDPUPPYCHOW_Retailer","2021-07-24","Cross","DD MOIST AND MEATY 072OZ",2,"DD PUPPY CHOW 04.4LB","Dry Dog","CVS Total Corp WO HI",8.07824894365208,0,NA,NA
"312","ITEM764DDPUPPYCHOW_Retailer","2021-08-07","Cross","DD MOIST AND MEATY 072OZ",2,"DD PUPPY CHOW 04.4LB","Dry Dog","CVS Total Corp WO HI",4.85424362178601,0,NA,NA
"313","ITEM764DDPUPPYCHOW_Retailer","2021-08-21","Cross","DD MOIST AND MEATY 072OZ",2,"DD PUPPY CHOW 04.4LB","Dry Dog","CVS Total Corp WO HI",2.57753591883799,0,NA,NA
"314","ITEM764DDPUPPYCHOW_Retailer","2021-09-04","Cross","DD MOIST AND MEATY 072OZ",2,"DD PUPPY CHOW 04.4LB","Dry Dog","CVS Total Corp WO HI",37.8871755139625,0,NA,NA
"315","ITEM764DDPUPPYCHOW_Retailer","2021-10-09","Cross","DD MOIST AND MEATY 072OZ",2,"DD PUPPY CHOW 04.4LB","Dry Dog","CVS Total Corp WO HI",19.2130425097464,0,NA,NA
"316","ITEM764DDPUPPYCHOW_Retailer","2021-11-27","Cross","DD MOIST AND MEATY 072OZ",2,"DD PUPPY CHOW 04.4LB","Dry Dog","CVS Total Corp WO HI",38.9491750104249,0,NA,NA
"317","ITEM764DDPUPPYCHOW_Retailer","2021-12-18","Cross","DD MOIST AND MEATY 072OZ",2,"DD PUPPY CHOW 04.4LB","Dry Dog","CVS Total Corp WO HI",73.7154117121124,0,NA,NA
"318","ITEM764DDPUPPYCHOW_Retailer","2021-12-25","Cross","DD MOIST AND MEATY 072OZ",2,"DD PUPPY CHOW 04.4LB","Dry Dog","CVS Total Corp WO HI",182.743176229692,0,NA,NA
"319","ITEM764DDPUPPYCHOW_Retailer","2022-01-01","Cross","DD MOIST AND MEATY 072OZ",2,"DD PUPPY CHOW 04.4LB","Dry Dog","CVS Total Corp WO HI",58.4208595933404,58.4208595933404,NA,NA
"320","ITEM764DDPUPPYCHOW_Retailer","2022-01-15","Cross","DD MOIST AND MEATY 072OZ",2,"DD PUPPY CHOW 04.4LB","Dry Dog","CVS Total Corp WO HI",26.8769271383766,26.8769271383766,NA,NA
"321","ITEM764DDPUPPYCHOW_Retailer","2022-01-22","Cross","DD MOIST AND MEATY 072OZ",2,"DD PUPPY CHOW 04.4LB","Dry Dog","CVS Total Corp WO HI",36.8488718994163,36.8488718994163,NA,NA
"322","ITEM764DDPUPPYCHOW_Retailer","2022-02-05","Cross","DD MOIST AND MEATY 072OZ",2,"DD PUPPY CHOW 04.4LB","Dry Dog","CVS Total Corp WO HI",10.9103091926118,0,NA,NA
"323","ITEM764DDPUPPYCHOW_Retailer","2022-03-26","Cross","DD MOIST AND MEATY 072OZ",2,"DD PUPPY CHOW 04.4LB","Dry Dog","CVS Total Corp WO HI",25.107642608028,25.107642608028,NA,NA
"324","ITEM764DDPUPPYCHOW_Retailer","2022-06-11","Cross","DD MOIST AND MEATY 072OZ",2,"DD PUPPY CHOW 04.4LB","Dry Dog","CVS Total Corp WO HI",0,67.4515614703335,NA,NA
"325","ITEM764DDPUPPYCHOW_Retailer","2022-10-01","Cross","DD MOIST AND MEATY 072OZ",2,"DD PUPPY CHOW 04.4LB","Dry Dog","CVS Total Corp WO HI",103.643169408835,0,NA,NA
"326","ITEM907DDDOGCHOWGREENBG_Retailer","2022-07-23","Within","Pantry Loading",1,"DD DOG CHOW GREEN BG 04.4LB","Dry Dog","CVS Total Corp WO HI",334.72577640784,0,NA,NA
"327","ITEM907DDDOGCHOWGREENBG_Retailer","2022-08-06","Within","Pantry Loading",1,"DD DOG CHOW GREEN BG 04.4LB","Dry Dog","CVS Total Corp WO HI",753.151904796902,0,NA,NA
"328","ITEM907DDDOGCHOWGREENBG_Retailer","2022-08-13","Within","Pantry Loading",1,"DD DOG CHOW GREEN BG 04.4LB","Dry Dog","CVS Total Corp WO HI",580.329801081682,0,NA,NA
"329","ITEM907DDDOGCHOWGREENBG_Retailer","2022-08-20","Within","Pantry Loading",1,"DD DOG CHOW GREEN BG 04.4LB","Dry Dog","CVS Total Corp WO HI",437.403249881631,0,NA,NA
"330","ITEM907DDDOGCHOWGREENBG_Retailer","2022-09-03","Within","Pantry Loading",1,"DD DOG CHOW GREEN BG 04.4LB","Dry Dog","CVS Total Corp WO HI",58.891760048551,0,NA,NA
"331","ITEM1214TIDYCATSCLUMPNONLW_Retailer","2021-01-23","Cross","CL TIDY CATS CLUMP NON-LW 14LB",2,"CL TIDY CATS CLUMP NON-LW 14LB","Litter","CVS Total Corp WO HI",0,324.250816082394,NA,NA
"332","ITEM1214TIDYCATSCLUMPNONLW_Retailer","2021-01-23","Within","Pantry Loading",2,"CL TIDY CATS CLUMP NON-LW 14LB","Litter","CVS Total Corp WO HI",0,283.058852151065,NA,NA
"333","ITEM1214TIDYCATSCLUMPNONLW_Retailer","2021-04-17","Cross","CL TIDY CATS CLUMP NON-LW 14LB",2,"CL TIDY CATS CLUMP NON-LW 14LB","Litter","CVS Total Corp WO HI",0,457.055920968279,NA,NA
"334","ITEM1214TIDYCATSCLUMPNONLW_Retailer","2021-04-17","Within","Pantry Loading",2,"CL TIDY CATS CLUMP NON-LW 14LB","Litter","CVS Total Corp WO HI",0,390.868006569782,NA,NA
"335","ITEM1214TIDYCATSCLUMPNONLW_Retailer","2021-10-23","Cross","CL TIDY CATS CLUMP NON-LW 14LB",2,"CL TIDY CATS CLUMP NON-LW 14LB","Litter","CVS Total Corp WO HI",0,424.130151910111,NA,NA
"336","ITEM1214TIDYCATSCLUMPNONLW_Retailer","2021-10-23","Within","Pantry Loading",2,"CL TIDY CATS CLUMP NON-LW 14LB","Litter","CVS Total Corp WO HI",0,377.825103510037,NA,NA
"337","ITEM1214TIDYCATSCLUMPNONLW_Retailer","2021-11-13","Cross","CL TIDY CATS CLUMP NON-LW 14LB",2,"CL TIDY CATS CLUMP NON-LW 14LB","Litter","CVS Total Corp WO HI",612.713039168756,486.170328774197,NA,NA
"338","ITEM1214TIDYCATSCLUMPNONLW_Retailer","2021-11-13","Within","Pantry Loading",2,"CL TIDY CATS CLUMP NON-LW 14LB","Litter","CVS Total Corp WO HI",568.59437164339,451.163423869764,NA,NA
"339","ITEM1214TIDYCATSCLUMPNONLW_Retailer","2021-12-04","Cross","CL TIDY CATS CLUMP NON-LW 14LB",2,"CL TIDY CATS CLUMP NON-LW 14LB","Litter","CVS Total Corp WO HI",377.849046295806,346.723893879118,NA,NA
"340","ITEM1214TIDYCATSCLUMPNONLW_Retailer","2021-12-04","Within","Pantry Loading",2,"CL TIDY CATS CLUMP NON-LW 14LB","Litter","CVS Total Corp WO HI",369.168306370462,338.758226165586,NA,NA
"341","ITEM1214TIDYCATSCLUMPNONLW_Retailer","2022-07-23","Cross","CL TIDY CATS CLUMP NON-LW 14LB",2,"CL TIDY CATS CLUMP NON-LW 14LB","Litter","CVS Total Corp WO HI",1206.21487418429,946.144177620824,NA,NA
"342","ITEM1214TIDYCATSCLUMPNONLW_Retailer","2022-07-23","Within","Pantry Loading",2,"CL TIDY CATS CLUMP NON-LW 14LB","Litter","CVS Total Corp WO HI",1414.31863021714,1109.37890579864,NA,NA
"343","ITEM1214TIDYCATSCLUMPNONLW_Retailer","2022-07-30","Cross","CL TIDY CATS CLUMP NON-LW 14LB",2,"CL TIDY CATS CLUMP NON-LW 14LB","Litter","CVS Total Corp WO HI",1461.80897462764,1119.97809207152,NA,NA
"344","ITEM1214TIDYCATSCLUMPNONLW_Retailer","2022-07-30","Within","Pantry Loading",2,"CL TIDY CATS CLUMP NON-LW 14LB","Litter","CVS Total Corp WO HI",1684.83424785129,1290.85091083526,NA,NA
"345","ITEM1214TIDYCATSCLUMPNONLW_Retailer","2022-08-06","Cross","CL TIDY CATS CLUMP NON-LW 14LB",2,"CL TIDY CATS CLUMP NON-LW 14LB","Litter","CVS Total Corp WO HI",1291.72253511836,957.169407639713,NA,NA
"346","ITEM1214TIDYCATSCLUMPNONLW_Retailer","2022-08-06","Within","Pantry Loading",2,"CL TIDY CATS CLUMP NON-LW 14LB","Litter","CVS Total Corp WO HI",1491.82683358935,1105.44715895733,NA,NA
"347","ITEM1214TIDYCATSCLUMPNONLW_Retailer","2022-08-13","Cross","CL TIDY CATS CLUMP NON-LW 14LB",2,"CL TIDY CATS CLUMP NON-LW 14LB","Litter","CVS Total Corp WO HI",1093.13071990904,808.440233556329,NA,NA
"348","ITEM1214TIDYCATSCLUMPNONLW_Retailer","2022-08-13","Within","Pantry Loading",2,"CL TIDY CATS CLUMP NON-LW 14LB","Litter","CVS Total Corp WO HI",1210.6418666909,895.347258690253,NA,NA
"349","ITEM1214TIDYCATSCLUMPNONLW_Retailer","2022-08-20","Cross","CL TIDY CATS CLUMP NON-LW 14LB",2,"CL TIDY CATS CLUMP NON-LW 14LB","Litter","CVS Total Corp WO HI",685.959719575199,849.71803474748,NA,NA
"350","ITEM1214TIDYCATSCLUMPNONLW_Retailer","2022-08-20","Within","Pantry Loading",2,"CL TIDY CATS CLUMP NON-LW 14LB","Litter","CVS Total Corp WO HI",743.106567249245,920.507478663627,NA,NA
"351","ITEM1214TIDYCATSCLUMPNONLW_Retailer","2022-08-27","Cross","CL TIDY CATS CLUMP NON-LW 14LB",2,"CL TIDY CATS CLUMP NON-LW 14LB","Litter","CVS Total Corp WO HI",0,821.812013436971,NA,NA
"352","ITEM1214TIDYCATSCLUMPNONLW_Retailer","2022-08-27","Within","Pantry Loading",2,"CL TIDY CATS CLUMP NON-LW 14LB","Litter","CVS Total Corp WO HI",0,812.931740799413,NA,NA
"353","ITEM1214TIDYCATSCLUMPNONLW_Retailer","2022-09-03","Cross","CL TIDY CATS CLUMP NON-LW 14LB",2,"CL TIDY CATS CLUMP NON-LW 14LB","Litter","CVS Total Corp WO HI",0,575.966303914532,NA,NA
"354","ITEM1214TIDYCATSCLUMPNONLW_Retailer","2022-09-03","Within","Pantry Loading",2,"CL TIDY CATS CLUMP NON-LW 14LB","Litter","CVS Total Corp WO HI",0,581.188133113143,NA,NA
"355","ITEM1214TIDYCATSCLUMPNONLW_Retailer","2022-12-10","Cross","CL TIDY CATS CLUMP NON-LW 14LB",2,"CL TIDY CATS CLUMP NON-LW 14LB","Litter","CVS Total Corp WO HI",0,1078.21642174471,NA,NA
"356","ITEM1214TIDYCATSCLUMPNONLW_Retailer","2022-12-10","Within","Pantry Loading",2,"CL TIDY CATS CLUMP NON-LW 14LB","Litter","CVS Total Corp WO HI",0,1078.60454008921,NA,NA
"357","ITEM1240TIDYCATSNONCLUMP_Retailer","2021-12-04","Within","Pantry Loading",1,"CL TIDY CATS NON-CLUMP 10LB","Litter","CVS Total Corp WO HI",39.309293071794,0,NA,NA
"358","ITEM1240TIDYCATSNONCLUMP_Retailer","2022-07-23","Within","Pantry Loading",1,"CL TIDY CATS NON-CLUMP 10LB","Litter","CVS Total Corp WO HI",95.9533647679149,0,NA,NA
"359","ITEM1240TIDYCATSNONCLUMP_Retailer","2022-07-30","Within","Pantry Loading",1,"CL TIDY CATS NON-CLUMP 10LB","Litter","CVS Total Corp WO HI",115.877686377449,0,NA,NA
"360","ITEM1240TIDYCATSNONCLUMP_Retailer","2022-08-06","Within","Pantry Loading",1,"CL TIDY CATS NON-CLUMP 10LB","Litter","CVS Total Corp WO HI",110.056512195869,0,NA,NA
"361","ITEM1240TIDYCATSNONCLUMP_Retailer","2022-08-13","Within","Pantry Loading",1,"CL TIDY CATS NON-CLUMP 10LB","Litter","CVS Total Corp WO HI",51.9869648600542,0,NA,NA
"362","ITEM1240TIDYCATSNONCLUMP_Retailer","2022-08-20","Within","Pantry Loading",1,"CL TIDY CATS NON-CLUMP 10LB","Litter","CVS Total Corp WO HI",48.8675519411023,0,NA,NA
"363","ITEM7TIDYCATSCLUMPLW_Retailer","2021-01-23","Within","Pantry Loading",1,"CL TIDY CATS CLUMP LW 06LB","Litter","CVS Total Corp WO HI",756.044272865671,0,NA,NA
"364","ITEM7TIDYCATSCLUMPLW_Retailer","2021-04-17","Within","Pantry Loading",1,"CL TIDY CATS CLUMP LW 06LB","Litter","CVS Total Corp WO HI",809.33963487039,0,NA,NA
"365","ITEM7TIDYCATSCLUMPLW_Retailer","2021-06-05","Within","Pantry Loading",1,"CL TIDY CATS CLUMP LW 06LB","Litter","CVS Total Corp WO HI",797.437903026736,0,NA,NA
"366","ITEM7TIDYCATSCLUMPLW_Retailer","2021-12-04","Within","Pantry Loading",1,"CL TIDY CATS CLUMP LW 06LB","Litter","CVS Total Corp WO HI",731.999508504808,0,NA,NA
"367","ITEM7TIDYCATSCLUMPLW_Retailer","2022-12-10","Within","Pantry Loading",1,"CL TIDY CATS CLUMP LW 06LB","Litter","CVS Total Corp WO HI",2125.51603450907,0,NA,NA
"368","ITEM3CWFANCYFEASTML_Retailer","2021-01-02","Cross","CW FANCY FEAST ML 03OZ 12CT",2,"CW FANCY FEAST ML 03OZ","Wet Cat","CVS Total Corp WO HI",0,1904.32252128176,1904.32252128176,1904.32252128176
"369","ITEM3CWFANCYFEASTML_Retailer","2021-01-09","Cross","CW FANCY FEAST ML 03OZ 12CT",2,"CW FANCY FEAST ML 03OZ","Wet Cat","CVS Total Corp WO HI",1089.15564098471,2466.72992179242,2466.72992179242,2466.72992179242
"370","ITEM3CWFANCYFEASTML_Retailer","2021-01-16","Cross","CW FANCY FEAST ML 03OZ 12CT",2,"CW FANCY FEAST ML 03OZ","Wet Cat","CVS Total Corp WO HI",0,1891.7426257851,1891.7426257851,1891.7426257851
"371","ITEM3CWFANCYFEASTML_Retailer","2021-01-23","Cross","CW FANCY FEAST ML 03OZ 12CT",2,"CW FANCY FEAST ML 03OZ","Wet Cat","CVS Total Corp WO HI",0,1951.09397636125,1951.09397636125,1951.09397636125
"372","ITEM3CWFANCYFEASTML_Retailer","2021-01-30","Cross","CW FANCY FEAST ML 03OZ 12CT",2,"CW FANCY FEAST ML 03OZ","Wet Cat","CVS Total Corp WO HI",0,1700.9072854254,1700.9072854254,1700.9072854254
"373","ITEM3CWFANCYFEASTML_Retailer","2021-02-06","Cross","CW FANCY FEAST ML 03OZ 12CT",2,"CW FANCY FEAST ML 03OZ","Wet Cat","CVS Total Corp WO HI",0,2154.99933028956,2154.99933028956,2154.99933028956
"374","ITEM3CWFANCYFEASTML_Retailer","2021-02-13","Cross","CW FANCY FEAST ML 03OZ 12CT",2,"CW FANCY FEAST ML 03OZ","Wet Cat","CVS Total Corp WO HI",0,1794.97492875519,1794.97492875519,1794.97492875519
"375","ITEM3CWFANCYFEASTML_Retailer","2021-02-20","Cross","CW FANCY FEAST ML 03OZ 12CT",2,"CW FANCY FEAST ML 03OZ","Wet Cat","CVS Total Corp WO HI",0,1958.90398929617,1958.90398929617,1958.90398929617
"376","ITEM3CWFANCYFEASTML_Retailer","2021-02-27","Cross","CW FANCY FEAST ML 03OZ 12CT",2,"CW FANCY FEAST ML 03OZ","Wet Cat","CVS Total Corp WO HI",0,2215.63597817615,2215.63597817615,2215.63597817615
"377","ITEM3CWFANCYFEASTML_Retailer","2021-03-06","Cross","CW FANCY FEAST ML 03OZ 12CT",2,"CW FANCY FEAST ML 03OZ","Wet Cat","CVS Total Corp WO HI",0,1587.99396615889,1587.99396615889,1587.99396615889
"378","ITEM3CWFANCYFEASTML_Retailer","2021-03-13","Cross","CW FANCY FEAST ML 03OZ 12CT",2,"CW FANCY FEAST ML 03OZ","Wet Cat","CVS Total Corp WO HI",0,1612.39745841041,1612.39745841041,1612.39745841041
"379","ITEM3CWFANCYFEASTML_Retailer","2021-03-20","Cross","CW FANCY FEAST ML 03OZ 12CT",2,"CW FANCY FEAST ML 03OZ","Wet Cat","CVS Total Corp WO HI",0,1853.10737392757,1853.10737392757,1853.10737392757
"380","ITEM3CWFANCYFEASTML_Retailer","2021-03-27","Cross","CW FANCY FEAST ML 03OZ 12CT",2,"CW FANCY FEAST ML 03OZ","Wet Cat","CVS Total Corp WO HI",8237.52392637029,1985.93113895024,1985.93113895024,1985.93113895024
"381","ITEM3CWFANCYFEASTML_Retailer","2021-04-03","Cross","CW FANCY FEAST ML 03OZ 12CT",2,"CW FANCY FEAST ML 03OZ","Wet Cat","CVS Total Corp WO HI",0,2067.59215623707,2067.59215623707,2067.59215623707
"382","ITEM3CWFANCYFEASTML_Retailer","2021-04-10","Cross","CW FANCY FEAST ML 03OZ 12CT",2,"CW FANCY FEAST ML 03OZ","Wet Cat","CVS Total Corp WO HI",0,2006.28324349933,2006.28324349933,2006.28324349933
"383","ITEM3CWFANCYFEASTML_Retailer","2021-04-17","Cross","CW FANCY FEAST ML 03OZ 12CT",2,"CW FANCY FEAST ML 03OZ","Wet Cat","CVS Total Corp WO HI",0,1883.78597869613,1883.78597869613,1883.78597869613
"384","ITEM3CWFANCYFEASTML_Retailer","2021-04-24","Cross","CW FANCY FEAST ML 03OZ 12CT",2,"CW FANCY FEAST ML 03OZ","Wet Cat","CVS Total Corp WO HI",0,2384.05892379687,2384.05892379687,2384.05892379687
"385","ITEM3CWFANCYFEASTML_Retailer","2021-05-01","Cross","CW FANCY FEAST ML 03OZ 12CT",2,"CW FANCY FEAST ML 03OZ","Wet Cat","CVS Total Corp WO HI",0,2000.87297743231,2000.87297743231,2000.87297743231
"386","ITEM3CWFANCYFEASTML_Retailer","2021-05-08","Cross","CW FANCY FEAST ML 03OZ 12CT",2,"CW FANCY FEAST ML 03OZ","Wet Cat","CVS Total Corp WO HI",33.685425317839,1898.71457159519,1898.71457159519,1898.71457159519
"387","ITEM3CWFANCYFEASTML_Retailer","2021-05-15","Cross","CW FANCY FEAST ML 03OZ 12CT",2,"CW FANCY FEAST ML 03OZ","Wet Cat","CVS Total Corp WO HI",3567.48704035188,2400.94423968183,2400.94423968183,2400.94423968183
"388","ITEM3CWFANCYFEASTML_Retailer","2021-05-22","Cross","CW FANCY FEAST ML 03OZ 12CT",2,"CW FANCY FEAST ML 03OZ","Wet Cat","CVS Total Corp WO HI",243.117995203866,1784.1601072677,1784.1601072677,1784.1601072677
"389","ITEM3CWFANCYFEASTML_Retailer","2021-05-29","Cross","CW FANCY FEAST ML 03OZ 12CT",2,"CW FANCY FEAST ML 03OZ","Wet Cat","CVS Total Corp WO HI",0,1813.88770049347,1813.88770049347,1813.88770049347
"390","ITEM3CWFANCYFEASTML_Retailer","2021-06-05","Cross","CW FANCY FEAST ML 03OZ 12CT",2,"CW FANCY FEAST ML 03OZ","Wet Cat","CVS Total Corp WO HI",2406.78426848682,2472.28864375278,2472.28864375278,2472.28864375278
"391","ITEM3CWFANCYFEASTML_Retailer","2021-06-12","Cross","CW FANCY FEAST ML 03OZ 12CT",2,"CW FANCY FEAST ML 03OZ","Wet Cat","CVS Total Corp WO HI",3273.07300531102,1938.96492325146,1938.96492325146,1938.96492325146
"392","ITEM3CWFANCYFEASTML_Retailer","2021-06-19","Cross","CW FANCY FEAST ML 03OZ 12CT",2,"CW FANCY FEAST ML 03OZ","Wet Cat","CVS Total Corp WO HI",7372.66337335212,2384.89205434976,2384.89205434976,2384.89205434976
"393","ITEM3CWFANCYFEASTML_Retailer","2021-06-26","Cross","CW FANCY FEAST ML 03OZ 12CT",2,"CW FANCY FEAST ML 03OZ","Wet Cat","CVS Total Corp WO HI",8610.90713010684,2343.68358840338,2343.68358840338,2343.68358840338
"394","ITEM3CWFANCYFEASTML_Retailer","2021-07-03","Cross","CW FANCY FEAST ML 03OZ 12CT",2,"CW FANCY FEAST ML 03OZ","Wet Cat","CVS Total Corp WO HI",6205.54594330328,1787.33550562754,1787.33550562754,1787.33550562754
"395","ITEM3CWFANCYFEASTML_Retailer","2021-07-10","Cross","CW FANCY FEAST ML 03OZ 12CT",2,"CW FANCY FEAST ML 03OZ","Wet Cat","CVS Total Corp WO HI",2863.97223850953,1560.84922185028,1560.84922185028,1560.84922185028
"396","ITEM3CWFANCYFEASTML_Retailer","2021-07-17","Cross","CW FANCY FEAST ML 03OZ 12CT",2,"CW FANCY FEAST ML 03OZ","Wet Cat","CVS Total Corp WO HI",2132.52373813815,2115.27499117692,2115.27499117692,2115.27499117692
"397","ITEM3CWFANCYFEASTML_Retailer","2021-07-24","Cross","CW FANCY FEAST ML 03OZ 12CT",2,"CW FANCY FEAST ML 03OZ","Wet Cat","CVS Total Corp WO HI",0,1886.11658833516,1886.11658833516,1886.11658833516
"398","ITEM3CWFANCYFEASTML_Retailer","2021-07-31","Cross","CW FANCY FEAST ML 03OZ 12CT",2,"CW FANCY FEAST ML 03OZ","Wet Cat","CVS Total Corp WO HI",0,1837.88200080273,1837.88200080273,1837.88200080273
"399","ITEM3CWFANCYFEASTML_Retailer","2021-08-07","Cross","CW FANCY FEAST ML 03OZ 12CT",2,"CW FANCY FEAST ML 03OZ","Wet Cat","CVS Total Corp WO HI",0,1647.15779720974,1647.15779720974,1647.15779720974
"400","ITEM3CWFANCYFEASTML_Retailer","2021-08-14","Cross","CW FANCY FEAST ML 03OZ 12CT",2,"CW FANCY FEAST ML 03OZ","Wet Cat","CVS Total Corp WO HI",0,1635.49020713823,1635.49020713823,1635.49020713823
"401","ITEM3CWFANCYFEASTML_Retailer","2021-08-21","Cross","CW FANCY FEAST ML 03OZ 12CT",2,"CW FANCY FEAST ML 03OZ","Wet Cat","CVS Total Corp WO HI",0,1662.41098461428,1662.41098461428,1662.41098461428
"402","ITEM3CWFANCYFEASTML_Retailer","2021-08-28","Cross","CW FANCY FEAST ML 03OZ 12CT",2,"CW FANCY FEAST ML 03OZ","Wet Cat","CVS Total Corp WO HI",2055.70245257513,1719.81929385285,1719.81929385285,1719.81929385285
"403","ITEM3CWFANCYFEASTML_Retailer","2021-09-04","Cross","CW FANCY FEAST ML 03OZ 12CT",2,"CW FANCY FEAST ML 03OZ","Wet Cat","CVS Total Corp WO HI",5438.49858857373,1808.00271757063,1808.00271757063,1808.00271757063
"404","ITEM3CWFANCYFEASTML_Retailer","2021-09-11","Cross","CW FANCY FEAST ML 03OZ 12CT",2,"CW FANCY FEAST ML 03OZ","Wet Cat","CVS Total Corp WO HI",7738.09850051186,1553.1676862391,1553.1676862391,1553.1676862391
"405","ITEM3CWFANCYFEASTML_Retailer","2021-09-18","Cross","CW FANCY FEAST ML 03OZ 12CT",2,"CW FANCY FEAST ML 03OZ","Wet Cat","CVS Total Corp WO HI",7619.87781909824,1441.08087759472,1441.08087759472,1441.08087759472
"406","ITEM3CWFANCYFEASTML_Retailer","2021-09-25","Cross","CW FANCY FEAST ML 03OZ 12CT",2,"CW FANCY FEAST ML 03OZ","Wet Cat","CVS Total Corp WO HI",2836.4257197609,1399.47267037936,1399.47267037936,1399.47267037936
"407","ITEM3CWFANCYFEASTML_Retailer","2021-10-02","Cross","CW FANCY FEAST ML 03OZ 12CT",2,"CW FANCY FEAST ML 03OZ","Wet Cat","CVS Total Corp WO HI",339.644299306936,1271.69886214474,1271.69886214474,1271.69886214474
"408","ITEM3CWFANCYFEASTML_Retailer","2021-10-09","Cross","CW FANCY FEAST ML 03OZ 12CT",2,"CW FANCY FEAST ML 03OZ","Wet Cat","CVS Total Corp WO HI",696.087289774398,1618.82880027263,1618.82880027263,1618.82880027263
"409","ITEM3CWFANCYFEASTML_Retailer","2021-10-16","Cross","CW FANCY FEAST ML 03OZ 12CT",2,"CW FANCY FEAST ML 03OZ","Wet Cat","CVS Total Corp WO HI",1099.89582682074,1449.23780915896,1449.23780915896,1449.23780915896
"410","ITEM3CWFANCYFEASTML_Retailer","2021-10-23","Cross","CW FANCY FEAST ML 03OZ 12CT",2,"CW FANCY FEAST ML 03OZ","Wet Cat","CVS Total Corp WO HI",4553.00057169761,1525.4277030691,1525.4277030691,1525.4277030691
"411","ITEM3CWFANCYFEASTML_Retailer","2021-10-30","Cross","CW FANCY FEAST ML 03OZ 12CT",2,"CW FANCY FEAST ML 03OZ","Wet Cat","CVS Total Corp WO HI",7026.48959445093,1513.96804314258,1513.96804314258,1513.96804314258
"412","ITEM3CWFANCYFEASTML_Retailer","2021-11-06","Cross","CW FANCY FEAST ML 03OZ 12CT",2,"CW FANCY FEAST ML 03OZ","Wet Cat","CVS Total Corp WO HI",11353.1104627532,1476.51688718786,1476.51688718786,1476.51688718786
"413","ITEM3CWFANCYFEASTML_Retailer","2021-11-13","Cross","CW FANCY FEAST ML 03OZ 12CT",2,"CW FANCY FEAST ML 03OZ","Wet Cat","CVS Total Corp WO HI",9498.75735900798,2733.39301459614,2733.39301459614,2733.39301459614
"414","ITEM3CWFANCYFEASTML_Retailer","2021-11-20","Cross","CW FANCY FEAST ML 03OZ 12CT",2,"CW FANCY FEAST ML 03OZ","Wet Cat","CVS Total Corp WO HI",13763.8811253209,2347.71350755161,2347.71350755161,2347.71350755161
"415","ITEM3CWFANCYFEASTML_Retailer","2021-11-27","Cross","CW FANCY FEAST ML 03OZ 12CT",2,"CW FANCY FEAST ML 03OZ","Wet Cat","CVS Total Corp WO HI",2264.76464972828,1882.58210608187,1882.58210608187,1882.58210608187
"416","ITEM3CWFANCYFEASTML_Retailer","2021-12-04","Cross","CW FANCY FEAST ML 03OZ 12CT",2,"CW FANCY FEAST ML 03OZ","Wet Cat","CVS Total Corp WO HI",4197.1065439447,1855.66965667724,1855.66965667724,1855.66965667724
"417","ITEM3CWFANCYFEASTML_Retailer","2021-12-11","Cross","CW FANCY FEAST ML 03OZ 12CT",2,"CW FANCY FEAST ML 03OZ","Wet Cat","CVS Total Corp WO HI",484.817651987833,1703.33566917304,1703.33566917304,1703.33566917304
"418","ITEM3CWFANCYFEASTML_Retailer","2021-12-18","Cross","CW FANCY FEAST ML 03OZ 12CT",2,"CW FANCY FEAST ML 03OZ","Wet Cat","CVS Total Corp WO HI",4499.72648268095,1909.07354870919,1909.07354870919,1909.07354870919
"419","ITEM3CWFANCYFEASTML_Retailer","2021-12-25","Cross","CW FANCY FEAST ML 03OZ 12CT",2,"CW FANCY FEAST ML 03OZ","Wet Cat","CVS Total Corp WO HI",4829.76207125417,1721.13965188491,1721.13965188491,1721.13965188491
"420","ITEM3CWFANCYFEASTML_Retailer","2022-01-01","Cross","CW FANCY FEAST ML 03OZ 12CT",2,"CW FANCY FEAST ML 03OZ","Wet Cat","CVS Total Corp WO HI",618.124435306127,1813.72328911105,1813.72328911105,1813.72328911105
"421","ITEM3CWFANCYFEASTML_Retailer","2022-01-08","Cross","CW FANCY FEAST ML 03OZ 12CT",2,"CW FANCY FEAST ML 03OZ","Wet Cat","CVS Total Corp WO HI",4787.15338838316,2298.64322254874,2298.64322254874,2298.64322254874
"422","ITEM3CWFANCYFEASTML_Retailer","2022-01-15","Cross","CW FANCY FEAST ML 03OZ 12CT",2,"CW FANCY FEAST ML 03OZ","Wet Cat","CVS Total Corp WO HI",11823.2120622294,2198.08790748795,2198.08790748795,2198.08790748795
"423","ITEM3CWFANCYFEASTML_Retailer","2022-01-22","Cross","CW FANCY FEAST ML 03OZ 12CT",2,"CW FANCY FEAST ML 03OZ","Wet Cat","CVS Total Corp WO HI",11925.3304089347,2358.15645762546,2358.15645762546,2358.15645762546
"424","ITEM3CWFANCYFEASTML_Retailer","2022-01-29","Cross","CW FANCY FEAST ML 03OZ 12CT",2,"CW FANCY FEAST ML 03OZ","Wet Cat","CVS Total Corp WO HI",9811.58605068116,1928.85445376793,1928.85445376793,1928.85445376793
"425","ITEM3CWFANCYFEASTML_Retailer","2022-02-05","Cross","CW FANCY FEAST ML 03OZ 12CT",2,"CW FANCY FEAST ML 03OZ","Wet Cat","CVS Total Corp WO HI",3074.53672015113,2074.39291881234,2074.39291881234,2074.39291881234
"426","ITEM3CWFANCYFEASTML_Retailer","2022-02-12","Cross","CW FANCY FEAST ML 03OZ 12CT",2,"CW FANCY FEAST ML 03OZ","Wet Cat","CVS Total Corp WO HI",0,350.771838194523,350.771838194523,350.771838194523
"427","ITEM3CWFANCYFEASTML_Retailer","2022-03-12","Cross","CW FANCY FEAST ML 03OZ 12CT",2,"CW FANCY FEAST ML 03OZ","Wet Cat","CVS Total Corp WO HI",1911.97326806175,151.871378979959,151.871378979959,151.871378979959
"428","ITEM3CWFANCYFEASTML_Retailer","2022-03-19","Cross","CW FANCY FEAST ML 03OZ 12CT",2,"CW FANCY FEAST ML 03OZ","Wet Cat","CVS Total Corp WO HI",7522.66510145735,553.214380799742,553.214380799742,553.214380799742
"429","ITEM3CWFANCYFEASTML_Retailer","2022-05-14","Cross","CW FANCY FEAST ML 03OZ 12CT",2,"CW FANCY FEAST ML 03OZ","Wet Cat","CVS Total Corp WO HI",122.610658779125,8.13576038410247,8.13576038410247,8.13576038410247
"430","ITEM3CWFANCYFEASTML_Retailer","2022-05-28","Cross","CW FANCY FEAST ML 03OZ 12CT",2,"CW FANCY FEAST ML 03OZ","Wet Cat","CVS Total Corp WO HI",614.085455758226,36.4699945119428,36.4699945119428,36.4699945119428
"431","ITEM3CWFANCYFEASTML_Retailer","2022-06-11","Cross","CW FANCY FEAST ML 03OZ 12CT",2,"CW FANCY FEAST ML 03OZ","Wet Cat","CVS Total Corp WO HI",95.7264743513602,5.73745274909743,5.73745274909743,5.73745274909743
"432","ITEM3CWFANCYFEASTML_Retailer","2022-07-23","Cross","CW FANCY FEAST ML 03OZ 12CT",2,"CW FANCY FEAST ML 03OZ","Wet Cat","CVS Total Corp WO HI",3208.20215915151,456.76510819402,456.76510819402,456.76510819402
"433","ITEM3CWFANCYFEASTML_Retailer","2022-07-30","Cross","CW FANCY FEAST ML 03OZ 12CT",2,"CW FANCY FEAST ML 03OZ","Wet Cat","CVS Total Corp WO HI",2030.02472303071,620.445905374836,620.445905374836,620.445905374836
"434","ITEM3CWFANCYFEASTML_Retailer","2022-08-06","Cross","CW FANCY FEAST ML 03OZ 12CT",2,"CW FANCY FEAST ML 03OZ","Wet Cat","CVS Total Corp WO HI",2883.04469966723,339.406263692836,339.406263692836,339.406263692836
"435","ITEM3CWFANCYFEASTML_Retailer","2022-08-13","Cross","CW FANCY FEAST ML 03OZ 12CT",2,"CW FANCY FEAST ML 03OZ","Wet Cat","CVS Total Corp WO HI",0,152.35708293377,152.35708293377,152.35708293377
"436","ITEM3CWFANCYFEASTML_Retailer","2022-08-20","Cross","CW FANCY FEAST ML 03OZ 12CT",2,"CW FANCY FEAST ML 03OZ","Wet Cat","CVS Total Corp WO HI",0,129.077645448117,129.077645448117,129.077645448117
"437","ITEM3CWFANCYFEASTML_Retailer","2022-08-27","Cross","CW FANCY FEAST ML 03OZ 12CT",2,"CW FANCY FEAST ML 03OZ","Wet Cat","CVS Total Corp WO HI",0,102.937007659879,102.937007659879,102.937007659879
"438","ITEM3CWFANCYFEASTML_Retailer","2022-09-03","Cross","CW FANCY FEAST ML 03OZ 12CT",2,"CW FANCY FEAST ML 03OZ","Wet Cat","CVS Total Corp WO HI",0,1666.35263682199,1666.35263682199,1666.35263682199
"439","ITEM3CWFANCYFEASTML_Retailer","2022-09-10","Cross","CW FANCY FEAST ML 03OZ 12CT",2,"CW FANCY FEAST ML 03OZ","Wet Cat","CVS Total Corp WO HI",0,423.439914335195,423.439914335195,423.439914335195
"440","ITEM3CWFANCYFEASTML_Retailer","2022-09-17","Cross","CW FANCY FEAST ML 03OZ 12CT",2,"CW FANCY FEAST ML 03OZ","Wet Cat","CVS Total Corp WO HI",0,15.631549229176,15.631549229176,15.631549229176
"441","ITEM3CWFANCYFEASTML_Retailer","2022-09-24","Cross","CW FANCY FEAST ML 03OZ 12CT",2,"CW FANCY FEAST ML 03OZ","Wet Cat","CVS Total Corp WO HI",0,5.3005779824307,5.3005779824307,5.3005779824307
"442","ITEM3CWFANCYFEASTML_Retailer","2022-10-01","Cross","CW FANCY FEAST ML 03OZ 12CT",2,"CW FANCY FEAST ML 03OZ","Wet Cat","CVS Total Corp WO HI",163.7963572138,9.11461276045884,9.11461276045884,9.11461276045884
"443","ITEM3CWFANCYFEASTML_Retailer","2022-10-08","Cross","CW FANCY FEAST ML 03OZ 12CT",2,"CW FANCY FEAST ML 03OZ","Wet Cat","CVS Total Corp WO HI",0,0.813812491120188,0.813812491120188,0.813812491120188
"444","ITEM3CWFANCYFEASTML_Retailer","2022-10-15","Cross","CW FANCY FEAST ML 03OZ 12CT",2,"CW FANCY FEAST ML 03OZ","Wet Cat","CVS Total Corp WO HI",0,6.69342690298072,6.69342690298072,6.69342690298072
"445","ITEM3CWFANCYFEASTML_Retailer","2022-10-22","Cross","CW FANCY FEAST ML 03OZ 12CT",2,"CW FANCY FEAST ML 03OZ","Wet Cat","CVS Total Corp WO HI",0,11.02505538689,11.02505538689,11.02505538689
"446","ITEM3CWFANCYFEASTML_Retailer","2022-11-05","Cross","CW FANCY FEAST ML 03OZ 12CT",2,"CW FANCY FEAST ML 03OZ","Wet Cat","CVS Total Corp WO HI",0,7.70950759638799,7.70950759638799,7.70950759638799
"447","ITEM3CWFANCYFEASTML_Retailer","2022-11-12","Cross","CW FANCY FEAST ML 03OZ 12CT",2,"CW FANCY FEAST ML 03OZ","Wet Cat","CVS Total Corp WO HI",0,3.01097589732672,3.01097589732672,3.01097589732672
"448","ITEM3CWFANCYFEASTML_Retailer","2022-11-26","Cross","CW FANCY FEAST ML 03OZ 12CT",2,"CW FANCY FEAST ML 03OZ","Wet Cat","CVS Total Corp WO HI",0,44.0279018001602,44.0279018001602,44.0279018001602
"449","ITEM3CWFANCYFEASTML_Retailer","2022-12-03","Cross","CW FANCY FEAST ML 03OZ 12CT",2,"CW FANCY FEAST ML 03OZ","Wet Cat","CVS Total Corp WO HI",52.8470973095062,3.50117960284115,3.50117960284115,3.50117960284115
"450","ITEM3CWFANCYFEASTML_Retailer","2022-12-17","Cross","CW FANCY FEAST ML 03OZ 12CT",2,"CW FANCY FEAST ML 03OZ","Wet Cat","CVS Total Corp WO HI",86.4229142434001,5.57832963632973,5.57832963632973,5.57832963632973
"451","ITEM3CWFANCYFEASTML_Retailer","2022-12-24","Cross","CW FANCY FEAST ML 03OZ 12CT",2,"CW FANCY FEAST ML 03OZ","Wet Cat","CVS Total Corp WO HI",221.397978494953,14.2970041554145,14.2970041554145,14.2970041554145
"452","ITEM3CWFANCYFEASTML_Retailer","2022-12-31","Cross","CW FANCY FEAST ML 03OZ 12CT",2,"CW FANCY FEAST ML 03OZ","Wet Cat","CVS Total Corp WO HI",66.1325423058257,5.25029225678736,5.25029225678736,5.25029225678736
"453","ITEM1MTYDG_Retailer","2021-03-27","Within","Pantry Loading",1,"DW MTY DG 05.5OZ 12CT","Wet Dog","CVS Total Corp WO HI",27.1718831803781,10.0451301740474,NA,NA
"454","ITEM1MTYDG_Retailer","2021-10-02","Within","Pantry Loading",1,"DW MTY DG 05.5OZ 12CT","Wet Dog","CVS Total Corp WO HI",0,4.92861133559236,NA,NA
"455","ITEM1MTYDG_Retailer","2022-02-05","Within","Pantry Loading",1,"DW MTY DG 05.5OZ 12CT","Wet Dog","CVS Total Corp WO HI",3.89038967953162,1.17067659176236,NA,NA
"456","ITEM1MTYDG_Retailer","2022-03-05","Within","Pantry Loading",1,"DW MTY DG 05.5OZ 12CT","Wet Dog","CVS Total Corp WO HI",0,0.874479962773179,NA,NA
"457","ITEM1MTYDG_Retailer","2022-03-12","Within","Pantry Loading",1,"DW MTY DG 05.5OZ 12CT","Wet Dog","CVS Total Corp WO HI",3.05864203002316,0.892117115054461,NA,NA
"458","ITEM1MTYDG_Retailer","2022-03-26","Within","Pantry Loading",1,"DW MTY DG 05.5OZ 12CT","Wet Dog","CVS Total Corp WO HI",0,1.084173057437,NA,NA
"459","ITEM1MTYDG_Retailer","2022-04-02","Within","Pantry Loading",1,"DW MTY DG 05.5OZ 12CT","Wet Dog","CVS Total Corp WO HI",0,0.533048566975808,NA,NA
"460","ITEM1MTYDG_Retailer","2022-04-09","Within","Pantry Loading",1,"DW MTY DG 05.5OZ 12CT","Wet Dog","CVS Total Corp WO HI",0,0.662118347037367,NA,NA
"461","ITEM1MTYDG_Retailer","2022-04-16","Within","Pantry Loading",1,"DW MTY DG 05.5OZ 12CT","Wet Dog","CVS Total Corp WO HI",0,0.972710861885119,NA,NA
"462","ITEM1MTYDG_Retailer","2022-04-23","Within","Pantry Loading",1,"DW MTY DG 05.5OZ 12CT","Wet Dog","CVS Total Corp WO HI",0,0.890316075163575,NA,NA
"463","ITEM1MTYDG_Retailer","2022-04-30","Within","Pantry Loading",1,"DW MTY DG 05.5OZ 12CT","Wet Dog","CVS Total Corp WO HI",0,0.970532575020467,NA,NA
"464","ITEM1MTYDG_Retailer","2022-05-14","Within","Pantry Loading",1,"DW MTY DG 05.5OZ 12CT","Wet Dog","CVS Total Corp WO HI",0,0.861413883962957,NA,NA
"465","ITEM1MTYDG_Retailer","2022-05-21","Within","Pantry Loading",1,"DW MTY DG 05.5OZ 12CT","Wet Dog","CVS Total Corp WO HI",0,0.815912056439142,NA,NA
"466","ITEM1MTYDG_Retailer","2022-06-11","Within","Pantry Loading",1,"DW MTY DG 05.5OZ 12CT","Wet Dog","CVS Total Corp WO HI",2.25766115771341,0.657539285320585,NA,NA
"467","ITEM1MTYDG_Retailer","2022-07-02","Within","Pantry Loading",1,"DW MTY DG 05.5OZ 12CT","Wet Dog","CVS Total Corp WO HI",1.99224457048944,0.664168376506659,NA,NA
"468","ITEM1MTYDG_Retailer","2022-07-09","Within","Pantry Loading",1,"DW MTY DG 05.5OZ 12CT","Wet Dog","CVS Total Corp WO HI",0,0.550538854043328,NA,NA
"469","ITEM1MTYDG_Retailer","2022-07-16","Within","Pantry Loading",1,"DW MTY DG 05.5OZ 12CT","Wet Dog","CVS Total Corp WO HI",0,0.563137696213712,NA,NA
"470","ITEM1MTYDG_Retailer","2022-07-23","Within","Pantry Loading",1,"DW MTY DG 05.5OZ 12CT","Wet Dog","CVS Total Corp WO HI",0,0.564969065805577,NA,NA
"471","ITEM1MTYDG_Retailer","2022-08-06","Within","Pantry Loading",1,"DW MTY DG 05.5OZ 12CT","Wet Dog","CVS Total Corp WO HI",0,0.353114818045842,NA,NA
"472","ITEM1MTYDG_Retailer","2022-08-13","Within","Pantry Loading",1,"DW MTY DG 05.5OZ 12CT","Wet Dog","CVS Total Corp WO HI",1.65851854649652,0.437402494224155,NA,NA
"473","ITEM1MTYDG_Retailer","2022-09-03","Within","Pantry Loading",1,"DW MTY DG 05.5OZ 12CT","Wet Dog","CVS Total Corp WO HI",5.43671926818482,0,NA,NA
"474","ITEM1MTYDG_Retailer","2022-10-08","Within","Pantry Loading",1,"DW MTY DG 05.5OZ 12CT","Wet Dog","CVS Total Corp WO HI",0,0.41707427807685,NA,NA
"475","ITEM1MTYDG_Retailer","2022-10-15","Within","Pantry Loading",1,"DW MTY DG 05.5OZ 12CT","Wet Dog","CVS Total Corp WO HI",0,0.374815632031702,NA,NA
"476","ITEM1MTYDG_Retailer","2022-10-22","Within","Pantry Loading",1,"DW MTY DG 05.5OZ 12CT","Wet Dog","CVS Total Corp WO HI",0,0.164623434367929,NA,NA
"477","ITEM1MTYDG_Retailer","2022-12-10","Within","Pantry Loading",1,"DW MTY DG 05.5OZ 12CT","Wet Dog","CVS Total Corp WO HI",0,0.220076289095138,NA,NA
"478","ITEM1MTYDG_Retailer","2022-12-17","Within","Pantry Loading",1,"DW MTY DG 05.5OZ 12CT","Wet Dog","CVS Total Corp WO HI",0,0.116542490101977,NA,NA
"479","ITEM1MTYDG_Retailer","2022-12-24","Within","Pantry Loading",1,"DW MTY DG 05.5OZ 12CT","Wet Dog","CVS Total Corp WO HI",0,0.144209599846441,NA,NA
"480","ITEM265DOGCHOWML_Retailer","2021-09-04","Within","Pantry Loading",1,"DW DOG CHOW ML 13 OZ","Wet Dog","CVS Total Corp WO HI",722.660225825245,0,NA,NA
"481","ITEM265DOGCHOWML_Retailer","2021-09-11","Within","Pantry Loading",1,"DW DOG CHOW ML 13 OZ","Wet Dog","CVS Total Corp WO HI",992.005765665683,0,NA,NA
"482","ITEM265DOGCHOWML_Retailer","2021-09-18","Within","Pantry Loading",1,"DW DOG CHOW ML 13 OZ","Wet Dog","CVS Total Corp WO HI",715.96763328573,0,NA,NA
"483","ITEM265DOGCHOWML_Retailer","2021-09-25","Within","Pantry Loading",1,"DW DOG CHOW ML 13 OZ","Wet Dog","CVS Total Corp WO HI",934.567319862182,0,NA,NA
"484","ITEM265DOGCHOWML_Retailer","2021-10-02","Within","Pantry Loading",1,"DW DOG CHOW ML 13 OZ","Wet Dog","CVS Total Corp WO HI",1495.02231923063,0,NA,NA
"485","ITEM265DOGCHOWML_Retailer","2022-12-17","Within","Pantry Loading",1,"DW DOG CHOW ML 13 OZ","Wet Dog","CVS Total Corp WO HI",0.522089110407711,0,NA,NA
