"","Cannibal_PPG","Date","box","Cannibalised_PPG","Model_flag","Cannibal_PPG_Description","Category","Retailer","Cannibal_Doll","Cannibal_dollars_on_predicted"
"1","ITEM3CTFRISKIESPARTYMIXCR_Retailer","2021-03-13","Cross","CT FRISKIES PARTY MIX/NAT YUM CR 02.1OZ",2,"CT FRISKIES PARTY MIX/NAT YUM CR 02.1OZ","Cat Treats","Brookshire",0.0657441026340897,0
"2","ITEM3CTFRISKIESPARTYMIXCR_Retailer","2021-04-03","Cross","CT FRISKIES PARTY MIX/NAT YUM CR 02.1OZ",2,"CT FRISKIES PARTY MIX/NAT YUM CR 02.1OZ","Cat Treats","Brookshire",0.322204004605035,0
"3","ITEM3CTFRISKIESPARTYMIXCR_Retailer","2021-04-10","Cross","CT FRISKIES PARTY MIX/NAT YUM CR 02.1OZ",2,"CT FRISKIES PARTY MIX/NAT YUM CR 02.1OZ","Cat Treats","Brookshire",1.03470813667504,0
"4","ITEM3CTFRISKIESPARTYMIXCR_Retailer","2021-05-15","Cross","CT FRISKIES PARTY MIX/NAT YUM CR 02.1OZ",2,"CT FRISKIES PARTY MIX/NAT YUM CR 02.1OZ","Cat Treats","Brookshire",0.988938781387143,0
"5","ITEM3CTFRISKIESPARTYMIXCR_Retailer","2021-07-03","Cross","CT FRISKIES PARTY MIX/NAT YUM CR 02.1OZ",2,"CT FRISKIES PARTY MIX/NAT YUM CR 02.1OZ","Cat Treats","Brookshire",0.415085293655444,0
"6","ITEM3CTFRISKIESPARTYMIXCR_Retailer","2021-08-07","Cross","CT FRISKIES PARTY MIX/NAT YUM CR 02.1OZ",2,"CT FRISKIES PARTY MIX/NAT YUM CR 02.1OZ","Cat Treats","Brookshire",0.283042489881598,0
"7","ITEM3CTFRISKIESPARTYMIXCR_Retailer","2021-08-21","Cross","CT FRISKIES PARTY MIX/NAT YUM CR 02.1OZ",2,"CT FRISKIES PARTY MIX/NAT YUM CR 02.1OZ","Cat Treats","Brookshire",0.482410802465799,0
"8","ITEM3CTFRISKIESPARTYMIXCR_Retailer","2021-08-28","Cross","CT FRISKIES PARTY MIX/NAT YUM CR 02.1OZ",2,"CT FRISKIES PARTY MIX/NAT YUM CR 02.1OZ","Cat Treats","Brookshire",0.380729376400048,0
"9","ITEM3CTFRISKIESPARTYMIXCR_Retailer","2021-10-02","Cross","CT FRISKIES PARTY MIX/NAT YUM CR 02.1OZ",2,"CT FRISKIES PARTY MIX/NAT YUM CR 02.1OZ","Cat Treats","Brookshire",0.520538344111727,0
"10","ITEM3CTFRISKIESPARTYMIXCR_Retailer","2021-10-16","Cross","CT FRISKIES PARTY MIX/NAT YUM CR 02.1OZ",2,"CT FRISKIES PARTY MIX/NAT YUM CR 02.1OZ","Cat Treats","Brookshire",0.646722127735083,0
"11","ITEM3CTFRISKIESPARTYMIXCR_Retailer","2021-11-06","Cross","CT FRISKIES PARTY MIX/NAT YUM CR 02.1OZ",2,"CT FRISKIES PARTY MIX/NAT YUM CR 02.1OZ","Cat Treats","Brookshire",0.554452260123141,0.554452260123141
"12","ITEM3CTFRISKIESPARTYMIXCR_Retailer","2021-11-06","Within","Pantry Loading",2,"CT FRISKIES PARTY MIX/NAT YUM CR 02.1OZ","Cat Treats","Brookshire",124.568684248839,124.568684248839
"13","ITEM3CTFRISKIESPARTYMIXCR_Retailer","2021-11-13","Cross","CT FRISKIES PARTY MIX/NAT YUM CR 02.1OZ",2,"CT FRISKIES PARTY MIX/NAT YUM CR 02.1OZ","Cat Treats","Brookshire",0.78104679238386,0
"14","ITEM3CTFRISKIESPARTYMIXCR_Retailer","2021-11-20","Cross","CT FRISKIES PARTY MIX/NAT YUM CR 02.1OZ",2,"CT FRISKIES PARTY MIX/NAT YUM CR 02.1OZ","Cat Treats","Brookshire",0,0.00574008824221641
"15","ITEM3CTFRISKIESPARTYMIXCR_Retailer","2021-11-20","Within","Pantry Loading",2,"CT FRISKIES PARTY MIX/NAT YUM CR 02.1OZ","Cat Treats","Brookshire",0,0.247249958666291
"16","ITEM3CTFRISKIESPARTYMIXCR_Retailer","2021-11-27","Cross","CT FRISKIES PARTY MIX/NAT YUM CR 02.1OZ",2,"CT FRISKIES PARTY MIX/NAT YUM CR 02.1OZ","Cat Treats","Brookshire",0.415959902106434,0.0336200815025171
"17","ITEM3CTFRISKIESPARTYMIXCR_Retailer","2021-11-27","Within","Pantry Loading",2,"CT FRISKIES PARTY MIX/NAT YUM CR 02.1OZ","Cat Treats","Brookshire",30.9722032508134,2.50333744270002
"18","ITEM3CTFRISKIESPARTYMIXCR_Retailer","2021-12-04","Cross","CT FRISKIES PARTY MIX/NAT YUM CR 02.1OZ",2,"CT FRISKIES PARTY MIX/NAT YUM CR 02.1OZ","Cat Treats","Brookshire",0,0.0144217532767306
"19","ITEM3CTFRISKIESPARTYMIXCR_Retailer","2021-12-04","Within","Pantry Loading",2,"CT FRISKIES PARTY MIX/NAT YUM CR 02.1OZ","Cat Treats","Brookshire",0,0.888451493402334
"20","ITEM3CTFRISKIESPARTYMIXCR_Retailer","2021-12-11","Cross","CT FRISKIES PARTY MIX/NAT YUM CR 02.1OZ",2,"CT FRISKIES PARTY MIX/NAT YUM CR 02.1OZ","Cat Treats","Brookshire",0.314934237482167,0.00458411295432345
"21","ITEM3CTFRISKIESPARTYMIXCR_Retailer","2021-12-11","Within","Pantry Loading",2,"CT FRISKIES PARTY MIX/NAT YUM CR 02.1OZ","Cat Treats","Brookshire",17.6023273091169,0.256215574683377
"22","ITEM3CTFRISKIESPARTYMIXCR_Retailer","2021-12-18","Cross","CT FRISKIES PARTY MIX/NAT YUM CR 02.1OZ",2,"CT FRISKIES PARTY MIX/NAT YUM CR 02.1OZ","Cat Treats","Brookshire",0.656315849125916,0
"23","ITEM3CTFRISKIESPARTYMIXCR_Retailer","2021-12-18","Within","Pantry Loading",2,"CT FRISKIES PARTY MIX/NAT YUM CR 02.1OZ","Cat Treats","Brookshire",30.7470727832518,0
"24","ITEM3CTFRISKIESPARTYMIXCR_Retailer","2021-12-25","Cross","CT FRISKIES PARTY MIX/NAT YUM CR 02.1OZ",2,"CT FRISKIES PARTY MIX/NAT YUM CR 02.1OZ","Cat Treats","Brookshire",0,0.022975360963274
"25","ITEM3CTFRISKIESPARTYMIXCR_Retailer","2021-12-25","Within","Pantry Loading",2,"CT FRISKIES PARTY MIX/NAT YUM CR 02.1OZ","Cat Treats","Brookshire",0,8.77278576899428
"26","ITEM3CTFRISKIESPARTYMIXCR_Retailer","2022-01-01","Within","Pantry Loading",2,"CT FRISKIES PARTY MIX/NAT YUM CR 02.1OZ","Cat Treats","Brookshire",28.7145427145673,18.5460042719701
"27","ITEM3CTFRISKIESPARTYMIXCR_Retailer","2022-01-08","Cross","CT FRISKIES PARTY MIX/NAT YUM CR 02.1OZ",2,"CT FRISKIES PARTY MIX/NAT YUM CR 02.1OZ","Cat Treats","Brookshire",8.25914535924564,0
"28","ITEM3CTFRISKIESPARTYMIXCR_Retailer","2022-01-15","Cross","CT FRISKIES PARTY MIX/NAT YUM CR 02.1OZ",2,"CT FRISKIES PARTY MIX/NAT YUM CR 02.1OZ","Cat Treats","Brookshire",10.2440681508288,0
"29","ITEM3CTFRISKIESPARTYMIXCR_Retailer","2022-01-22","Cross","CT FRISKIES PARTY MIX/NAT YUM CR 02.1OZ",2,"CT FRISKIES PARTY MIX/NAT YUM CR 02.1OZ","Cat Treats","Brookshire",8.85111562389657,0
"30","ITEM3CTFRISKIESPARTYMIXCR_Retailer","2022-01-29","Cross","CT FRISKIES PARTY MIX/NAT YUM CR 02.1OZ",2,"CT FRISKIES PARTY MIX/NAT YUM CR 02.1OZ","Cat Treats","Brookshire",8.89783754435279,0
"31","ITEM3CTFRISKIESPARTYMIXCR_Retailer","2022-02-05","Cross","CT FRISKIES PARTY MIX/NAT YUM CR 02.1OZ",2,"CT FRISKIES PARTY MIX/NAT YUM CR 02.1OZ","Cat Treats","Brookshire",7.96460055435128,0
"32","ITEM3CTFRISKIESPARTYMIXCR_Retailer","2022-02-12","Cross","CT FRISKIES PARTY MIX/NAT YUM CR 02.1OZ",2,"CT FRISKIES PARTY MIX/NAT YUM CR 02.1OZ","Cat Treats","Brookshire",6.6452927205815,0
"33","ITEM3CTFRISKIESPARTYMIXCR_Retailer","2022-02-19","Cross","CT FRISKIES PARTY MIX/NAT YUM CR 02.1OZ",2,"CT FRISKIES PARTY MIX/NAT YUM CR 02.1OZ","Cat Treats","Brookshire",2.11173274698874,0
"34","ITEM3CTFRISKIESPARTYMIXCR_Retailer","2022-04-02","Cross","CT FRISKIES PARTY MIX/NAT YUM CR 02.1OZ",2,"CT FRISKIES PARTY MIX/NAT YUM CR 02.1OZ","Cat Treats","Brookshire",0.533097333833976,0
"35","ITEM3CTFRISKIESPARTYMIXCR_Retailer","2022-04-23","Cross","CT FRISKIES PARTY MIX/NAT YUM CR 02.1OZ",2,"CT FRISKIES PARTY MIX/NAT YUM CR 02.1OZ","Cat Treats","Brookshire",0.700554590541595,0
"36","ITEM3CTFRISKIESPARTYMIXCR_Retailer","2022-04-30","Cross","CT FRISKIES PARTY MIX/NAT YUM CR 02.1OZ",2,"CT FRISKIES PARTY MIX/NAT YUM CR 02.1OZ","Cat Treats","Brookshire",0.922643912962099,0
"37","ITEM3CTFRISKIESPARTYMIXCR_Retailer","2022-05-14","Cross","CT FRISKIES PARTY MIX/NAT YUM CR 02.1OZ",2,"CT FRISKIES PARTY MIX/NAT YUM CR 02.1OZ","Cat Treats","Brookshire",0.387625227408275,0
"38","ITEM3CTFRISKIESPARTYMIXCR_Retailer","2022-05-21","Cross","CT FRISKIES PARTY MIX/NAT YUM CR 02.1OZ",2,"CT FRISKIES PARTY MIX/NAT YUM CR 02.1OZ","Cat Treats","Brookshire",0.499012682949481,0
"39","ITEM3CTFRISKIESPARTYMIXCR_Retailer","2022-05-28","Cross","CT FRISKIES PARTY MIX/NAT YUM CR 02.1OZ",2,"CT FRISKIES PARTY MIX/NAT YUM CR 02.1OZ","Cat Treats","Brookshire",0.735929748291331,0
"40","ITEM3CTFRISKIESPARTYMIXCR_Retailer","2022-06-04","Cross","CT FRISKIES PARTY MIX/NAT YUM CR 02.1OZ",2,"CT FRISKIES PARTY MIX/NAT YUM CR 02.1OZ","Cat Treats","Brookshire",0.773923656541615,0
"41","ITEM3CTFRISKIESPARTYMIXCR_Retailer","2022-06-11","Cross","CT FRISKIES PARTY MIX/NAT YUM CR 02.1OZ",2,"CT FRISKIES PARTY MIX/NAT YUM CR 02.1OZ","Cat Treats","Brookshire",0.638950293060783,0
"42","ITEM3CTFRISKIESPARTYMIXCR_Retailer","2022-06-18","Cross","CT FRISKIES PARTY MIX/NAT YUM CR 02.1OZ",2,"CT FRISKIES PARTY MIX/NAT YUM CR 02.1OZ","Cat Treats","Brookshire",0.723403550914832,0
"43","ITEM3CTFRISKIESPARTYMIXCR_Retailer","2022-06-25","Cross","CT FRISKIES PARTY MIX/NAT YUM CR 02.1OZ",2,"CT FRISKIES PARTY MIX/NAT YUM CR 02.1OZ","Cat Treats","Brookshire",0.865403566078229,0
"44","ITEM3CTFRISKIESPARTYMIXCR_Retailer","2022-07-02","Cross","CT FRISKIES PARTY MIX/NAT YUM CR 02.1OZ",2,"CT FRISKIES PARTY MIX/NAT YUM CR 02.1OZ","Cat Treats","Brookshire",0.301741611180787,0
"45","ITEM3CTFRISKIESPARTYMIXCR_Retailer","2022-10-01","Cross","CT FRISKIES PARTY MIX/NAT YUM CR 02.1OZ",2,"CT FRISKIES PARTY MIX/NAT YUM CR 02.1OZ","Cat Treats","Brookshire",0.174937336072804,0
"46","ITEM3CTFRISKIESPARTYMIXCR_Retailer","2022-10-08","Cross","CT FRISKIES PARTY MIX/NAT YUM CR 02.1OZ",2,"CT FRISKIES PARTY MIX/NAT YUM CR 02.1OZ","Cat Treats","Brookshire",0.533576414032752,0
"47","ITEM3CTFRISKIESPARTYMIXCR_Retailer","2022-11-26","Cross","CT FRISKIES PARTY MIX/NAT YUM CR 02.1OZ",2,"CT FRISKIES PARTY MIX/NAT YUM CR 02.1OZ","Cat Treats","Brookshire",0.306540316829869,0
"48","ITEM3CTFRISKIESPARTYMIXCR_Retailer","2022-12-10","Cross","CT FRISKIES PARTY MIX/NAT YUM CR 02.1OZ",2,"CT FRISKIES PARTY MIX/NAT YUM CR 02.1OZ","Cat Treats","Brookshire",4.20331984612452,0
"49","ITEM3CTFRISKIESPARTYMIXCR_Retailer","2022-12-17","Cross","CT FRISKIES PARTY MIX/NAT YUM CR 02.1OZ",2,"CT FRISKIES PARTY MIX/NAT YUM CR 02.1OZ","Cat Treats","Brookshire",0.407811860821023,0.0495188401942934
"50","ITEM3CTFRISKIESPARTYMIXCR_Retailer","2022-12-17","Within","Pantry Loading",2,"CT FRISKIES PARTY MIX/NAT YUM CR 02.1OZ","Cat Treats","Brookshire",19.3649434766285,2.35140179459258
"51","ITEM3CTFRISKIESPARTYMIXCR_Retailer","2022-12-24","Cross","CT FRISKIES PARTY MIX/NAT YUM CR 02.1OZ",2,"CT FRISKIES PARTY MIX/NAT YUM CR 02.1OZ","Cat Treats","Brookshire",0.367826577035621,0.367826577035621
"52","ITEM3CTFRISKIESPARTYMIXCR_Retailer","2022-12-31","Cross","CT FRISKIES PARTY MIX/NAT YUM CR 02.1OZ",2,"CT FRISKIES PARTY MIX/NAT YUM CR 02.1OZ","Cat Treats","Brookshire",0.25818899262795,0.25818899262795
"53","ITEM5CTFRISKIESPARTYMIXCR_Retailer","2022-12-17","Within","Pantry Loading",2,"CT FRISKIES PARTY MIX/NAT YUM CR 06OZ","Cat Treats","Brookshire",27.0561431759434,0
"54","ITEM19BEGGINMT_Retailer","2021-11-06","Within","Pantry Loading",2,"DT BEGGIN MT 06OZ","Dog Treats","Brookshire",355.272175309952,355.272175309952
"55","ITEM311PIONEERWOMANMT_Retailer","2021-03-27","Within","Pantry Loading",1,"DT PIONEER WOMAN MT 05OZ","Dog Treats","Brookshire",0,111.593820329091
"56","ITEM311PIONEERWOMANMT_Retailer","2021-04-03","Within","Pantry Loading",1,"DT PIONEER WOMAN MT 05OZ","Dog Treats","Brookshire",100.670079835613,100.670079835613
"57","ITEM311PIONEERWOMANMT_Retailer","2021-05-29","Within","Pantry Loading",1,"DT PIONEER WOMAN MT 05OZ","Dog Treats","Brookshire",0,123.270035377129
"58","ITEM311PIONEERWOMANMT_Retailer","2021-06-05","Within","Pantry Loading",1,"DT PIONEER WOMAN MT 05OZ","Dog Treats","Brookshire",0,92.3766395562946
"59","ITEM311PIONEERWOMANMT_Retailer","2021-06-12","Within","Pantry Loading",1,"DT PIONEER WOMAN MT 05OZ","Dog Treats","Brookshire",133.527926947824,133.527926947824
"60","ITEM311PIONEERWOMANMT_Retailer","2021-06-19","Within","Pantry Loading",1,"DT PIONEER WOMAN MT 05OZ","Dog Treats","Brookshire",45.9274597480708,45.9274597480708
"61","ITEM311PIONEERWOMANMT_Retailer","2021-06-26","Within","Pantry Loading",1,"DT PIONEER WOMAN MT 05OZ","Dog Treats","Brookshire",114.898373501856,114.898373501856
"62","ITEM311PIONEERWOMANMT_Retailer","2021-07-03","Within","Pantry Loading",1,"DT PIONEER WOMAN MT 05OZ","Dog Treats","Brookshire",140.49745466412,58.2862683005992
"63","ITEM311PIONEERWOMANMT_Retailer","2021-07-10","Within","Pantry Loading",1,"DT PIONEER WOMAN MT 05OZ","Dog Treats","Brookshire",72.1758301427612,72.1758301427612
"64","ITEM311PIONEERWOMANMT_Retailer","2021-12-18","Within","Pantry Loading",1,"DT PIONEER WOMAN MT 05OZ","Dog Treats","Brookshire",3.37486019309611,3.37486019309611
"65","ITEM311PIONEERWOMANMT_Retailer","2022-01-01","Within","Pantry Loading",1,"DT PIONEER WOMAN MT 05OZ","Dog Treats","Brookshire",3.55448870299161,3.55448870299161
"66","ITEM311PIONEERWOMANMT_Retailer","2022-01-08","Within","Pantry Loading",1,"DT PIONEER WOMAN MT 05OZ","Dog Treats","Brookshire",5.33683330621416,4.75499630220002
"67","ITEM311PIONEERWOMANMT_Retailer","2022-01-15","Within","Pantry Loading",1,"DT PIONEER WOMAN MT 05OZ","Dog Treats","Brookshire",11.7313352806528,11.7313352806528
"68","ITEM311PIONEERWOMANMT_Retailer","2022-01-22","Within","Pantry Loading",1,"DT PIONEER WOMAN MT 05OZ","Dog Treats","Brookshire",13.2327802394535,13.2327802394535
"69","ITEM311PIONEERWOMANMT_Retailer","2022-01-29","Within","Pantry Loading",1,"DT PIONEER WOMAN MT 05OZ","Dog Treats","Brookshire",12.4058431403483,12.4058431403483
"70","ITEM311PIONEERWOMANMT_Retailer","2022-02-05","Within","Pantry Loading",1,"DT PIONEER WOMAN MT 05OZ","Dog Treats","Brookshire",8.57022548659343,8.57022548659343
"71","ITEM311PIONEERWOMANMT_Retailer","2022-02-12","Within","Pantry Loading",1,"DT PIONEER WOMAN MT 05OZ","Dog Treats","Brookshire",6.73471032717964,6.73471032717964
"72","ITEM311PIONEERWOMANMT_Retailer","2022-02-19","Within","Pantry Loading",1,"DT PIONEER WOMAN MT 05OZ","Dog Treats","Brookshire",3.87754877581564,0
"73","ITEM311PIONEERWOMANMT_Retailer","2022-02-26","Within","Pantry Loading",1,"DT PIONEER WOMAN MT 05OZ","Dog Treats","Brookshire",2.4491329454113,0
"74","ITEM311PIONEERWOMANMT_Retailer","2022-03-19","Within","Pantry Loading",1,"DT PIONEER WOMAN MT 05OZ","Dog Treats","Brookshire",2.19265016363276,0
"75","ITEM311PIONEERWOMANMT_Retailer","2022-04-02","Within","Pantry Loading",1,"DT PIONEER WOMAN MT 05OZ","Dog Treats","Brookshire",1.33031232658761,0
"76","ITEM311PIONEERWOMANMT_Retailer","2022-04-09","Within","Pantry Loading",1,"DT PIONEER WOMAN MT 05OZ","Dog Treats","Brookshire",2.92442193353605,0
"77","ITEM311PIONEERWOMANMT_Retailer","2022-04-30","Within","Pantry Loading",1,"DT PIONEER WOMAN MT 05OZ","Dog Treats","Brookshire",1.47477953403482,0
"78","ITEM311PIONEERWOMANMT_Retailer","2022-05-07","Within","Pantry Loading",1,"DT PIONEER WOMAN MT 05OZ","Dog Treats","Brookshire",1.55425535420335,0
"79","ITEM311PIONEERWOMANMT_Retailer","2022-06-04","Within","Pantry Loading",1,"DT PIONEER WOMAN MT 05OZ","Dog Treats","Brookshire",1.76606932908763,0
"80","ITEM445BUSYCW_Retailer","2022-02-12","Within","Pantry Loading",2,"DT BUSY CW 06.5-7OZ","Dog Treats","Brookshire",89.1548187478366,89.1548187478366
"81","ITEM461PURINAONETRUEINSTMT_Retailer","2021-12-25","Within","Pantry Loading",1,"DT PURINA ONE TRUE INST MT 07OZ","Dog Treats","Brookshire",0.397796133029121,0.397796133029121
"82","ITEM461PURINAONETRUEINSTMT_Retailer","2022-01-01","Within","Pantry Loading",1,"DT PURINA ONE TRUE INST MT 07OZ","Dog Treats","Brookshire",0.493574883097584,0.493574883097584
"83","ITEM461PURINAONETRUEINSTMT_Retailer","2022-01-08","Within","Pantry Loading",1,"DT PURINA ONE TRUE INST MT 07OZ","Dog Treats","Brookshire",0.726658300770953,0.726658300770953
"84","ITEM461PURINAONETRUEINSTMT_Retailer","2022-01-15","Within","Pantry Loading",1,"DT PURINA ONE TRUE INST MT 07OZ","Dog Treats","Brookshire",1.41081426521209,0
"85","ITEM461PURINAONETRUEINSTMT_Retailer","2022-01-22","Within","Pantry Loading",1,"DT PURINA ONE TRUE INST MT 07OZ","Dog Treats","Brookshire",1.54051403675123,0
"86","ITEM461PURINAONETRUEINSTMT_Retailer","2022-01-29","Within","Pantry Loading",1,"DT PURINA ONE TRUE INST MT 07OZ","Dog Treats","Brookshire",0.996639717982886,0
"87","ITEM461PURINAONETRUEINSTMT_Retailer","2022-02-05","Within","Pantry Loading",1,"DT PURINA ONE TRUE INST MT 07OZ","Dog Treats","Brookshire",2.18419747386889,0
"88","ITEM461PURINAONETRUEINSTMT_Retailer","2022-02-12","Within","Pantry Loading",1,"DT PURINA ONE TRUE INST MT 07OZ","Dog Treats","Brookshire",0.908578614387785,0
"89","ITEM461PURINAONETRUEINSTMT_Retailer","2022-02-19","Within","Pantry Loading",1,"DT PURINA ONE TRUE INST MT 07OZ","Dog Treats","Brookshire",0.85815869033772,0
"90","ITEM461PURINAONETRUEINSTMT_Retailer","2022-03-12","Within","Pantry Loading",1,"DT PURINA ONE TRUE INST MT 07OZ","Dog Treats","Brookshire",0.567662636324479,0
"91","ITEM461PURINAONETRUEINSTMT_Retailer","2022-03-19","Within","Pantry Loading",1,"DT PURINA ONE TRUE INST MT 07OZ","Dog Treats","Brookshire",0.602036176971587,0
"92","ITEM461PURINAONETRUEINSTMT_Retailer","2022-04-02","Within","Pantry Loading",1,"DT PURINA ONE TRUE INST MT 07OZ","Dog Treats","Brookshire",0.607884735150401,0
"93","ITEM555PRIMEBONESCW_Retailer","2021-01-23","Within","Pantry Loading",2,"DT PRIME BONES CW 09.7-11.5OZ","Dog Treats","Brookshire",61.8546731069797,64.3923749680756
"94","ITEM555PRIMEBONESCW_Retailer","2021-03-20","Within","Pantry Loading",2,"DT PRIME BONES CW 09.7-11.5OZ","Dog Treats","Brookshire",73.6214419146903,73.6214419146903
"95","ITEM555PRIMEBONESCW_Retailer","2021-03-27","Within","Pantry Loading",2,"DT PRIME BONES CW 09.7-11.5OZ","Dog Treats","Brookshire",104.922876279735,104.922876279735
"96","ITEM555PRIMEBONESCW_Retailer","2021-04-03","Within","Pantry Loading",2,"DT PRIME BONES CW 09.7-11.5OZ","Dog Treats","Brookshire",77.1912560540189,77.1912560540189
"97","ITEM555PRIMEBONESCW_Retailer","2021-04-24","Within","Pantry Loading",2,"DT PRIME BONES CW 09.7-11.5OZ","Dog Treats","Brookshire",0,61.5948972177316
"98","ITEM555PRIMEBONESCW_Retailer","2021-12-18","Within","Pantry Loading",2,"DT PRIME BONES CW 09.7-11.5OZ","Dog Treats","Brookshire",38.8720878368657,38.8720878368657
"99","ITEM555PRIMEBONESCW_Retailer","2022-01-15","Within","Pantry Loading",2,"DT PRIME BONES CW 09.7-11.5OZ","Dog Treats","Brookshire",54.2479522644411,54.2479522644411
"100","ITEM555PRIMEBONESCW_Retailer","2022-01-22","Within","Pantry Loading",2,"DT PRIME BONES CW 09.7-11.5OZ","Dog Treats","Brookshire",73.7167150574819,73.7167150574819
"101","ITEM555PRIMEBONESCW_Retailer","2022-01-29","Within","Pantry Loading",2,"DT PRIME BONES CW 09.7-11.5OZ","Dog Treats","Brookshire",148.035659165237,148.035659165237
"102","ITEM555PRIMEBONESCW_Retailer","2022-02-05","Within","Pantry Loading",2,"DT PRIME BONES CW 09.7-11.5OZ","Dog Treats","Brookshire",56.2771640890357,56.2771640890357
"103","ITEM555PRIMEBONESCW_Retailer","2022-02-12","Within","Pantry Loading",2,"DT PRIME BONES CW 09.7-11.5OZ","Dog Treats","Brookshire",55.0633149451596,55.0633149451596
"104","ITEM555PRIMEBONESCW_Retailer","2022-02-19","Within","Pantry Loading",2,"DT PRIME BONES CW 09.7-11.5OZ","Dog Treats","Brookshire",18.4624672138391,18.4624672138391
"105","ITEM555PRIMEBONESCW_Retailer","2022-02-26","Within","Pantry Loading",2,"DT PRIME BONES CW 09.7-11.5OZ","Dog Treats","Brookshire",15.9953704425198,15.9953704425198
"106","ITEM555PRIMEBONESCW_Retailer","2022-03-19","Within","Pantry Loading",2,"DT PRIME BONES CW 09.7-11.5OZ","Dog Treats","Brookshire",35.5738488605239,35.5738488605239
"107","ITEM555PRIMEBONESCW_Retailer","2022-04-23","Within","Pantry Loading",2,"DT PRIME BONES CW 09.7-11.5OZ","Dog Treats","Brookshire",0,20.1841152114669
"108","ITEM555PRIMEBONESCW_Retailer","2022-05-14","Within","Pantry Loading",2,"DT PRIME BONES CW 09.7-11.5OZ","Dog Treats","Brookshire",0,21.7957311055931
"109","ITEM56BUSYROLLHIDECW_Retailer","2022-02-12","Cross","DT BUSY ROLLHIDE CW 04-6OZ",2,"DT BUSY ROLLHIDE CW 04-6OZ","Dog Treats","Brookshire",7.12040438999719,7.12040438999719
"110","ITEM56BUSYROLLHIDECW_Retailer","2022-12-10","Cross","DT BUSY ROLLHIDE CW 04-6OZ",2,"DT BUSY ROLLHIDE CW 04-6OZ","Dog Treats","Brookshire",2.66467490196339,2.66467490196339
"111","ITEM56BUSYROLLHIDECW_Retailer","2022-12-17","Cross","DT BUSY ROLLHIDE CW 04-6OZ",2,"DT BUSY ROLLHIDE CW 04-6OZ","Dog Treats","Brookshire",4.67535637771678,4.67535637771678
"112","ITEM56BUSYROLLHIDECW_Retailer","2022-12-24","Cross","DT BUSY ROLLHIDE CW 04-6OZ",2,"DT BUSY ROLLHIDE CW 04-6OZ","Dog Treats","Brookshire",5.32712587718569,5.32712587718569
"113","ITEM623DTBUSYWRAPSCW_Retailer","2022-02-12","Within","Pantry Loading",2,"DT BUSY WRAPS CW 07.8OZ","Dog Treats","Brookshire",131.711501949769,131.711501949769
"114","ITEM623DTBUSYWRAPSCW_Retailer","2022-09-03","Within","Pantry Loading",2,"DT BUSY WRAPS CW 07.8OZ","Dog Treats","Brookshire",42.2325387732872,42.2325387732872
"115","ITEM63BUSYTWISTEDCW_Retailer","2022-01-08","Within","Pantry Loading",2,"DT BUSY TWISTED CW 05.3-7OZ","Dog Treats","Brookshire",54.8109496196093,54.8109496196093
"116","ITEM63BUSYTWISTEDCW_Retailer","2022-01-15","Within","Pantry Loading",2,"DT BUSY TWISTED CW 05.3-7OZ","Dog Treats","Brookshire",142.999303596771,142.999303596771
"117","ITEM63BUSYTWISTEDCW_Retailer","2022-01-22","Within","Pantry Loading",2,"DT BUSY TWISTED CW 05.3-7OZ","Dog Treats","Brookshire",110.088423977457,116.514226748414
"118","ITEM63BUSYTWISTEDCW_Retailer","2022-01-29","Within","Pantry Loading",2,"DT BUSY TWISTED CW 05.3-7OZ","Dog Treats","Brookshire",97.3512941537114,140.9870821365
"119","ITEM63BUSYTWISTEDCW_Retailer","2022-02-05","Within","Pantry Loading",2,"DT BUSY TWISTED CW 05.3-7OZ","Dog Treats","Brookshire",103.928718307332,55.5466665548634
"120","ITEM63BUSYTWISTEDCW_Retailer","2022-02-12","Within","Pantry Loading",2,"DT BUSY TWISTED CW 05.3-7OZ","Dog Treats","Brookshire",162.58688503052,162.58688503052
"121","ITEM63BUSYTWISTEDCW_Retailer","2022-04-09","Within","Pantry Loading",2,"DT BUSY TWISTED CW 05.3-7OZ","Dog Treats","Brookshire",0,27.9043733809184
"122","ITEM63BUSYTWISTEDCW_Retailer","2022-07-02","Within","Pantry Loading",2,"DT BUSY TWISTED CW 05.3-7OZ","Dog Treats","Brookshire",100.083450670266,100.083450670266
"123","ITEM63BUSYTWISTEDCW_Retailer","2022-07-09","Within","Pantry Loading",2,"DT BUSY TWISTED CW 05.3-7OZ","Dog Treats","Brookshire",74.5639528312627,74.5639528312627
"124","ITEM63BUSYTWISTEDCW_Retailer","2022-12-03","Within","Pantry Loading",2,"DT BUSY TWISTED CW 05.3-7OZ","Dog Treats","Brookshire",0,40.6032226317783
"125","ITEM3769KITKABOODLE_Retailer","2021-01-09","Cross","DC CAT/KITTEN CHOW 03.2LB",2,"DC KIT KABOODLE 22LB","Dry Cat","Brookshire",0,0.568242583224446
"126","ITEM3769KITKABOODLE_Retailer","2021-01-23","Cross","DC CAT/KITTEN CHOW 03.2LB",2,"DC KIT KABOODLE 22LB","Dry Cat","Brookshire",1.5787939991221,0.740561315066998
"127","ITEM3769KITKABOODLE_Retailer","2021-01-30","Cross","DC CAT/KITTEN CHOW 03.2LB",2,"DC KIT KABOODLE 22LB","Dry Cat","Brookshire",3.18725742632277,3.18725742632277
"128","ITEM3769KITKABOODLE_Retailer","2021-02-06","Cross","DC CAT/KITTEN CHOW 03.2LB",2,"DC KIT KABOODLE 22LB","Dry Cat","Brookshire",4.54562123123898,4.54562123123898
"129","ITEM3769KITKABOODLE_Retailer","2021-02-13","Cross","DC CAT/KITTEN CHOW 03.2LB",2,"DC KIT KABOODLE 22LB","Dry Cat","Brookshire",10.0917064376292,10.0917064376292
"130","ITEM3769KITKABOODLE_Retailer","2021-02-20","Cross","DC CAT/KITTEN CHOW 03.2LB",2,"DC KIT KABOODLE 22LB","Dry Cat","Brookshire",8.56938820592155,8.56938820592155
"131","ITEM3769KITKABOODLE_Retailer","2021-02-27","Cross","DC CAT/KITTEN CHOW 03.2LB",2,"DC KIT KABOODLE 22LB","Dry Cat","Brookshire",7.98895547762049,7.98895547762049
"132","ITEM3769KITKABOODLE_Retailer","2021-03-06","Cross","DC CAT/KITTEN CHOW 03.2LB",2,"DC KIT KABOODLE 22LB","Dry Cat","Brookshire",7.41741913958863,7.41741913958863
"133","ITEM3769KITKABOODLE_Retailer","2021-03-13","Cross","DC CAT/KITTEN CHOW 03.2LB",2,"DC KIT KABOODLE 22LB","Dry Cat","Brookshire",0,2.71097463659271
"134","ITEM3769KITKABOODLE_Retailer","2021-03-20","Cross","DC CAT/KITTEN CHOW 03.2LB",2,"DC KIT KABOODLE 22LB","Dry Cat","Brookshire",0,1.00084364912254
"135","ITEM3769KITKABOODLE_Retailer","2021-03-27","Cross","DC CAT/KITTEN CHOW 03.2LB",2,"DC KIT KABOODLE 22LB","Dry Cat","Brookshire",0,1.15458783776788
"136","ITEM3769KITKABOODLE_Retailer","2021-04-03","Cross","DC CAT/KITTEN CHOW 03.2LB",2,"DC KIT KABOODLE 22LB","Dry Cat","Brookshire",3.136526986022,2.53716465348361
"137","ITEM3769KITKABOODLE_Retailer","2021-04-10","Cross","DC CAT/KITTEN CHOW 03.2LB",2,"DC KIT KABOODLE 22LB","Dry Cat","Brookshire",3.4247273664472,3.19763151355164
"138","ITEM3769KITKABOODLE_Retailer","2021-04-17","Cross","DC CAT/KITTEN CHOW 03.2LB",2,"DC KIT KABOODLE 22LB","Dry Cat","Brookshire",0.43776847675126,0.371437038445492
"139","ITEM3769KITKABOODLE_Retailer","2021-05-15","Cross","DC CAT/KITTEN CHOW 03.2LB",2,"DC KIT KABOODLE 22LB","Dry Cat","Brookshire",0,5.56573158374958
"140","ITEM3769KITKABOODLE_Retailer","2021-05-22","Cross","DC CAT/KITTEN CHOW 03.2LB",2,"DC KIT KABOODLE 22LB","Dry Cat","Brookshire",0,0.542672130928005
"141","ITEM3769KITKABOODLE_Retailer","2021-05-29","Cross","DC CAT/KITTEN CHOW 03.2LB",2,"DC KIT KABOODLE 22LB","Dry Cat","Brookshire",0,5.85802158016577
"142","ITEM3769KITKABOODLE_Retailer","2021-06-05","Cross","DC CAT/KITTEN CHOW 03.2LB",2,"DC KIT KABOODLE 22LB","Dry Cat","Brookshire",1.78587569361045,1.78587569361045
"143","ITEM3769KITKABOODLE_Retailer","2021-06-12","Cross","DC CAT/KITTEN CHOW 03.2LB",2,"DC KIT KABOODLE 22LB","Dry Cat","Brookshire",0,2.42220992740795
"144","ITEM3769KITKABOODLE_Retailer","2021-06-19","Cross","DC CAT/KITTEN CHOW 03.2LB",2,"DC KIT KABOODLE 22LB","Dry Cat","Brookshire",0,2.10978820267474
"145","ITEM3769KITKABOODLE_Retailer","2021-07-10","Cross","DC CAT/KITTEN CHOW 03.2LB",2,"DC KIT KABOODLE 22LB","Dry Cat","Brookshire",0,4.8000040174652
"146","ITEM3769KITKABOODLE_Retailer","2021-07-31","Cross","DC CAT/KITTEN CHOW 03.2LB",2,"DC KIT KABOODLE 22LB","Dry Cat","Brookshire",0,8.04345458928006
"147","ITEM3769KITKABOODLE_Retailer","2021-08-07","Cross","DC CAT/KITTEN CHOW 03.2LB",2,"DC KIT KABOODLE 22LB","Dry Cat","Brookshire",0.840402364052554,0.840402364052554
"148","ITEM3769KITKABOODLE_Retailer","2021-08-21","Cross","DC CAT/KITTEN CHOW 03.2LB",2,"DC KIT KABOODLE 22LB","Dry Cat","Brookshire",2.50167128155797,2.50167128155797
"149","ITEM3769KITKABOODLE_Retailer","2021-08-28","Cross","DC CAT/KITTEN CHOW 03.2LB",2,"DC KIT KABOODLE 22LB","Dry Cat","Brookshire",2.80599231034503,2.80599231034503
"150","ITEM3769KITKABOODLE_Retailer","2021-09-04","Cross","DC CAT/KITTEN CHOW 03.2LB",2,"DC KIT KABOODLE 22LB","Dry Cat","Brookshire",8.66849585364577,8.66849585364577
"151","ITEM3769KITKABOODLE_Retailer","2021-09-11","Cross","DC CAT/KITTEN CHOW 03.2LB",2,"DC KIT KABOODLE 22LB","Dry Cat","Brookshire",4.88316074254447,3.5281003378127
"152","ITEM3769KITKABOODLE_Retailer","2021-09-18","Cross","DC CAT/KITTEN CHOW 03.2LB",2,"DC KIT KABOODLE 22LB","Dry Cat","Brookshire",0,1.74228076801728
"153","ITEM3769KITKABOODLE_Retailer","2021-10-02","Cross","DC CAT/KITTEN CHOW 03.2LB",2,"DC KIT KABOODLE 22LB","Dry Cat","Brookshire",3.91149757193989,6.55316500815084
"154","ITEM3769KITKABOODLE_Retailer","2021-10-09","Cross","DC CAT/KITTEN CHOW 03.2LB",2,"DC KIT KABOODLE 22LB","Dry Cat","Brookshire",1.42098677950683,1.42098677950683
"155","ITEM3769KITKABOODLE_Retailer","2021-10-23","Cross","DC CAT/KITTEN CHOW 03.2LB",2,"DC KIT KABOODLE 22LB","Dry Cat","Brookshire",13.730194590919,13.730194590919
"156","ITEM3769KITKABOODLE_Retailer","2021-11-06","Cross","DC CAT/KITTEN CHOW 03.2LB",2,"DC KIT KABOODLE 22LB","Dry Cat","Brookshire",1.00121570658927,1.00121570658927
"157","ITEM3769KITKABOODLE_Retailer","2021-11-13","Cross","DC CAT/KITTEN CHOW 03.2LB",2,"DC KIT KABOODLE 22LB","Dry Cat","Brookshire",0,2.37915605780427
"158","ITEM3769KITKABOODLE_Retailer","2021-11-20","Cross","DC CAT/KITTEN CHOW 03.2LB",2,"DC KIT KABOODLE 22LB","Dry Cat","Brookshire",0,3.70893680884223
"159","ITEM3769KITKABOODLE_Retailer","2021-11-27","Cross","DC CAT/KITTEN CHOW 03.2LB",2,"DC KIT KABOODLE 22LB","Dry Cat","Brookshire",34.133083606929,34.133083606929
"160","ITEM3769KITKABOODLE_Retailer","2021-12-04","Cross","DC CAT/KITTEN CHOW 03.2LB",2,"DC KIT KABOODLE 22LB","Dry Cat","Brookshire",0,2.22225353508331
"161","ITEM3769KITKABOODLE_Retailer","2021-12-11","Cross","DC CAT/KITTEN CHOW 03.2LB",2,"DC KIT KABOODLE 22LB","Dry Cat","Brookshire",2.71769496908346,2.71769496908346
"162","ITEM3769KITKABOODLE_Retailer","2021-12-18","Cross","DC CAT/KITTEN CHOW 03.2LB",2,"DC KIT KABOODLE 22LB","Dry Cat","Brookshire",2.02810649231231,2.02810649231231
"163","ITEM3769KITKABOODLE_Retailer","2021-12-25","Cross","DC CAT/KITTEN CHOW 03.2LB",2,"DC KIT KABOODLE 22LB","Dry Cat","Brookshire",0,2.5674216008058
"164","ITEM3769KITKABOODLE_Retailer","2022-01-01","Cross","DC CAT/KITTEN CHOW 03.2LB",2,"DC KIT KABOODLE 22LB","Dry Cat","Brookshire",2.27245355078892,0
"165","ITEM3769KITKABOODLE_Retailer","2022-01-08","Cross","DC CAT/KITTEN CHOW 03.2LB",2,"DC KIT KABOODLE 22LB","Dry Cat","Brookshire",16.6559232862314,16.6559232862314
"166","ITEM3769KITKABOODLE_Retailer","2022-01-15","Cross","DC CAT/KITTEN CHOW 03.2LB",2,"DC KIT KABOODLE 22LB","Dry Cat","Brookshire",60.2629139382034,60.2629139382034
"167","ITEM3769KITKABOODLE_Retailer","2022-01-22","Cross","DC CAT/KITTEN CHOW 03.2LB",2,"DC KIT KABOODLE 22LB","Dry Cat","Brookshire",69.4491291495991,69.4491291495991
"168","ITEM3769KITKABOODLE_Retailer","2022-01-29","Cross","DC CAT/KITTEN CHOW 03.2LB",2,"DC KIT KABOODLE 22LB","Dry Cat","Brookshire",67.003607629633,67.003607629633
"169","ITEM3769KITKABOODLE_Retailer","2022-02-05","Cross","DC CAT/KITTEN CHOW 03.2LB",2,"DC KIT KABOODLE 22LB","Dry Cat","Brookshire",65.2765405528567,65.2765405528567
"170","ITEM3769KITKABOODLE_Retailer","2022-02-12","Cross","DC CAT/KITTEN CHOW 03.2LB",2,"DC KIT KABOODLE 22LB","Dry Cat","Brookshire",62.4573962378835,62.4573962378835
"171","ITEM3769KITKABOODLE_Retailer","2022-02-19","Cross","DC CAT/KITTEN CHOW 03.2LB",2,"DC KIT KABOODLE 22LB","Dry Cat","Brookshire",61.6129300905103,61.6129300905103
"172","ITEM3769KITKABOODLE_Retailer","2022-02-26","Cross","DC CAT/KITTEN CHOW 03.2LB",2,"DC KIT KABOODLE 22LB","Dry Cat","Brookshire",51.1213868463753,51.1213868463753
"173","ITEM3769KITKABOODLE_Retailer","2022-03-05","Cross","DC CAT/KITTEN CHOW 03.2LB",2,"DC KIT KABOODLE 22LB","Dry Cat","Brookshire",0,2.24228428850183
"174","ITEM3769KITKABOODLE_Retailer","2022-03-12","Cross","DC CAT/KITTEN CHOW 03.2LB",2,"DC KIT KABOODLE 22LB","Dry Cat","Brookshire",0,0.793546593738256
"175","ITEM3769KITKABOODLE_Retailer","2022-03-19","Cross","DC CAT/KITTEN CHOW 03.2LB",2,"DC KIT KABOODLE 22LB","Dry Cat","Brookshire",0,1.1856906807443
"176","ITEM3769KITKABOODLE_Retailer","2022-03-26","Cross","DC CAT/KITTEN CHOW 03.2LB",2,"DC KIT KABOODLE 22LB","Dry Cat","Brookshire",4.77322158608348,4.77322158608348
"177","ITEM3769KITKABOODLE_Retailer","2022-04-02","Cross","DC CAT/KITTEN CHOW 03.2LB",2,"DC KIT KABOODLE 22LB","Dry Cat","Brookshire",2.62674665964631,2.62674665964631
"178","ITEM3769KITKABOODLE_Retailer","2022-04-09","Cross","DC CAT/KITTEN CHOW 03.2LB",2,"DC KIT KABOODLE 22LB","Dry Cat","Brookshire",1.00528594448179,1.00528594448179
"179","ITEM3769KITKABOODLE_Retailer","2022-04-16","Cross","DC CAT/KITTEN CHOW 03.2LB",2,"DC KIT KABOODLE 22LB","Dry Cat","Brookshire",0,0.0623935087672578
"180","ITEM3769KITKABOODLE_Retailer","2022-04-23","Cross","DC CAT/KITTEN CHOW 03.2LB",2,"DC KIT KABOODLE 22LB","Dry Cat","Brookshire",1.0715772951447,1.0715772951447
"181","ITEM3769KITKABOODLE_Retailer","2022-05-07","Cross","DC CAT/KITTEN CHOW 03.2LB",2,"DC KIT KABOODLE 22LB","Dry Cat","Brookshire",1.09613304119075,1.09613304119075
"182","ITEM3769KITKABOODLE_Retailer","2022-05-14","Cross","DC CAT/KITTEN CHOW 03.2LB",2,"DC KIT KABOODLE 22LB","Dry Cat","Brookshire",0.307239235366289,0.307239235366289
"183","ITEM3769KITKABOODLE_Retailer","2022-05-21","Cross","DC CAT/KITTEN CHOW 03.2LB",2,"DC KIT KABOODLE 22LB","Dry Cat","Brookshire",0,3.9495322258872
"184","ITEM3769KITKABOODLE_Retailer","2022-05-28","Cross","DC CAT/KITTEN CHOW 03.2LB",2,"DC KIT KABOODLE 22LB","Dry Cat","Brookshire",0,0.0351347297672846
"185","ITEM3769KITKABOODLE_Retailer","2022-06-04","Cross","DC CAT/KITTEN CHOW 03.2LB",2,"DC KIT KABOODLE 22LB","Dry Cat","Brookshire",0,0.0413746562892238
"186","ITEM3769KITKABOODLE_Retailer","2022-06-11","Cross","DC CAT/KITTEN CHOW 03.2LB",2,"DC KIT KABOODLE 22LB","Dry Cat","Brookshire",0,1.23623476764353
"187","ITEM3769KITKABOODLE_Retailer","2022-06-18","Cross","DC CAT/KITTEN CHOW 03.2LB",2,"DC KIT KABOODLE 22LB","Dry Cat","Brookshire",0.807100136017919,0.807100136017919
"188","ITEM3769KITKABOODLE_Retailer","2022-06-25","Cross","DC CAT/KITTEN CHOW 03.2LB",2,"DC KIT KABOODLE 22LB","Dry Cat","Brookshire",0.697915058198121,0.526414041979478
"189","ITEM3769KITKABOODLE_Retailer","2022-08-13","Cross","DC CAT/KITTEN CHOW 03.2LB",2,"DC KIT KABOODLE 22LB","Dry Cat","Brookshire",1.03908567947743,1.03908567947743
"190","ITEM3769KITKABOODLE_Retailer","2022-08-20","Cross","DC CAT/KITTEN CHOW 03.2LB",2,"DC KIT KABOODLE 22LB","Dry Cat","Brookshire",0.177205302346427,0.177205302346427
"191","ITEM3769KITKABOODLE_Retailer","2022-08-27","Cross","DC CAT/KITTEN CHOW 03.2LB",2,"DC KIT KABOODLE 22LB","Dry Cat","Brookshire",0.44675997539562,0.308674918499491
"192","ITEM3769KITKABOODLE_Retailer","2022-09-03","Cross","DC CAT/KITTEN CHOW 03.2LB",2,"DC KIT KABOODLE 22LB","Dry Cat","Brookshire",0.0843420254234504,0.0446036075231859
"193","ITEM3769KITKABOODLE_Retailer","2022-09-10","Cross","DC CAT/KITTEN CHOW 03.2LB",2,"DC KIT KABOODLE 22LB","Dry Cat","Brookshire",1.52994906724152,1.52994906724152
"194","ITEM3769KITKABOODLE_Retailer","2022-09-17","Cross","DC CAT/KITTEN CHOW 03.2LB",2,"DC KIT KABOODLE 22LB","Dry Cat","Brookshire",1.25995640859451,1.25995640859451
"195","ITEM3769KITKABOODLE_Retailer","2022-09-24","Cross","DC CAT/KITTEN CHOW 03.2LB",2,"DC KIT KABOODLE 22LB","Dry Cat","Brookshire",1.00396118577735,1.00396118577735
"196","ITEM3769KITKABOODLE_Retailer","2022-10-08","Cross","DC CAT/KITTEN CHOW 03.2LB",2,"DC KIT KABOODLE 22LB","Dry Cat","Brookshire",2.20088341516856,1.72276010087262
"197","ITEM3769KITKABOODLE_Retailer","2022-10-15","Cross","DC CAT/KITTEN CHOW 03.2LB",2,"DC KIT KABOODLE 22LB","Dry Cat","Brookshire",2.36684639312128,2.36684639312128
"198","ITEM3769KITKABOODLE_Retailer","2022-10-22","Cross","DC CAT/KITTEN CHOW 03.2LB",2,"DC KIT KABOODLE 22LB","Dry Cat","Brookshire",1.78355017156682,1.27341811005908
"199","ITEM3769KITKABOODLE_Retailer","2022-11-26","Cross","DC CAT/KITTEN CHOW 03.2LB",2,"DC KIT KABOODLE 22LB","Dry Cat","Brookshire",6.98595333598002,6.98595333598002
"200","ITEM3769KITKABOODLE_Retailer","2022-12-31","Cross","DC CAT/KITTEN CHOW 03.2LB",2,"DC KIT KABOODLE 22LB","Dry Cat","Brookshire",0,1.85735880128414
"201","ITEM3777FRISKIESML_Retailer","2021-11-06","Within","Pantry Loading",2,"DC FRISKIES ML 03.2LB","Dry Cat","Brookshire",85.9867304739349,85.9867304739349
"202","ITEM3777FRISKIESML_Retailer","2021-11-20","Within","Pantry Loading",2,"DC FRISKIES ML 03.2LB","Dry Cat","Brookshire",21.9833148911532,21.9833148911532
"203","ITEM3777FRISKIESML_Retailer","2021-11-27","Within","Pantry Loading",2,"DC FRISKIES ML 03.2LB","Dry Cat","Brookshire",30.0189459011429,30.0189459011429
"204","ITEM3777FRISKIESML_Retailer","2021-12-04","Within","Pantry Loading",2,"DC FRISKIES ML 03.2LB","Dry Cat","Brookshire",29.9261052279209,29.9261052279209
"205","ITEM3777FRISKIESML_Retailer","2021-12-11","Within","Pantry Loading",2,"DC FRISKIES ML 03.2LB","Dry Cat","Brookshire",30.900179771361,30.900179771361
"206","ITEM3777FRISKIESML_Retailer","2021-12-18","Within","Pantry Loading",2,"DC FRISKIES ML 03.2LB","Dry Cat","Brookshire",28.2821612851377,28.2821612851377
"207","ITEM3777FRISKIESML_Retailer","2021-12-25","Within","Pantry Loading",2,"DC FRISKIES ML 03.2LB","Dry Cat","Brookshire",25.6268271536537,25.6268271536537
"208","ITEM3777FRISKIESML_Retailer","2022-01-01","Within","Pantry Loading",2,"DC FRISKIES ML 03.2LB","Dry Cat","Brookshire",22.5092728307771,22.5092728307771
"209","ITEM3895DCCATKITTENCHOW_Retailer","2021-11-13","Cross","DC CAT/KITTEN CHOW 13-15LB",2,"DC CAT/KITTEN CHOW 13-15LB","Dry Cat","Brookshire",38.0826956696747,38.0826956696747
"210","ITEM3895DCCATKITTENCHOW_Retailer","2022-03-12","Cross","DC CAT/KITTEN CHOW 13-15LB",2,"DC CAT/KITTEN CHOW 13-15LB","Dry Cat","Brookshire",55.9176232020186,55.9176232020186
"211","ITEM3895DCCATKITTENCHOW_Retailer","2022-12-31","Cross","DC CAT/KITTEN CHOW 13-15LB",2,"DC CAT/KITTEN CHOW 13-15LB","Dry Cat","Brookshire",37.1648536218486,37.1648536218486
"212","ITEM38KITKABOODLE_Retailer","2021-02-06","Within","Pantry Loading",1,"DC KIT KABOODLE 03.2LB","Dry Cat","Brookshire",97.0858599979111,0
"213","ITEM38KITKABOODLE_Retailer","2021-03-13","Within","Pantry Loading",1,"DC KIT KABOODLE 03.2LB","Dry Cat","Brookshire",136.307574346125,227.789950907564
"214","ITEM38KITKABOODLE_Retailer","2021-11-20","Within","Pantry Loading",1,"DC KIT KABOODLE 03.2LB","Dry Cat","Brookshire",240.06277958838,240.06277958838
"215","ITEM38KITKABOODLE_Retailer","2021-11-27","Within","Pantry Loading",1,"DC KIT KABOODLE 03.2LB","Dry Cat","Brookshire",379.959547369879,345.824719263215
"216","ITEM38KITKABOODLE_Retailer","2021-12-04","Within","Pantry Loading",1,"DC KIT KABOODLE 03.2LB","Dry Cat","Brookshire",376.164255785186,220.816825791192
"217","ITEM38KITKABOODLE_Retailer","2021-12-11","Within","Pantry Loading",1,"DC KIT KABOODLE 03.2LB","Dry Cat","Brookshire",354.353345688924,192.245826408079
"218","ITEM38KITKABOODLE_Retailer","2021-12-18","Within","Pantry Loading",1,"DC KIT KABOODLE 03.2LB","Dry Cat","Brookshire",366.657897071559,184.21087795646
"219","ITEM38KITKABOODLE_Retailer","2021-12-25","Within","Pantry Loading",1,"DC KIT KABOODLE 03.2LB","Dry Cat","Brookshire",409.537076084,182.716954702883
"220","ITEM38KITKABOODLE_Retailer","2022-01-01","Within","Pantry Loading",1,"DC KIT KABOODLE 03.2LB","Dry Cat","Brookshire",488.245942782052,182.054553938226
"221","ITEM38KITKABOODLE_Retailer","2022-09-10","Within","Pantry Loading",1,"DC KIT KABOODLE 03.2LB","Dry Cat","Brookshire",9.70341841316545,0
"222","ITEM3905DCCATKITTENCHOWNATURALS_Retailer","2021-11-27","Within","Pantry Loading",2,"DC CAT/KITTEN CHOW NATURALS 03.2LB","Dry Cat","Brookshire",30.3851161340336,30.3851161340336
"223","ITEM3905DCCATKITTENCHOWNATURALS_Retailer","2021-12-04","Within","Pantry Loading",2,"DC CAT/KITTEN CHOW NATURALS 03.2LB","Dry Cat","Brookshire",0,28.6614507746285
"224","ITEM3905DCCATKITTENCHOWNATURALS_Retailer","2021-12-11","Within","Pantry Loading",2,"DC CAT/KITTEN CHOW NATURALS 03.2LB","Dry Cat","Brookshire",27.8192899834976,0
"225","ITEM50BEYONDGRFR_Retailer","2021-04-03","Within","Pantry Loading",1,"DC BEYOND GR FR 11LB","Dry Cat","Brookshire",5.55075225893052,5.55075225893052
"226","ITEM50BEYONDGRFR_Retailer","2021-06-19","Within","Pantry Loading",1,"DC BEYOND GR FR 11LB","Dry Cat","Brookshire",14.8758365271781,13.693758488799
"227","ITEM50BEYONDGRFR_Retailer","2021-06-26","Within","Pantry Loading",1,"DC BEYOND GR FR 11LB","Dry Cat","Brookshire",27.69456267557,27.69456267557
"228","ITEM50BEYONDGRFR_Retailer","2021-07-03","Within","Pantry Loading",1,"DC BEYOND GR FR 11LB","Dry Cat","Brookshire",28.2066554667409,28.2066554667409
"229","ITEM50BEYONDGRFR_Retailer","2021-07-10","Within","Pantry Loading",1,"DC BEYOND GR FR 11LB","Dry Cat","Brookshire",40.9747279416061,40.9747279416061
"230","ITEM50BEYONDGRFR_Retailer","2021-07-17","Within","Pantry Loading",1,"DC BEYOND GR FR 11LB","Dry Cat","Brookshire",31.1500039875309,29.34707535269
"231","ITEM50BEYONDGRFR_Retailer","2021-07-24","Within","Pantry Loading",1,"DC BEYOND GR FR 11LB","Dry Cat","Brookshire",28.6471047031232,23.5017211908109
"232","ITEM50BEYONDGRFR_Retailer","2021-07-31","Within","Pantry Loading",1,"DC BEYOND GR FR 11LB","Dry Cat","Brookshire",17.3240562330167,0
"233","ITEM50BEYONDGRFR_Retailer","2021-08-07","Within","Pantry Loading",1,"DC BEYOND GR FR 11LB","Dry Cat","Brookshire",18.8025190046561,0
"234","ITEM50BEYONDGRFR_Retailer","2021-08-14","Within","Pantry Loading",1,"DC BEYOND GR FR 11LB","Dry Cat","Brookshire",1.98092738352638,0
"235","ITEM50BEYONDGRFR_Retailer","2021-08-21","Within","Pantry Loading",1,"DC BEYOND GR FR 11LB","Dry Cat","Brookshire",6.23877781896743,0
"236","ITEM50BEYONDGRFR_Retailer","2021-09-04","Within","Pantry Loading",1,"DC BEYOND GR FR 11LB","Dry Cat","Brookshire",4.41598708916965,0
"237","ITEM50BEYONDGRFR_Retailer","2022-04-30","Within","Pantry Loading",1,"DC BEYOND GR FR 11LB","Dry Cat","Brookshire",6.53870913359548,0
"238","ITEM7BEYONDGRFR_Retailer","2022-11-05","Cross","DC BEYOND GR FR 03LB",2,"DC BEYOND GR FR 03LB","Dry Cat","Brookshire",111.601218971261,0
"239","ITEM7BEYONDGRFR_Retailer","2022-11-05","Within","Pantry Loading",2,"DC BEYOND GR FR 03LB","Dry Cat","Brookshire",15.6859674799503,0
"240","ITEM7BEYONDGRFR_Retailer","2022-11-19","Cross","DC BEYOND GR FR 03LB",2,"DC BEYOND GR FR 03LB","Dry Cat","Brookshire",111.634780709613,0
"241","ITEM7BEYONDGRFR_Retailer","2022-11-19","Within","Pantry Loading",2,"DC BEYOND GR FR 03LB","Dry Cat","Brookshire",12.1356989963515,0
"242","ITEM325DDBEYONDGRFR_Retailer","2021-01-02","Within","Pantry Loading",1,"DD BEYOND GR FR 13LB","Dry Dog","Brookshire",0,21.7504056192918
"243","ITEM325DDBEYONDGRFR_Retailer","2021-01-23","Within","Pantry Loading",1,"DD BEYOND GR FR 13LB","Dry Dog","Brookshire",0,107.837111987369
"244","ITEM325DDBEYONDGRFR_Retailer","2021-01-30","Within","Pantry Loading",1,"DD BEYOND GR FR 13LB","Dry Dog","Brookshire",54.6098990837158,54.6098990837158
"245","ITEM325DDBEYONDGRFR_Retailer","2021-04-17","Within","Pantry Loading",1,"DD BEYOND GR FR 13LB","Dry Dog","Brookshire",0,32.7923873955705
"246","ITEM325DDBEYONDGRFR_Retailer","2021-05-22","Within","Pantry Loading",1,"DD BEYOND GR FR 13LB","Dry Dog","Brookshire",102.22698843206,102.22698843206
"247","ITEM325DDBEYONDGRFR_Retailer","2021-06-05","Within","Pantry Loading",1,"DD BEYOND GR FR 13LB","Dry Dog","Brookshire",0,20.763900701394
"248","ITEM325DDBEYONDGRFR_Retailer","2021-06-26","Within","Pantry Loading",1,"DD BEYOND GR FR 13LB","Dry Dog","Brookshire",0,76.6626678170229
"249","ITEM325DDBEYONDGRFR_Retailer","2021-07-24","Within","Pantry Loading",1,"DD BEYOND GR FR 13LB","Dry Dog","Brookshire",32.6763099336774,43.3629872453569
"250","ITEM325DDBEYONDGRFR_Retailer","2021-08-21","Within","Pantry Loading",1,"DD BEYOND GR FR 13LB","Dry Dog","Brookshire",53.7766174330487,53.7766174330487
"251","ITEM325DDBEYONDGRFR_Retailer","2022-03-05","Within","Pantry Loading",1,"DD BEYOND GR FR 13LB","Dry Dog","Brookshire",153.785930363042,153.785930363042
"252","ITEM325DDBEYONDGRFR_Retailer","2022-03-12","Within","Pantry Loading",1,"DD BEYOND GR FR 13LB","Dry Dog","Brookshire",130.233653079931,130.233653079931
"253","ITEM325DDBEYONDGRFR_Retailer","2022-03-19","Within","Pantry Loading",1,"DD BEYOND GR FR 13LB","Dry Dog","Brookshire",256.297863878654,154.114587646564
"254","ITEM325DDBEYONDGRFR_Retailer","2022-03-26","Within","Pantry Loading",1,"DD BEYOND GR FR 13LB","Dry Dog","Brookshire",285.592250710435,125.180605958082
"255","ITEM325DDBEYONDGRFR_Retailer","2022-04-02","Within","Pantry Loading",1,"DD BEYOND GR FR 13LB","Dry Dog","Brookshire",303.449926432816,105.429861751067
"256","ITEM325DDBEYONDGRFR_Retailer","2022-04-09","Within","Pantry Loading",1,"DD BEYOND GR FR 13LB","Dry Dog","Brookshire",169.435540847614,116.009473660161
"257","ITEM325DDBEYONDGRFR_Retailer","2022-04-16","Within","Pantry Loading",1,"DD BEYOND GR FR 13LB","Dry Dog","Brookshire",260.274145893141,107.179984935873
"258","ITEM325DDBEYONDGRFR_Retailer","2022-04-23","Within","Pantry Loading",1,"DD BEYOND GR FR 13LB","Dry Dog","Brookshire",82.6523669802983,82.6523669802983
"259","ITEM325DDBEYONDGRFR_Retailer","2022-04-30","Within","Pantry Loading",1,"DD BEYOND GR FR 13LB","Dry Dog","Brookshire",104.791651226133,99.3369750165226
"260","ITEM325DDBEYONDGRFR_Retailer","2022-05-07","Within","Pantry Loading",1,"DD BEYOND GR FR 13LB","Dry Dog","Brookshire",0,182.994216481652
"261","ITEM325DDBEYONDGRFR_Retailer","2022-05-21","Within","Pantry Loading",1,"DD BEYOND GR FR 13LB","Dry Dog","Brookshire",84.3395831621415,84.3395831621415
"262","ITEM325DDBEYONDGRFR_Retailer","2022-05-28","Within","Pantry Loading",1,"DD BEYOND GR FR 13LB","Dry Dog","Brookshire",48.9267111003675,48.9267111003675
"263","ITEM325DDBEYONDGRFR_Retailer","2022-06-04","Within","Pantry Loading",1,"DD BEYOND GR FR 13LB","Dry Dog","Brookshire",62.518414768114,243.727917076222
"264","ITEM325DDBEYONDGRFR_Retailer","2022-06-18","Within","Pantry Loading",1,"DD BEYOND GR FR 13LB","Dry Dog","Brookshire",90.6749575494432,94.1370793545194
"265","ITEM325DDBEYONDGRFR_Retailer","2022-06-25","Within","Pantry Loading",1,"DD BEYOND GR FR 13LB","Dry Dog","Brookshire",37.2640722618655,37.2640722618655
"266","ITEM325DDBEYONDGRFR_Retailer","2022-07-23","Within","Pantry Loading",1,"DD BEYOND GR FR 13LB","Dry Dog","Brookshire",0,28.6167336825376
"267","ITEM325DDBEYONDGRFR_Retailer","2022-07-30","Within","Pantry Loading",1,"DD BEYOND GR FR 13LB","Dry Dog","Brookshire",85.6560424813135,100.393048600925
"268","ITEM325DDBEYONDGRFR_Retailer","2022-08-06","Within","Pantry Loading",1,"DD BEYOND GR FR 13LB","Dry Dog","Brookshire",11.5028270371375,11.6935090154967
"269","ITEM325DDBEYONDGRFR_Retailer","2022-08-13","Within","Pantry Loading",1,"DD BEYOND GR FR 13LB","Dry Dog","Brookshire",58.3133724517536,10.3651922411788
"270","ITEM325DDBEYONDGRFR_Retailer","2022-08-27","Within","Pantry Loading",1,"DD BEYOND GR FR 13LB","Dry Dog","Brookshire",17.0403415203975,0
"271","ITEM325DDBEYONDGRFR_Retailer","2022-09-10","Within","Pantry Loading",1,"DD BEYOND GR FR 13LB","Dry Dog","Brookshire",86.9223561327448,0
"272","ITEM325DDBEYONDGRFR_Retailer","2022-10-08","Within","Pantry Loading",1,"DD BEYOND GR FR 13LB","Dry Dog","Brookshire",25.2129472889996,0
"273","ITEM386DDPURINAONEML_Retailer","2021-05-08","Within","Pantry Loading",2,"DD PURINA ONE ML 08LB","Dry Dog","Brookshire",0,172.210944291649
"274","ITEM386DDPURINAONEML_Retailer","2021-05-22","Within","Pantry Loading",2,"DD PURINA ONE ML 08LB","Dry Dog","Brookshire",556.470906545323,556.470906545323
"275","ITEM386DDPURINAONEML_Retailer","2021-05-29","Within","Pantry Loading",2,"DD PURINA ONE ML 08LB","Dry Dog","Brookshire",144.022761371197,413.372632047967
"276","ITEM386DDPURINAONEML_Retailer","2021-06-05","Within","Pantry Loading",2,"DD PURINA ONE ML 08LB","Dry Dog","Brookshire",321.686963029162,447.155902402211
"277","ITEM386DDPURINAONEML_Retailer","2021-06-12","Within","Pantry Loading",2,"DD PURINA ONE ML 08LB","Dry Dog","Brookshire",417.304928821523,490.863964599887
"278","ITEM392DDBEYONDSMP_Retailer","2021-05-08","Within","Pantry Loading",1,"DD BEYOND SMP9 03-4LB","Dry Dog","Brookshire",9.09664087575126,0
"279","ITEM392DDBEYONDSMP_Retailer","2022-03-12","Within","Pantry Loading",1,"DD BEYOND SMP9 03-4LB","Dry Dog","Brookshire",0,15.2346286116922
"280","ITEM392DDBEYONDSMP_Retailer","2022-03-19","Within","Pantry Loading",1,"DD BEYOND SMP9 03-4LB","Dry Dog","Brookshire",0,45.737362437853
"281","ITEM392DDBEYONDSMP_Retailer","2022-03-26","Within","Pantry Loading",1,"DD BEYOND SMP9 03-4LB","Dry Dog","Brookshire",43.1381205326096,0
"282","ITEM392DDBEYONDSMP_Retailer","2022-04-02","Within","Pantry Loading",1,"DD BEYOND SMP9 03-4LB","Dry Dog","Brookshire",36.5580539127081,0
"283","ITEM392DDBEYONDSMP_Retailer","2022-04-09","Within","Pantry Loading",1,"DD BEYOND SMP9 03-4LB","Dry Dog","Brookshire",26.8924175046149,0
"284","ITEM392DDBEYONDSMP_Retailer","2022-04-23","Within","Pantry Loading",1,"DD BEYOND SMP9 03-4LB","Dry Dog","Brookshire",7.6691744375954,0
"285","ITEM392DDBEYONDSMP_Retailer","2022-05-14","Within","Pantry Loading",1,"DD BEYOND SMP9 03-4LB","Dry Dog","Brookshire",11.1042002402442,0
"286","ITEM392DDBEYONDSMP_Retailer","2022-06-11","Within","Pantry Loading",1,"DD BEYOND SMP9 03-4LB","Dry Dog","Brookshire",7.7369206667852,0
"287","ITEM392DDBEYONDSMP_Retailer","2022-07-30","Within","Pantry Loading",1,"DD BEYOND SMP9 03-4LB","Dry Dog","Brookshire",14.1027014876378,14.1027014876378
"288","ITEM392DDBEYONDSMP_Retailer","2022-08-20","Within","Pantry Loading",1,"DD BEYOND SMP9 03-4LB","Dry Dog","Brookshire",6.5124945720613,0
"289","ITEM398DDDOGCHOWLX_Retailer","2021-03-27","Within","Pantry Loading",2,"DD DOG CHOW LX 16.5-18LB","Dry Dog","Brookshire",41.6902509147903,113.89388305533
"290","ITEM398DDDOGCHOWLX_Retailer","2021-09-18","Within","Pantry Loading",2,"DD DOG CHOW LX 16.5-18LB","Dry Dog","Brookshire",787.244418240543,204.452264668001
"291","ITEM398DDDOGCHOWLX_Retailer","2021-09-25","Within","Pantry Loading",2,"DD DOG CHOW LX 16.5-18LB","Dry Dog","Brookshire",416.458896563566,215.172967847984
"292","ITEM398DDDOGCHOWLX_Retailer","2021-10-02","Within","Pantry Loading",2,"DD DOG CHOW LX 16.5-18LB","Dry Dog","Brookshire",411.429262796066,411.429262796066
"293","ITEM398DDDOGCHOWLX_Retailer","2022-09-03","Within","Pantry Loading",2,"DD DOG CHOW LX 16.5-18LB","Dry Dog","Brookshire",0,240.178315604559
"294","ITEM398DDDOGCHOWLX_Retailer","2022-09-10","Within","Pantry Loading",2,"DD DOG CHOW LX 16.5-18LB","Dry Dog","Brookshire",0,272.9284539364
"295","ITEM398DDDOGCHOWLX_Retailer","2022-09-17","Within","Pantry Loading",2,"DD DOG CHOW LX 16.5-18LB","Dry Dog","Brookshire",0,284.762334076604
"296","ITEM398DDDOGCHOWLX_Retailer","2022-09-24","Within","Pantry Loading",2,"DD DOG CHOW LX 16.5-18LB","Dry Dog","Brookshire",0,313.591120940782
"297","ITEM398DDDOGCHOWLX_Retailer","2022-10-01","Within","Pantry Loading",2,"DD DOG CHOW LX 16.5-18LB","Dry Dog","Brookshire",0,8.53196545120045
"298","ITEM456DDAOPREMIUM_Retailer","2021-09-25","Within","Pantry Loading",1,"DD DOG CHOW GREEN BG 46-48LB","Dry Dog","Brookshire",0,293.899541872863
"299","ITEM467DDDOGCHOWGREENBG_Retailer","2021-03-27","Within","Pantry Loading",2,"DD DOG CHOW GREEN BG 18.5-20LB","Dry Dog","Brookshire",566.075328209148,566.075328209148
"300","ITEM467DDDOGCHOWGREENBG_Retailer","2021-09-18","Within","Pantry Loading",2,"DD DOG CHOW GREEN BG 18.5-20LB","Dry Dog","Brookshire",916.918358516229,916.918358516229
"301","ITEM467DDDOGCHOWGREENBG_Retailer","2021-09-25","Within","Pantry Loading",2,"DD DOG CHOW GREEN BG 18.5-20LB","Dry Dog","Brookshire",647.387460756867,647.387460756867
"302","ITEM467DDDOGCHOWGREENBG_Retailer","2021-10-02","Within","Pantry Loading",2,"DD DOG CHOW GREEN BG 18.5-20LB","Dry Dog","Brookshire",663.091077537483,663.091077537483
"303","ITEM480DDALPO_Retailer","2022-02-26","Within","Pantry Loading",1,"DD ALPO 37-41LB","Dry Dog","Brookshire",13.1140157688614,0
"304","ITEM480DDALPO_Retailer","2022-03-05","Within","Pantry Loading",1,"DD ALPO 37-41LB","Dry Dog","Brookshire",13.9984032021376,0
"305","ITEM480DDALPO_Retailer","2022-03-12","Within","Pantry Loading",1,"DD ALPO 37-41LB","Dry Dog","Brookshire",7.57425730228223,0
"306","ITEM480DDALPO_Retailer","2022-03-26","Within","Pantry Loading",1,"DD ALPO 37-41LB","Dry Dog","Brookshire",5.35372092243623,0
"307","ITEM480DDALPO_Retailer","2022-04-02","Within","Pantry Loading",1,"DD ALPO 37-41LB","Dry Dog","Brookshire",11.9643609368103,0
"308","ITEM480DDALPO_Retailer","2022-05-07","Within","Pantry Loading",1,"DD ALPO 37-41LB","Dry Dog","Brookshire",2.67981952474844,0
"309","ITEM480DDALPO_Retailer","2022-08-20","Within","Pantry Loading",1,"DD ALPO 37-41LB","Dry Dog","Brookshire",17.4368721533976,0
"310","ITEM480DDALPO_Retailer","2022-08-27","Within","Pantry Loading",1,"DD ALPO 37-41LB","Dry Dog","Brookshire",36.9093361410766,0
"311","ITEM521DDDOGCHOWGREENBG_Retailer","2021-11-06","Within","Pantry Loading",2,"DD DOG CHOW GREEN BG 04.4LB","Dry Dog","Brookshire",147.459359402082,147.459359402082
"312","ITEM528DDBENEFULPREMIUM_Retailer","2022-03-26","Within","Pantry Loading",1,"DD BENEFUL PREMIUM 09.4-12.5LB","Dry Dog","Brookshire",28.4267560489305,3.71284090727389
"313","ITEM528DDBENEFULPREMIUM_Retailer","2022-04-02","Within","Pantry Loading",1,"DD BENEFUL PREMIUM 09.4-12.5LB","Dry Dog","Brookshire",23.9974344821611,2.38452863338432
"314","ITEM528DDBENEFULPREMIUM_Retailer","2022-04-16","Within","Pantry Loading",1,"DD BENEFUL PREMIUM 09.4-12.5LB","Dry Dog","Brookshire",88.6160050744259,2.59129095255
"315","ITEM543DDDOGCHOWLX_Retailer","2021-11-06","Within","Pantry Loading",2,"DD DOG CHOW LX 04LB","Dry Dog","Brookshire",73.3909114792332,73.3909114792332
"316","ITEM682DDPURINAONEMLTRGTD_Retailer","2022-03-26","Within","Pantry Loading",2,"DD PURINA ONE ML TRGTD 16.5LB","Dry Dog","Brookshire",0,1466.00981631321
"317","ITEM682DDPURINAONEMLTRGTD_Retailer","2022-04-02","Within","Pantry Loading",2,"DD PURINA ONE ML TRGTD 16.5LB","Dry Dog","Brookshire",254.78481052901,930.344340886121
"318","ITEM682DDPURINAONEMLTRGTD_Retailer","2022-04-09","Within","Pantry Loading",2,"DD PURINA ONE ML TRGTD 16.5LB","Dry Dog","Brookshire",0,53.2779887987026
"319","ITEM682DDPURINAONEMLTRGTD_Retailer","2022-04-16","Within","Pantry Loading",2,"DD PURINA ONE ML TRGTD 16.5LB","Dry Dog","Brookshire",0,57.0770646034011
"320","ITEM682DDPURINAONEMLTRGTD_Retailer","2022-04-23","Within","Pantry Loading",2,"DD PURINA ONE ML TRGTD 16.5LB","Dry Dog","Brookshire",238.171192630024,41.5186003481549
"321","ITEM688DDDOGCHOWHIPROTEIN_Retailer","2021-04-17","Within","Pantry Loading",2,"DD DOG CHOW HI PROTEIN 20LB","Dry Dog","Brookshire",18.1458606144134,0
"322","ITEM688DDDOGCHOWHIPROTEIN_Retailer","2021-07-31","Within","Pantry Loading",2,"DD DOG CHOW HI PROTEIN 20LB","Dry Dog","Brookshire",27.7791741486537,27.7791741486537
"323","ITEM688DDDOGCHOWHIPROTEIN_Retailer","2021-08-07","Within","Pantry Loading",2,"DD DOG CHOW HI PROTEIN 20LB","Dry Dog","Brookshire",32.7189356874677,33.469579137416
"324","ITEM688DDDOGCHOWHIPROTEIN_Retailer","2021-08-21","Within","Pantry Loading",2,"DD DOG CHOW HI PROTEIN 20LB","Dry Dog","Brookshire",23.3157447942684,31.0645417842666
"325","ITEM688DDDOGCHOWHIPROTEIN_Retailer","2021-09-04","Within","Pantry Loading",2,"DD DOG CHOW HI PROTEIN 20LB","Dry Dog","Brookshire",11.5781502280389,24.9467169750335
"326","ITEM688DDDOGCHOWHIPROTEIN_Retailer","2021-10-09","Within","Pantry Loading",2,"DD DOG CHOW HI PROTEIN 20LB","Dry Dog","Brookshire",37.3469953994852,10.470031392979
"327","ITEM688DDDOGCHOWHIPROTEIN_Retailer","2022-05-07","Within","Pantry Loading",2,"DD DOG CHOW HI PROTEIN 20LB","Dry Dog","Brookshire",25.7793687167299,0
"328","ITEM688DDDOGCHOWHIPROTEIN_Retailer","2022-07-02","Within","Pantry Loading",2,"DD DOG CHOW HI PROTEIN 20LB","Dry Dog","Brookshire",14.8076728889365,0
"329","ITEM832DDBENEFUL_Retailer","2022-03-26","Cross","DD PURINA ONE ML 16.5LB",2,"DD BENEFUL 28LB","Dry Dog","Brookshire",9.09086820541876,0
"330","ITEM832DDBENEFUL_Retailer","2022-03-26","Within","Pantry Loading",2,"DD BENEFUL 28LB","Dry Dog","Brookshire",53.7828676418484,0
"331","ITEM840DDBENEFUL_Retailer","2022-03-12","Cross","DD BENEFUL 14LB",2,"DD BENEFUL 14LB","Dry Dog","Brookshire",1460.18163276827,1460.18163276827
"332","ITEM840DDBENEFUL_Retailer","2022-03-12","Cross","DD PURINA ONE ML 40LB",2,"DD BENEFUL 14LB","Dry Dog","Brookshire",4098.272088667,4098.272088667
"333","ITEM873DDDOGCHOWGREENBG_Retailer","2022-08-20","Within","Pantry Loading",1,"DD DOG CHOW GREEN BG 33.6-36LB","Dry Dog","Brookshire",47.5568662886983,0
"334","ITEM873DDDOGCHOWGREENBG_Retailer","2022-08-27","Within","Pantry Loading",1,"DD DOG CHOW GREEN BG 33.6-36LB","Dry Dog","Brookshire",32.1837672038825,0
"335","ITEM903DDMOISTANDMEATYHIPROTEIN_Retailer","2021-01-09","Cross","DD MOIST AND MEATY HI PROTEIN 72OZ",2,"DD MOIST AND MEATY HI PROTEIN 72OZ","Dry Dog","Brookshire",0.145029385121378,0
"336","ITEM903DDMOISTANDMEATYHIPROTEIN_Retailer","2021-01-30","Cross","DD MOIST AND MEATY HI PROTEIN 72OZ",2,"DD MOIST AND MEATY HI PROTEIN 72OZ","Dry Dog","Brookshire",0.0672054941385099,0
"337","ITEM903DDMOISTANDMEATYHIPROTEIN_Retailer","2021-02-06","Cross","DD MOIST AND MEATY HI PROTEIN 72OZ",2,"DD MOIST AND MEATY HI PROTEIN 72OZ","Dry Dog","Brookshire",1.07443228126381,0
"338","ITEM903DDMOISTANDMEATYHIPROTEIN_Retailer","2021-02-13","Cross","DD MOIST AND MEATY HI PROTEIN 72OZ",2,"DD MOIST AND MEATY HI PROTEIN 72OZ","Dry Dog","Brookshire",1.23345928812104,1.23345928812104
"339","ITEM903DDMOISTANDMEATYHIPROTEIN_Retailer","2021-02-20","Cross","DD MOIST AND MEATY HI PROTEIN 72OZ",2,"DD MOIST AND MEATY HI PROTEIN 72OZ","Dry Dog","Brookshire",0.147984321234359,0.147984321234359
"340","ITEM903DDMOISTANDMEATYHIPROTEIN_Retailer","2021-02-27","Cross","DD MOIST AND MEATY HI PROTEIN 72OZ",2,"DD MOIST AND MEATY HI PROTEIN 72OZ","Dry Dog","Brookshire",0.265384511823261,0
"341","ITEM903DDMOISTANDMEATYHIPROTEIN_Retailer","2021-03-06","Cross","DD MOIST AND MEATY HI PROTEIN 72OZ",2,"DD MOIST AND MEATY HI PROTEIN 72OZ","Dry Dog","Brookshire",0.00819374692413894,0.00819374692413894
"342","ITEM903DDMOISTANDMEATYHIPROTEIN_Retailer","2021-03-13","Cross","DD MOIST AND MEATY HI PROTEIN 72OZ",2,"DD MOIST AND MEATY HI PROTEIN 72OZ","Dry Dog","Brookshire",0.05006332687412,0
"343","ITEM903DDMOISTANDMEATYHIPROTEIN_Retailer","2021-03-20","Cross","DD MOIST AND MEATY HI PROTEIN 72OZ",2,"DD MOIST AND MEATY HI PROTEIN 72OZ","Dry Dog","Brookshire",0.418136036434689,0
"344","ITEM903DDMOISTANDMEATYHIPROTEIN_Retailer","2021-04-17","Cross","DD MOIST AND MEATY HI PROTEIN 72OZ",2,"DD MOIST AND MEATY HI PROTEIN 72OZ","Dry Dog","Brookshire",0,0.415970539743357
"345","ITEM903DDMOISTANDMEATYHIPROTEIN_Retailer","2021-04-24","Cross","DD MOIST AND MEATY HI PROTEIN 72OZ",2,"DD MOIST AND MEATY HI PROTEIN 72OZ","Dry Dog","Brookshire",0,0.171157164305276
"346","ITEM903DDMOISTANDMEATYHIPROTEIN_Retailer","2021-05-08","Cross","DD MOIST AND MEATY HI PROTEIN 72OZ",2,"DD MOIST AND MEATY HI PROTEIN 72OZ","Dry Dog","Brookshire",0,0.320770738206061
"347","ITEM903DDMOISTANDMEATYHIPROTEIN_Retailer","2021-05-22","Cross","DD MOIST AND MEATY HI PROTEIN 72OZ",2,"DD MOIST AND MEATY HI PROTEIN 72OZ","Dry Dog","Brookshire",0,0.488719790903317
"348","ITEM903DDMOISTANDMEATYHIPROTEIN_Retailer","2021-05-29","Cross","DD MOIST AND MEATY HI PROTEIN 72OZ",2,"DD MOIST AND MEATY HI PROTEIN 72OZ","Dry Dog","Brookshire",0,0.430243158109022
"349","ITEM903DDMOISTANDMEATYHIPROTEIN_Retailer","2021-06-05","Cross","DD MOIST AND MEATY HI PROTEIN 72OZ",2,"DD MOIST AND MEATY HI PROTEIN 72OZ","Dry Dog","Brookshire",0,0.385272894091632
"350","ITEM903DDMOISTANDMEATYHIPROTEIN_Retailer","2021-06-12","Cross","DD MOIST AND MEATY HI PROTEIN 72OZ",2,"DD MOIST AND MEATY HI PROTEIN 72OZ","Dry Dog","Brookshire",0,0.670668337218774
"351","ITEM903DDMOISTANDMEATYHIPROTEIN_Retailer","2021-06-19","Cross","DD MOIST AND MEATY HI PROTEIN 72OZ",2,"DD MOIST AND MEATY HI PROTEIN 72OZ","Dry Dog","Brookshire",0,0.657405811235731
"352","ITEM903DDMOISTANDMEATYHIPROTEIN_Retailer","2021-07-31","Cross","DD MOIST AND MEATY HI PROTEIN 72OZ",2,"DD MOIST AND MEATY HI PROTEIN 72OZ","Dry Dog","Brookshire",3.00193373061988,3.00193373061988
"353","ITEM903DDMOISTANDMEATYHIPROTEIN_Retailer","2021-08-07","Cross","DD MOIST AND MEATY HI PROTEIN 72OZ",2,"DD MOIST AND MEATY HI PROTEIN 72OZ","Dry Dog","Brookshire",0,1.53149324113179
"354","ITEM903DDMOISTANDMEATYHIPROTEIN_Retailer","2021-08-14","Cross","DD MOIST AND MEATY HI PROTEIN 72OZ",2,"DD MOIST AND MEATY HI PROTEIN 72OZ","Dry Dog","Brookshire",0.0184585081707753,0.0199101235575081
"355","ITEM903DDMOISTANDMEATYHIPROTEIN_Retailer","2021-08-14","Within","Pantry Loading",2,"DD MOIST AND MEATY HI PROTEIN 72OZ","Dry Dog","Brookshire",110.022394951545,118.674784403566
"356","ITEM903DDMOISTANDMEATYHIPROTEIN_Retailer","2021-08-21","Cross","DD MOIST AND MEATY HI PROTEIN 72OZ",2,"DD MOIST AND MEATY HI PROTEIN 72OZ","Dry Dog","Brookshire",0.0257437975158546,0.0257437975158546
"357","ITEM903DDMOISTANDMEATYHIPROTEIN_Retailer","2021-08-28","Cross","DD MOIST AND MEATY HI PROTEIN 72OZ",2,"DD MOIST AND MEATY HI PROTEIN 72OZ","Dry Dog","Brookshire",0.0935040675642333,0.0935040675642333
"358","ITEM903DDMOISTANDMEATYHIPROTEIN_Retailer","2021-09-11","Cross","DD MOIST AND MEATY HI PROTEIN 72OZ",2,"DD MOIST AND MEATY HI PROTEIN 72OZ","Dry Dog","Brookshire",0,0.119375424579277
"359","ITEM903DDMOISTANDMEATYHIPROTEIN_Retailer","2021-11-06","Cross","DD MOIST AND MEATY HI PROTEIN 72OZ",2,"DD MOIST AND MEATY HI PROTEIN 72OZ","Dry Dog","Brookshire",0,0.26682346554242
"360","ITEM903DDMOISTANDMEATYHIPROTEIN_Retailer","2021-11-13","Cross","DD MOIST AND MEATY HI PROTEIN 72OZ",2,"DD MOIST AND MEATY HI PROTEIN 72OZ","Dry Dog","Brookshire",0.0370696871149552,0.0370696871149552
"361","ITEM903DDMOISTANDMEATYHIPROTEIN_Retailer","2021-11-27","Cross","DD MOIST AND MEATY HI PROTEIN 72OZ",2,"DD MOIST AND MEATY HI PROTEIN 72OZ","Dry Dog","Brookshire",0.346650364065356,0.346650364065356
"362","ITEM903DDMOISTANDMEATYHIPROTEIN_Retailer","2021-12-11","Cross","DD MOIST AND MEATY HI PROTEIN 72OZ",2,"DD MOIST AND MEATY HI PROTEIN 72OZ","Dry Dog","Brookshire",0.0255698493449652,0.0255698493449652
"363","ITEM903DDMOISTANDMEATYHIPROTEIN_Retailer","2022-01-08","Cross","DD MOIST AND MEATY HI PROTEIN 72OZ",2,"DD MOIST AND MEATY HI PROTEIN 72OZ","Dry Dog","Brookshire",0,0.994772224591092
"364","ITEM903DDMOISTANDMEATYHIPROTEIN_Retailer","2022-01-15","Cross","DD MOIST AND MEATY HI PROTEIN 72OZ",2,"DD MOIST AND MEATY HI PROTEIN 72OZ","Dry Dog","Brookshire",0,0.600229967922169
"365","ITEM903DDMOISTANDMEATYHIPROTEIN_Retailer","2022-01-22","Cross","DD MOIST AND MEATY HI PROTEIN 72OZ",2,"DD MOIST AND MEATY HI PROTEIN 72OZ","Dry Dog","Brookshire",0.450023808957634,0.450023808957634
"366","ITEM903DDMOISTANDMEATYHIPROTEIN_Retailer","2022-02-12","Cross","DD MOIST AND MEATY HI PROTEIN 72OZ",2,"DD MOIST AND MEATY HI PROTEIN 72OZ","Dry Dog","Brookshire",0.256403359071825,0.256403359071825
"367","ITEM903DDMOISTANDMEATYHIPROTEIN_Retailer","2022-03-12","Cross","DD MOIST AND MEATY HI PROTEIN 72OZ",2,"DD MOIST AND MEATY HI PROTEIN 72OZ","Dry Dog","Brookshire",0.311765026733805,0
"368","ITEM903DDMOISTANDMEATYHIPROTEIN_Retailer","2022-04-09","Cross","DD MOIST AND MEATY HI PROTEIN 72OZ",2,"DD MOIST AND MEATY HI PROTEIN 72OZ","Dry Dog","Brookshire",0.0375262301389269,0
"369","ITEM903DDMOISTANDMEATYHIPROTEIN_Retailer","2022-05-21","Cross","DD MOIST AND MEATY HI PROTEIN 72OZ",2,"DD MOIST AND MEATY HI PROTEIN 72OZ","Dry Dog","Brookshire",1.05448152210845,1.05448152210845
"370","ITEM903DDMOISTANDMEATYHIPROTEIN_Retailer","2022-05-28","Cross","DD MOIST AND MEATY HI PROTEIN 72OZ",2,"DD MOIST AND MEATY HI PROTEIN 72OZ","Dry Dog","Brookshire",0.0206683750624913,0.0206683750624913
"371","ITEM903DDMOISTANDMEATYHIPROTEIN_Retailer","2022-06-04","Cross","DD MOIST AND MEATY HI PROTEIN 72OZ",2,"DD MOIST AND MEATY HI PROTEIN 72OZ","Dry Dog","Brookshire",0.623500268139469,0.623500268139469
"372","ITEM903DDMOISTANDMEATYHIPROTEIN_Retailer","2022-06-11","Cross","DD MOIST AND MEATY HI PROTEIN 72OZ",2,"DD MOIST AND MEATY HI PROTEIN 72OZ","Dry Dog","Brookshire",0.545001148270242,0.545001148270242
"373","ITEM903DDMOISTANDMEATYHIPROTEIN_Retailer","2022-06-18","Cross","DD MOIST AND MEATY HI PROTEIN 72OZ",2,"DD MOIST AND MEATY HI PROTEIN 72OZ","Dry Dog","Brookshire",1.24231033570543,1.24231033570543
"374","ITEM903DDMOISTANDMEATYHIPROTEIN_Retailer","2022-06-25","Cross","DD MOIST AND MEATY HI PROTEIN 72OZ",2,"DD MOIST AND MEATY HI PROTEIN 72OZ","Dry Dog","Brookshire",0,0.234037998977198
"375","ITEM903DDMOISTANDMEATYHIPROTEIN_Retailer","2022-07-02","Cross","DD MOIST AND MEATY HI PROTEIN 72OZ",2,"DD MOIST AND MEATY HI PROTEIN 72OZ","Dry Dog","Brookshire",0,0.433902115473747
"376","ITEM903DDMOISTANDMEATYHIPROTEIN_Retailer","2022-08-13","Cross","DD MOIST AND MEATY HI PROTEIN 72OZ",2,"DD MOIST AND MEATY HI PROTEIN 72OZ","Dry Dog","Brookshire",0,0.374749895367794
"377","ITEM903DDMOISTANDMEATYHIPROTEIN_Retailer","2022-08-20","Cross","DD MOIST AND MEATY HI PROTEIN 72OZ",2,"DD MOIST AND MEATY HI PROTEIN 72OZ","Dry Dog","Brookshire",0.0666319164886025,0
"378","ITEM903DDMOISTANDMEATYHIPROTEIN_Retailer","2022-08-27","Cross","DD MOIST AND MEATY HI PROTEIN 72OZ",2,"DD MOIST AND MEATY HI PROTEIN 72OZ","Dry Dog","Brookshire",0.482737956184601,0
"379","ITEM903DDMOISTANDMEATYHIPROTEIN_Retailer","2022-09-03","Cross","DD MOIST AND MEATY HI PROTEIN 72OZ",2,"DD MOIST AND MEATY HI PROTEIN 72OZ","Dry Dog","Brookshire",0,0.508471613339232
"380","ITEM903DDMOISTANDMEATYHIPROTEIN_Retailer","2022-09-10","Cross","DD MOIST AND MEATY HI PROTEIN 72OZ",2,"DD MOIST AND MEATY HI PROTEIN 72OZ","Dry Dog","Brookshire",0.123557482340838,0
"381","ITEM903DDMOISTANDMEATYHIPROTEIN_Retailer","2022-10-08","Cross","DD MOIST AND MEATY HI PROTEIN 72OZ",2,"DD MOIST AND MEATY HI PROTEIN 72OZ","Dry Dog","Brookshire",0.82747804877254,0.82747804877254
"382","ITEM903DDMOISTANDMEATYHIPROTEIN_Retailer","2022-10-15","Cross","DD MOIST AND MEATY HI PROTEIN 72OZ",2,"DD MOIST AND MEATY HI PROTEIN 72OZ","Dry Dog","Brookshire",0.478416018679931,0.478416018679931
"383","ITEM903DDMOISTANDMEATYHIPROTEIN_Retailer","2022-10-29","Cross","DD MOIST AND MEATY HI PROTEIN 72OZ",2,"DD MOIST AND MEATY HI PROTEIN 72OZ","Dry Dog","Brookshire",0.380513320149979,0
"384","ITEM903DDMOISTANDMEATYHIPROTEIN_Retailer","2022-11-05","Cross","DD MOIST AND MEATY HI PROTEIN 72OZ",2,"DD MOIST AND MEATY HI PROTEIN 72OZ","Dry Dog","Brookshire",0,0.206688983009197
"385","ITEM903DDMOISTANDMEATYHIPROTEIN_Retailer","2022-11-12","Cross","DD MOIST AND MEATY HI PROTEIN 72OZ",2,"DD MOIST AND MEATY HI PROTEIN 72OZ","Dry Dog","Brookshire",0.371562561292032,0.371562561292032
"386","ITEM903DDMOISTANDMEATYHIPROTEIN_Retailer","2022-11-26","Cross","DD MOIST AND MEATY HI PROTEIN 72OZ",2,"DD MOIST AND MEATY HI PROTEIN 72OZ","Dry Dog","Brookshire",0.285699140340577,0.285699140340577
"387","ITEM10CWFRISKIES_Retailer","2022-01-29","Cross","CW FRISKIES 05.5OZ 12CT",2,"CW FRISKIES 05.5OZ 12CT","Wet Cat","Brookshire",125.250235281076,125.250235281076
"388","ITEM11CWFANCYFEASTMEDLEYS_Retailer","2022-01-29","Within","Pantry Loading",2,"CW FANCY FEAST MEDLEYS 03OZ 12CT","Wet Cat","Brookshire",9.27537252766592,0
"389","ITEM11CWFANCYFEASTMEDLEYS_Retailer","2022-02-05","Within","Pantry Loading",2,"CW FANCY FEAST MEDLEYS 03OZ 12CT","Wet Cat","Brookshire",41.7592792197902,0
"390","ITEM29CWFANCYFEASTSAVRYCNTR_Retailer","2021-06-19","Within","Pantry Loading",1,"CW FANCY FEAST SAVRY CNTR 03OZ","Wet Cat","Brookshire",4.21401348481396,0
"391","ITEM29CWFANCYFEASTSAVRYCNTR_Retailer","2021-06-26","Within","Pantry Loading",1,"CW FANCY FEAST SAVRY CNTR 03OZ","Wet Cat","Brookshire",6.02438506734576,0
"392","ITEM29CWFANCYFEASTSAVRYCNTR_Retailer","2021-07-03","Within","Pantry Loading",1,"CW FANCY FEAST SAVRY CNTR 03OZ","Wet Cat","Brookshire",4.16771964947683,0
"393","ITEM29CWFANCYFEASTSAVRYCNTR_Retailer","2021-07-10","Within","Pantry Loading",1,"CW FANCY FEAST SAVRY CNTR 03OZ","Wet Cat","Brookshire",6.25628814302593,0
"394","ITEM29CWFANCYFEASTSAVRYCNTR_Retailer","2021-07-17","Within","Pantry Loading",1,"CW FANCY FEAST SAVRY CNTR 03OZ","Wet Cat","Brookshire",4.20978208812349,0
"395","ITEM29CWFANCYFEASTSAVRYCNTR_Retailer","2021-07-24","Within","Pantry Loading",1,"CW FANCY FEAST SAVRY CNTR 03OZ","Wet Cat","Brookshire",3.54583697902874,0
"396","ITEM29CWFANCYFEASTSAVRYCNTR_Retailer","2021-07-31","Within","Pantry Loading",1,"CW FANCY FEAST SAVRY CNTR 03OZ","Wet Cat","Brookshire",4.59495555144715,0
"397","ITEM29CWFANCYFEASTSAVRYCNTR_Retailer","2021-08-07","Within","Pantry Loading",1,"CW FANCY FEAST SAVRY CNTR 03OZ","Wet Cat","Brookshire",1.45674221121061,0
"398","ITEM29CWFANCYFEASTSAVRYCNTR_Retailer","2021-10-09","Within","Pantry Loading",1,"CW FANCY FEAST SAVRY CNTR 03OZ","Wet Cat","Brookshire",0.493080327742512,0
"399","ITEM29CWFANCYFEASTSAVRYCNTR_Retailer","2021-11-06","Within","Pantry Loading",1,"CW FANCY FEAST SAVRY CNTR 03OZ","Wet Cat","Brookshire",0.426900936318787,0
"400","ITEM36CWFANCYFEASTSAVRYCNTR_Retailer","2021-11-20","Within","Pantry Loading",1,"CW FANCY FEAST SAVRY CNTR 03OZ 12CT","Wet Cat","Brookshire",2.61628310677194,2.61628310677194
"401","ITEM36CWFANCYFEASTSAVRYCNTR_Retailer","2022-01-15","Within","Pantry Loading",1,"CW FANCY FEAST SAVRY CNTR 03OZ 12CT","Wet Cat","Brookshire",4.54684410345254,0
"402","ITEM36CWFANCYFEASTSAVRYCNTR_Retailer","2022-01-29","Within","Pantry Loading",1,"CW FANCY FEAST SAVRY CNTR 03OZ 12CT","Wet Cat","Brookshire",12.2536615816636,0
"403","ITEM36CWFANCYFEASTSAVRYCNTR_Retailer","2022-02-05","Within","Pantry Loading",1,"CW FANCY FEAST SAVRY CNTR 03OZ 12CT","Wet Cat","Brookshire",15.4575599204246,0
"404","ITEM36CWFANCYFEASTSAVRYCNTR_Retailer","2022-02-12","Within","Pantry Loading",1,"CW FANCY FEAST SAVRY CNTR 03OZ 12CT","Wet Cat","Brookshire",16.4481073113787,0
"405","ITEM36CWFANCYFEASTSAVRYCNTR_Retailer","2022-02-19","Within","Pantry Loading",1,"CW FANCY FEAST SAVRY CNTR 03OZ 12CT","Wet Cat","Brookshire",9.38983006842082,0
"406","ITEM36CWFANCYFEASTSAVRYCNTR_Retailer","2022-02-26","Within","Pantry Loading",1,"CW FANCY FEAST SAVRY CNTR 03OZ 12CT","Wet Cat","Brookshire",6.32809521216571,0
"407","ITEM36CWFANCYFEASTSAVRYCNTR_Retailer","2022-03-12","Within","Pantry Loading",1,"CW FANCY FEAST SAVRY CNTR 03OZ 12CT","Wet Cat","Brookshire",1.48082263880722,0
"408","ITEM36CWFANCYFEASTSAVRYCNTR_Retailer","2022-04-16","Within","Pantry Loading",1,"CW FANCY FEAST SAVRY CNTR 03OZ 12CT","Wet Cat","Brookshire",5.66209976938603,0
"409","ITEM36CWFANCYFEASTSAVRYCNTR_Retailer","2022-04-30","Within","Pantry Loading",1,"CW FANCY FEAST SAVRY CNTR 03OZ 12CT","Wet Cat","Brookshire",1.87400946017631,0
"410","ITEM36CWFANCYFEASTSAVRYCNTR_Retailer","2022-06-04","Within","Pantry Loading",1,"CW FANCY FEAST SAVRY CNTR 03OZ 12CT","Wet Cat","Brookshire",6.79074411027896,0
"411","ITEM3CWFANCYFEASTML_Retailer","2022-09-17","Cross","CW FANCY FEAST ML 03OZ",2,"CW FANCY FEAST ML 03OZ","Wet Cat","Brookshire",12.4323680640686,0
"412","ITEM3CWFANCYFEASTML_Retailer","2022-09-17","Within","Pantry Loading",2,"CW FANCY FEAST ML 03OZ","Wet Cat","Brookshire",234.26158819701,0
"413","ITEM3CWFANCYFEASTML_Retailer","2022-10-08","Cross","CW FANCY FEAST ML 03OZ",2,"CW FANCY FEAST ML 03OZ","Wet Cat","Brookshire",49.9881741716426,0
"414","ITEM3CWFANCYFEASTML_Retailer","2022-10-08","Within","Pantry Loading",2,"CW FANCY FEAST ML 03OZ","Wet Cat","Brookshire",963.293621455237,0
"415","ITEM8CWFANCYFEASTBROTHS_Retailer","2021-12-04","Within","Pantry Loading",2,"CW FANCY FEAST BROTHS 01.4OZ","Wet Cat","Brookshire",0,58.4326597584273
"416","ITEM8CWFANCYFEASTBROTHS_Retailer","2021-12-11","Within","Pantry Loading",2,"CW FANCY FEAST BROTHS 01.4OZ","Wet Cat","Brookshire",0,83.8582009064494
"417","ITEM8CWFANCYFEASTBROTHS_Retailer","2021-12-18","Within","Pantry Loading",2,"CW FANCY FEAST BROTHS 01.4OZ","Wet Cat","Brookshire",0,65.7468423350142
"418","ITEM8CWFANCYFEASTBROTHS_Retailer","2021-12-25","Within","Pantry Loading",2,"CW FANCY FEAST BROTHS 01.4OZ","Wet Cat","Brookshire",61.6000899942383,61.6000899942383
"419","ITEM8CWFANCYFEASTBROTHS_Retailer","2022-01-01","Within","Pantry Loading",2,"CW FANCY FEAST BROTHS 01.4OZ","Wet Cat","Brookshire",44.7694623901869,44.7694623901869
"420","ITEM8CWFANCYFEASTBROTHS_Retailer","2022-01-08","Within","Pantry Loading",2,"CW FANCY FEAST BROTHS 01.4OZ","Wet Cat","Brookshire",33.9832970888427,33.9832970888427
"421","ITEM14ALPO_Retailer","2022-03-26","Within","Pantry Loading",1,"DW ALPO 13.0-13.2OZ","Wet Dog","Brookshire",2604.1142335312,3279.54521886697
"422","ITEM14ALPO_Retailer","2022-04-02","Within","Pantry Loading",1,"DW ALPO 13.0-13.2OZ","Wet Dog","Brookshire",2213.18361735003,2213.18361735003
"423","ITEM14ALPO_Retailer","2022-04-30","Within","Pantry Loading",1,"DW ALPO 13.0-13.2OZ","Wet Dog","Brookshire",1553.75491075443,4372.67660882679
"424","ITEM14ALPO_Retailer","2022-05-07","Within","Pantry Loading",1,"DW ALPO 13.0-13.2OZ","Wet Dog","Brookshire",2636.8447815736,5974.10887094423
"425","ITEM14ALPO_Retailer","2022-06-25","Within","Pantry Loading",1,"DW ALPO 13.0-13.2OZ","Wet Dog","Brookshire",133.966669248043,0
"426","ITEM14ALPO_Retailer","2022-07-09","Within","Pantry Loading",1,"DW ALPO 13.0-13.2OZ","Wet Dog","Brookshire",21.1332522181745,0
"427","ITEM14ALPO_Retailer","2022-07-23","Within","Pantry Loading",1,"DW ALPO 13.0-13.2OZ","Wet Dog","Brookshire",400.292295890741,0
"428","ITEM14ALPO_Retailer","2022-09-10","Within","Pantry Loading",1,"DW ALPO 13.0-13.2OZ","Wet Dog","Brookshire",45.3049175816863,0
"429","ITEM14ALPO_Retailer","2022-09-17","Within","Pantry Loading",1,"DW ALPO 13.0-13.2OZ","Wet Dog","Brookshire",19.9144051973662,0
"430","ITEM14ALPO_Retailer","2022-10-01","Within","Pantry Loading",1,"DW ALPO 13.0-13.2OZ","Wet Dog","Brookshire",16.5823562491343,0
"431","ITEM14ALPO_Retailer","2022-10-08","Within","Pantry Loading",1,"DW ALPO 13.0-13.2OZ","Wet Dog","Brookshire",13.043838627376,0
"432","ITEM14ALPO_Retailer","2022-12-03","Within","Pantry Loading",1,"DW ALPO 13.0-13.2OZ","Wet Dog","Brookshire",0.98127232679067,0
"433","ITEM14ALPO_Retailer","2022-12-10","Within","Pantry Loading",1,"DW ALPO 13.0-13.2OZ","Wet Dog","Brookshire",5.14445847713788,0
"434","ITEM14ALPO_Retailer","2022-12-17","Within","Pantry Loading",1,"DW ALPO 13.0-13.2OZ","Wet Dog","Brookshire",8.27240194610747,0
"435","ITEM234BELLA_Retailer","2022-10-29","Within","Pantry Loading",2,"DW BELLA 03.5OZ","Wet Dog","Brookshire",152.735495209755,0
"436","ITEM234BELLA_Retailer","2022-12-10","Within","Pantry Loading",2,"DW BELLA 03.5OZ","Wet Dog","Brookshire",0,183.740851112234
"437","ITEM234BELLA_Retailer","2022-12-24","Within","Pantry Loading",2,"DW BELLA 03.5OZ","Wet Dog","Brookshire",55.7839519577823,57.7422362133109
"438","ITEM26DOGCHOWML_Retailer","2022-09-17","Within","Pantry Loading",1,"DW DOG CHOW ML 13 OZ","Wet Dog","Brookshire",105.800117735478,0
"439","ITEM26DOGCHOWML_Retailer","2022-09-24","Within","Pantry Loading",1,"DW DOG CHOW ML 13 OZ","Wet Dog","Brookshire",177.856025039754,0
"440","ITEM26DOGCHOWML_Retailer","2022-10-15","Within","Pantry Loading",1,"DW DOG CHOW ML 13 OZ","Wet Dog","Brookshire",85.1663488621799,0
"441","ITEM291PUPPYCHOW_Retailer","2022-03-12","Within","Pantry Loading",1,"DW PUPPY CHOW 05.5OZ 8 CT","Wet Dog","Brookshire",60.7408282531943,8.59591827756009
"442","ITEM291PUPPYCHOW_Retailer","2022-03-19","Within","Pantry Loading",1,"DW PUPPY CHOW 05.5OZ 8 CT","Wet Dog","Brookshire",54.335249374204,25.920689466806
"443","ITEM291PUPPYCHOW_Retailer","2022-03-26","Within","Pantry Loading",1,"DW PUPPY CHOW 05.5OZ 8 CT","Wet Dog","Brookshire",39.6723341824942,3.21837050993553
"444","ITEM291PUPPYCHOW_Retailer","2022-04-02","Within","Pantry Loading",1,"DW PUPPY CHOW 05.5OZ 8 CT","Wet Dog","Brookshire",31.0084007483458,2.80000835936031
"445","ITEM291PUPPYCHOW_Retailer","2022-04-09","Within","Pantry Loading",1,"DW PUPPY CHOW 05.5OZ 8 CT","Wet Dog","Brookshire",26.3557245663963,0.817411573699632
"446","ITEM291PUPPYCHOW_Retailer","2022-04-16","Within","Pantry Loading",1,"DW PUPPY CHOW 05.5OZ 8 CT","Wet Dog","Brookshire",24.8999912169469,0.613199859505206
"447","ITEM291PUPPYCHOW_Retailer","2022-04-23","Within","Pantry Loading",1,"DW PUPPY CHOW 05.5OZ 8 CT","Wet Dog","Brookshire",28.8511105009966,0
"448","ITEM291PUPPYCHOW_Retailer","2022-04-30","Within","Pantry Loading",1,"DW PUPPY CHOW 05.5OZ 8 CT","Wet Dog","Brookshire",19.6168102202038,0
"449","ITEM291PUPPYCHOW_Retailer","2022-05-07","Within","Pantry Loading",1,"DW PUPPY CHOW 05.5OZ 8 CT","Wet Dog","Brookshire",18.8576592707151,0
"450","ITEM291PUPPYCHOW_Retailer","2022-05-14","Within","Pantry Loading",1,"DW PUPPY CHOW 05.5OZ 8 CT","Wet Dog","Brookshire",11.3677407789813,0
"451","ITEM291PUPPYCHOW_Retailer","2022-05-21","Within","Pantry Loading",1,"DW PUPPY CHOW 05.5OZ 8 CT","Wet Dog","Brookshire",6.17397428642833,0
"452","ITEM32ALPO_Retailer","2021-02-27","Within","Pantry Loading",1,"DW ALPO 13.2OZ 12CT","Wet Dog","Brookshire",33.1905039384339,0
"453","ITEM32ALPO_Retailer","2021-03-06","Within","Pantry Loading",1,"DW ALPO 13.2OZ 12CT","Wet Dog","Brookshire",23.1861689948061,0
"454","ITEM32ALPO_Retailer","2021-03-13","Within","Pantry Loading",1,"DW ALPO 13.2OZ 12CT","Wet Dog","Brookshire",0.812198332938809,0
"455","ITEM32ALPO_Retailer","2021-03-20","Within","Pantry Loading",1,"DW ALPO 13.2OZ 12CT","Wet Dog","Brookshire",14.3101053080313,0
"456","ITEM32ALPO_Retailer","2022-10-08","Within","Pantry Loading",1,"DW ALPO 13.2OZ 12CT","Wet Dog","Brookshire",54.4125618031087,0
"457","ITEM32ALPO_Retailer","2022-12-10","Within","Pantry Loading",1,"DW ALPO 13.2OZ 12CT","Wet Dog","Brookshire",6.20017330317553,0
"458","ITEM32ALPO_Retailer","2022-12-24","Within","Pantry Loading",1,"DW ALPO 13.2OZ 12CT","Wet Dog","Brookshire",31.8812970316165,0
"459","ITEM49BEYONDREGIONAL_Retailer","2022-03-12","Within","Pantry Loading",1,"DW BEYOND PREMIUM 13OZ","Wet Dog","Brookshire",2.97158104174208,0
"460","ITEM49BEYONDREGIONAL_Retailer","2022-03-19","Within","Pantry Loading",1,"DW BEYOND PREMIUM 13OZ","Wet Dog","Brookshire",6.72302027216414,0
"461","ITEM49BEYONDREGIONAL_Retailer","2022-03-26","Within","Pantry Loading",1,"DW BEYOND PREMIUM 13OZ","Wet Dog","Brookshire",5.11327785466738,0
"462","ITEM49BEYONDREGIONAL_Retailer","2022-04-02","Within","Pantry Loading",1,"DW BEYOND PREMIUM 13OZ","Wet Dog","Brookshire",5.53196581171318,0
"463","ITEM49BEYONDREGIONAL_Retailer","2022-04-09","Within","Pantry Loading",1,"DW BEYOND PREMIUM 13OZ","Wet Dog","Brookshire",5.38114942028618,0
"464","ITEM49BEYONDREGIONAL_Retailer","2022-04-16","Within","Pantry Loading",1,"DW BEYOND PREMIUM 13OZ","Wet Dog","Brookshire",0.0329953665952143,0
"465","ITEM49BEYONDREGIONAL_Retailer","2022-04-23","Within","Pantry Loading",1,"DW BEYOND PREMIUM 13OZ","Wet Dog","Brookshire",2.12026863294725,0
"466","ITEM49BEYONDREGIONAL_Retailer","2022-05-14","Within","Pantry Loading",1,"DW BEYOND PREMIUM 13OZ","Wet Dog","Brookshire",3.26188458627602,0
"467","ITEM49BEYONDREGIONAL_Retailer","2022-07-23","Within","Pantry Loading",1,"DW BEYOND PREMIUM 13OZ","Wet Dog","Brookshire",2.43320513680522,0
"468","ITEM49BEYONDREGIONAL_Retailer","2022-07-30","Within","Pantry Loading",1,"DW BEYOND PREMIUM 13OZ","Wet Dog","Brookshire",0.36758060110495,0
"469","ITEM4BENEFULINCRBITE_Retailer","2022-03-19","Cross","DW PURINA ONE 13OZ 06CT",2,"DW BENEFUL 03OZ 03CT","Wet Dog","Brookshire",288.877397621865,30.392371188928
"470","ITEM4BENEFULINCRBITE_Retailer","2022-03-19","Within","Pantry Loading",2,"DW BENEFUL 03OZ 03CT","Wet Dog","Brookshire",10.3235799317183,1.08612884173809
"471","ITEM4BENEFULINCRBITE_Retailer","2022-03-26","Cross","DW PURINA ONE 13OZ 06CT",2,"DW BENEFUL 03OZ 03CT","Wet Dog","Brookshire",264.175282837104,53.2841332236657
"472","ITEM4BENEFULINCRBITE_Retailer","2022-03-26","Within","Pantry Loading",2,"DW BENEFUL 03OZ 03CT","Wet Dog","Brookshire",9.26498559710394,1.86874684705397
"473","ITEM4BENEFULINCRBITE_Retailer","2022-04-02","Cross","DW PURINA ONE 13OZ 06CT",2,"DW BENEFUL 03OZ 03CT","Wet Dog","Brookshire",0,42.2555163647894
"474","ITEM4BENEFULINCRBITE_Retailer","2022-04-02","Within","Pantry Loading",2,"DW BENEFUL 03OZ 03CT","Wet Dog","Brookshire",0,1.90072668838114
"475","ITEM4BENEFULINCRBITE_Retailer","2022-04-16","Cross","DW PURINA ONE 13OZ 06CT",2,"DW BENEFUL 03OZ 03CT","Wet Dog","Brookshire",0,306.224100263756
"476","ITEM4BENEFULINCRBITE_Retailer","2022-04-16","Within","Pantry Loading",2,"DW BENEFUL 03OZ 03CT","Wet Dog","Brookshire",0,13.3985997283711
"477","ITEM4BENEFULINCRBITE_Retailer","2022-04-30","Cross","DW PURINA ONE 13OZ 06CT",2,"DW BENEFUL 03OZ 03CT","Wet Dog","Brookshire",0,222.60503381856
"478","ITEM4BENEFULINCRBITE_Retailer","2022-04-30","Within","Pantry Loading",2,"DW BENEFUL 03OZ 03CT","Wet Dog","Brookshire",0,6.23803240719942
"479","ITEM4BENEFULINCRBITE_Retailer","2022-05-07","Cross","DW PURINA ONE 13OZ 06CT",2,"DW BENEFUL 03OZ 03CT","Wet Dog","Brookshire",485.012555955604,0
"480","ITEM4BENEFULINCRBITE_Retailer","2022-05-07","Within","Pantry Loading",2,"DW BENEFUL 03OZ 03CT","Wet Dog","Brookshire",14.8514056216635,0
"481","ITEM4BENEFULINCRBITE_Retailer","2022-05-14","Cross","DW PURINA ONE 13OZ 06CT",2,"DW BENEFUL 03OZ 03CT","Wet Dog","Brookshire",66.1085908169321,0
"482","ITEM4BENEFULINCRBITE_Retailer","2022-05-14","Within","Pantry Loading",2,"DW BENEFUL 03OZ 03CT","Wet Dog","Brookshire",1.83790993395852,0
"483","ITEM4BENEFULINCRBITE_Retailer","2022-05-21","Cross","DW PURINA ONE 13OZ 06CT",2,"DW BENEFUL 03OZ 03CT","Wet Dog","Brookshire",27.5480313951933,0
"484","ITEM4BENEFULINCRBITE_Retailer","2022-05-21","Within","Pantry Loading",2,"DW BENEFUL 03OZ 03CT","Wet Dog","Brookshire",0.747680200844715,0
"485","ITEM4BENEFULINCRBITE_Retailer","2022-08-13","Cross","DW PURINA ONE 13OZ 06CT",2,"DW BENEFUL 03OZ 03CT","Wet Dog","Brookshire",128.33415053959,263.203989885471
"486","ITEM4BENEFULINCRBITE_Retailer","2022-08-13","Within","Pantry Loading",2,"DW BENEFUL 03OZ 03CT","Wet Dog","Brookshire",3.95742295254979,8.11638606244653
"487","ITEM4BENEFULINCRBITE_Retailer","2022-08-20","Cross","DW PURINA ONE 13OZ 06CT",2,"DW BENEFUL 03OZ 03CT","Wet Dog","Brookshire",0,47.0682427742173
"488","ITEM4BENEFULINCRBITE_Retailer","2022-08-20","Within","Pantry Loading",2,"DW BENEFUL 03OZ 03CT","Wet Dog","Brookshire",0,1.49530056120953
"489","ITEM4BENEFULINCRBITE_Retailer","2022-08-27","Cross","DW PURINA ONE 13OZ 06CT",2,"DW BENEFUL 03OZ 03CT","Wet Dog","Brookshire",0,94.6608335226766
"490","ITEM4BENEFULINCRBITE_Retailer","2022-08-27","Within","Pantry Loading",2,"DW BENEFUL 03OZ 03CT","Wet Dog","Brookshire",0,3.15771073898254
"491","ITEM4BENEFULINCRBITE_Retailer","2022-09-03","Cross","DW PURINA ONE 13OZ 06CT",2,"DW BENEFUL 03OZ 03CT","Wet Dog","Brookshire",0,129.850028727912
"492","ITEM4BENEFULINCRBITE_Retailer","2022-09-03","Within","Pantry Loading",2,"DW BENEFUL 03OZ 03CT","Wet Dog","Brookshire",0,3.81106105049497
"493","ITEM4BENEFULINCRBITE_Retailer","2022-09-10","Cross","DW PURINA ONE 13OZ 06CT",2,"DW BENEFUL 03OZ 03CT","Wet Dog","Brookshire",53.2011866257022,187.585737957041
"494","ITEM4BENEFULINCRBITE_Retailer","2022-09-10","Within","Pantry Loading",2,"DW BENEFUL 03OZ 03CT","Wet Dog","Brookshire",1.63992546942512,5.78232646465142
"495","ITEM4BENEFULINCRBITE_Retailer","2022-10-22","Cross","DW PURINA ONE 13OZ 06CT",2,"DW BENEFUL 03OZ 03CT","Wet Dog","Brookshire",113.797692820626,0
"496","ITEM4BENEFULINCRBITE_Retailer","2022-10-22","Within","Pantry Loading",2,"DW BENEFUL 03OZ 03CT","Wet Dog","Brookshire",3.16427843528778,0
